mode: set
goldbox-rpg/cmd/content-creator/main.go:31.27,44.2 12 0
goldbox-rpg/cmd/content-creator/main.go:47.19,84.2 1 0
goldbox-rpg/cmd/content-creator/main.go:87.13,89.33 2 0
goldbox-rpg/cmd/content-creator/main.go:89.33,92.3 2 0
goldbox-rpg/cmd/content-creator/main.go:96.29,97.27 1 0
goldbox-rpg/cmd/content-creator/main.go:97.27,100.3 2 0
goldbox-rpg/cmd/content-creator/main.go:102.2,102.42 1 0
goldbox-rpg/cmd/content-creator/main.go:103.15,104.26 1 0
goldbox-rpg/cmd/content-creator/main.go:105.14,106.25 1 0
goldbox-rpg/cmd/content-creator/main.go:107.10,108.84 1 0
goldbox-rpg/cmd/content-creator/main.go:113.37,117.24 2 0
goldbox-rpg/cmd/content-creator/main.go:117.24,120.17 3 0
goldbox-rpg/cmd/content-creator/main.go:120.17,122.4 1 0
goldbox-rpg/cmd/content-creator/main.go:126.2,126.21 1 0
goldbox-rpg/cmd/content-creator/main.go:126.21,129.17 3 0
goldbox-rpg/cmd/content-creator/main.go:129.17,131.4 1 0
goldbox-rpg/cmd/content-creator/main.go:132.8,132.31 1 0
goldbox-rpg/cmd/content-creator/main.go:132.31,135.3 2 0
goldbox-rpg/cmd/content-creator/main.go:138.2,138.45 1 0
goldbox-rpg/cmd/content-creator/main.go:138.45,140.3 1 0
goldbox-rpg/cmd/content-creator/main.go:142.2,142.43 1 0
goldbox-rpg/cmd/content-creator/main.go:146.65,214.9 3 0
goldbox-rpg/cmd/content-creator/main.go:214.9,216.3 1 0
goldbox-rpg/cmd/content-creator/main.go:217.2,217.19 1 0
goldbox-rpg/cmd/content-creator/main.go:221.60,245.2 19 0
goldbox-rpg/cmd/content-creator/main.go:248.89,256.17 7 0
goldbox-rpg/cmd/content-creator/main.go:256.17,258.3 1 0
goldbox-rpg/cmd/content-creator/main.go:261.2,261.73 1 0
goldbox-rpg/cmd/content-creator/main.go:261.73,263.3 1 0
goldbox-rpg/cmd/content-creator/main.go:266.2,267.31 2 0
goldbox-rpg/cmd/content-creator/main.go:267.31,268.20 1 0
goldbox-rpg/cmd/content-creator/main.go:268.20,270.4 1 0
goldbox-rpg/cmd/content-creator/main.go:273.2,274.16 2 0
goldbox-rpg/cmd/content-creator/main.go:278.44,279.20 1 0
goldbox-rpg/cmd/content-creator/main.go:279.20,281.3 1 0
goldbox-rpg/cmd/content-creator/main.go:282.2,282.22 1 0
goldbox-rpg/cmd/content-creator/main.go:282.22,284.3 1 0
goldbox-rpg/cmd/content-creator/main.go:285.2,285.40 1 0
goldbox-rpg/cmd/content-creator/main.go:285.40,287.3 1 0
goldbox-rpg/cmd/content-creator/main.go:288.2,288.21 1 0
goldbox-rpg/cmd/content-creator/main.go:288.21,290.3 1 0
goldbox-rpg/cmd/content-creator/main.go:291.2,291.12 1 0
goldbox-rpg/cmd/content-creator/main.go:295.61,297.16 2 0
goldbox-rpg/cmd/content-creator/main.go:297.16,299.3 1 0
goldbox-rpg/cmd/content-creator/main.go:301.2,304.22 2 0
goldbox-rpg/cmd/content-creator/main.go:304.22,307.3 2 0
goldbox-rpg/cmd/content-creator/main.go:309.2,309.72 1 0
goldbox-rpg/cmd/content-creator/main.go:309.72,311.3 1 0
goldbox-rpg/cmd/content-creator/main.go:313.2,314.12 2 0
goldbox-rpg/cmd/content-creator/main.go:318.36,321.24 2 0
goldbox-rpg/cmd/content-creator/main.go:321.24,324.17 3 0
goldbox-rpg/cmd/content-creator/main.go:324.17,326.4 1 0
goldbox-rpg/cmd/content-creator/main.go:329.2,329.21 1 0
goldbox-rpg/cmd/content-creator/main.go:329.21,332.17 3 0
goldbox-rpg/cmd/content-creator/main.go:332.17,334.4 1 0
goldbox-rpg/cmd/content-creator/main.go:335.8,335.31 1 0
goldbox-rpg/cmd/content-creator/main.go:335.31,338.3 2 0
goldbox-rpg/cmd/content-creator/main.go:340.2,340.43 1 0
goldbox-rpg/cmd/content-creator/main.go:340.43,342.3 1 0
goldbox-rpg/cmd/content-creator/main.go:344.2,344.41 1 0
goldbox-rpg/cmd/content-creator/main.go:348.63,387.9 3 0
goldbox-rpg/cmd/content-creator/main.go:387.9,389.3 1 0
goldbox-rpg/cmd/content-creator/main.go:390.2,390.18 1 0
goldbox-rpg/cmd/content-creator/main.go:394.57,407.27 10 0
goldbox-rpg/cmd/content-creator/main.go:407.27,409.3 1 0
goldbox-rpg/cmd/content-creator/main.go:411.2,411.26 1 0
goldbox-rpg/cmd/content-creator/main.go:411.26,413.3 1 0
goldbox-rpg/cmd/content-creator/main.go:416.2,421.17 6 0
goldbox-rpg/cmd/content-creator/main.go:421.17,423.30 2 0
goldbox-rpg/cmd/content-creator/main.go:423.30,425.15 2 0
goldbox-rpg/cmd/content-creator/main.go:425.15,427.5 1 0
goldbox-rpg/cmd/content-creator/main.go:431.2,431.18 1 0
goldbox-rpg/cmd/content-creator/main.go:435.41,436.19 1 0
goldbox-rpg/cmd/content-creator/main.go:436.19,438.3 1 0
goldbox-rpg/cmd/content-creator/main.go:439.2,439.21 1 0
goldbox-rpg/cmd/content-creator/main.go:439.21,441.3 1 0
goldbox-rpg/cmd/content-creator/main.go:442.2,442.20 1 0
goldbox-rpg/cmd/content-creator/main.go:442.20,444.3 1 0
goldbox-rpg/cmd/content-creator/main.go:445.2,445.12 1 0
goldbox-rpg/cmd/content-creator/main.go:449.58,451.16 2 0
goldbox-rpg/cmd/content-creator/main.go:451.16,453.3 1 0
goldbox-rpg/cmd/content-creator/main.go:455.2,458.22 2 0
goldbox-rpg/cmd/content-creator/main.go:458.22,461.3 2 0
goldbox-rpg/cmd/content-creator/main.go:463.2,463.72 1 0
goldbox-rpg/cmd/content-creator/main.go:463.72,465.3 1 0
goldbox-rpg/cmd/content-creator/main.go:467.2,468.12 2 0
goldbox-rpg/cmd/content-creator/main.go:472.83,473.22 1 0
goldbox-rpg/cmd/content-creator/main.go:473.22,475.3 1 0
goldbox-rpg/cmd/content-creator/main.go:475.8,475.25 1 0
goldbox-rpg/cmd/content-creator/main.go:475.25,477.3 1 0
goldbox-rpg/cmd/content-creator/main.go:477.8,479.3 1 0
goldbox-rpg/cmd/content-creator/main.go:481.2,484.17 3 0
goldbox-rpg/cmd/content-creator/main.go:484.17,485.23 1 0
goldbox-rpg/cmd/content-creator/main.go:485.23,487.4 1 0
goldbox-rpg/cmd/content-creator/main.go:488.3,488.19 1 0
goldbox-rpg/cmd/content-creator/main.go:488.19,490.4 1 0
goldbox-rpg/cmd/content-creator/main.go:492.2,492.14 1 0
goldbox-rpg/cmd/content-creator/main.go:496.73,501.17 4 0
goldbox-rpg/cmd/content-creator/main.go:501.17,503.3 1 0
goldbox-rpg/cmd/content-creator/main.go:505.2,506.16 2 0
goldbox-rpg/cmd/content-creator/main.go:506.16,509.3 2 0
goldbox-rpg/cmd/content-creator/main.go:510.2,510.12 1 0
goldbox-rpg/cmd/dungeon-demo/main.go:54.37,68.2 1 1
goldbox-rpg/cmd/dungeon-demo/main.go:70.13,71.30 1 1
goldbox-rpg/cmd/dungeon-demo/main.go:71.30,74.3 2 0
goldbox-rpg/cmd/dungeon-demo/main.go:78.18,84.16 5 1
goldbox-rpg/cmd/dungeon-demo/main.go:84.16,86.3 1 0
goldbox-rpg/cmd/dungeon-demo/main.go:88.2,89.12 2 1
goldbox-rpg/cmd/dungeon-demo/main.go:95.70,107.16 9 1
goldbox-rpg/cmd/dungeon-demo/main.go:107.16,115.3 2 0
goldbox-rpg/cmd/dungeon-demo/main.go:117.2,118.9 2 1
goldbox-rpg/cmd/dungeon-demo/main.go:118.9,125.3 2 0
goldbox-rpg/cmd/dungeon-demo/main.go:127.2,136.21 2 1
goldbox-rpg/cmd/dungeon-demo/main.go:141.76,157.44 13 1
goldbox-rpg/cmd/dungeon-demo/main.go:157.44,164.36 4 1
goldbox-rpg/cmd/dungeon-demo/main.go:164.36,166.4 1 1
goldbox-rpg/cmd/dungeon-demo/main.go:168.3,169.42 2 1
goldbox-rpg/cmd/dungeon-demo/main.go:169.42,171.4 1 1
goldbox-rpg/cmd/dungeon-demo/main.go:172.3,175.33 2 1
goldbox-rpg/cmd/dungeon-demo/main.go:175.33,177.4 1 1
goldbox-rpg/cmd/dungeon-demo/main.go:180.2,183.34 2 1
goldbox-rpg/cmd/dungeon-demo/main.go:183.34,185.44 2 1
goldbox-rpg/cmd/dungeon-demo/main.go:185.44,190.4 1 1
goldbox-rpg/cmd/dungeon-demo/main.go:193.2,195.91 3 1
goldbox-rpg/cmd/dungeon-demo/main.go:198.61,199.19 1 1
goldbox-rpg/cmd/dungeon-demo/main.go:199.19,202.3 2 1
goldbox-rpg/cmd/dungeon-demo/main.go:203.2,203.15 1 1
goldbox-rpg/cmd/dungeon-demo/main.go:206.62,220.2 1 1
goldbox-rpg/cmd/dungeon-demo/main.go:222.88,255.2 1 1
goldbox-rpg/cmd/bootstrap-demo/main.go:96.39,98.21 1 1
goldbox-rpg/cmd/bootstrap-demo/main.go:98.21,100.3 1 1
goldbox-rpg/cmd/bootstrap-demo/main.go:103.2,103.26 1 1
goldbox-rpg/cmd/bootstrap-demo/main.go:103.26,104.24 1 1
goldbox-rpg/cmd/bootstrap-demo/main.go:104.24,106.4 1 1
goldbox-rpg/cmd/bootstrap-demo/main.go:107.3,107.13 1 1
goldbox-rpg/cmd/bootstrap-demo/main.go:111.2,111.37 1 1
goldbox-rpg/cmd/bootstrap-demo/main.go:111.37,113.3 1 1
goldbox-rpg/cmd/bootstrap-demo/main.go:116.2,116.47 1 1
goldbox-rpg/cmd/bootstrap-demo/main.go:116.47,118.3 1 1
goldbox-rpg/cmd/bootstrap-demo/main.go:121.2,121.41 1 1
goldbox-rpg/cmd/bootstrap-demo/main.go:121.41,123.3 1 1
goldbox-rpg/cmd/bootstrap-demo/main.go:126.2,126.22 1 1
goldbox-rpg/cmd/bootstrap-demo/main.go:126.22,128.3 1 1
goldbox-rpg/cmd/bootstrap-demo/main.go:131.2,131.25 1 1
goldbox-rpg/cmd/bootstrap-demo/main.go:131.25,133.3 1 1
goldbox-rpg/cmd/bootstrap-demo/main.go:136.2,136.23 1 1
goldbox-rpg/cmd/bootstrap-demo/main.go:136.23,138.3 1 1
goldbox-rpg/cmd/bootstrap-demo/main.go:140.2,140.12 1 1
goldbox-rpg/cmd/bootstrap-demo/main.go:143.13,144.30 1 0
goldbox-rpg/cmd/bootstrap-demo/main.go:144.30,147.3 2 0
goldbox-rpg/cmd/bootstrap-demo/main.go:152.18,157.42 3 1
goldbox-rpg/cmd/bootstrap-demo/main.go:157.42,159.3 1 0
goldbox-rpg/cmd/bootstrap-demo/main.go:162.2,162.26 1 1
goldbox-rpg/cmd/bootstrap-demo/main.go:162.26,163.50 1 1
goldbox-rpg/cmd/bootstrap-demo/main.go:163.50,165.4 1 0
goldbox-rpg/cmd/bootstrap-demo/main.go:166.3,166.13 1 1
goldbox-rpg/cmd/bootstrap-demo/main.go:169.2,181.49 2 0
goldbox-rpg/cmd/bootstrap-demo/main.go:181.49,183.3 1 0
goldbox-rpg/cmd/bootstrap-demo/main.go:185.2,186.12 2 0
goldbox-rpg/cmd/bootstrap-demo/main.go:189.31,207.2 14 1
goldbox-rpg/cmd/bootstrap-demo/main.go:209.33,215.13 2 1
goldbox-rpg/cmd/bootstrap-demo/main.go:215.13,217.3 1 1
goldbox-rpg/cmd/bootstrap-demo/main.go:217.8,219.3 1 1
goldbox-rpg/cmd/bootstrap-demo/main.go:226.37,228.16 2 1
goldbox-rpg/cmd/bootstrap-demo/main.go:228.16,230.3 1 0
goldbox-rpg/cmd/bootstrap-demo/main.go:232.2,232.25 1 1
goldbox-rpg/cmd/bootstrap-demo/main.go:232.25,235.3 2 1
goldbox-rpg/cmd/bootstrap-demo/main.go:237.2,238.37 2 0
goldbox-rpg/cmd/bootstrap-demo/main.go:238.37,240.3 1 0
goldbox-rpg/cmd/bootstrap-demo/main.go:242.2,247.12 5 0
goldbox-rpg/cmd/bootstrap-demo/main.go:250.49,252.78 1 1
goldbox-rpg/cmd/bootstrap-demo/main.go:252.78,254.3 1 0
goldbox-rpg/cmd/bootstrap-demo/main.go:257.2,260.31 3 1
goldbox-rpg/cmd/bootstrap-demo/main.go:260.31,264.17 3 1
goldbox-rpg/cmd/bootstrap-demo/main.go:264.17,266.4 1 0
goldbox-rpg/cmd/bootstrap-demo/main.go:268.3,268.51 1 1
goldbox-rpg/cmd/bootstrap-demo/main.go:269.8,272.17 2 1
goldbox-rpg/cmd/bootstrap-demo/main.go:272.17,274.4 1 0
goldbox-rpg/cmd/bootstrap-demo/main.go:278.2,286.15 6 1
goldbox-rpg/cmd/bootstrap-demo/main.go:286.15,289.3 2 0
goldbox-rpg/cmd/bootstrap-demo/main.go:292.2,299.16 6 1
goldbox-rpg/cmd/bootstrap-demo/main.go:299.16,301.3 1 0
goldbox-rpg/cmd/bootstrap-demo/main.go:303.2,309.63 3 1
goldbox-rpg/cmd/bootstrap-demo/main.go:309.63,311.3 1 0
goldbox-rpg/cmd/bootstrap-demo/main.go:313.2,313.12 1 1
goldbox-rpg/cmd/bootstrap-demo/main.go:321.81,331.27 2 1
goldbox-rpg/cmd/bootstrap-demo/main.go:332.15,333.51 1 1
goldbox-rpg/cmd/bootstrap-demo/main.go:334.16,335.52 1 1
goldbox-rpg/cmd/bootstrap-demo/main.go:336.14,337.50 1 1
goldbox-rpg/cmd/bootstrap-demo/main.go:338.10,339.71 1 1
goldbox-rpg/cmd/bootstrap-demo/main.go:342.2,342.32 1 1
goldbox-rpg/cmd/bootstrap-demo/main.go:343.16,344.57 1 1
goldbox-rpg/cmd/bootstrap-demo/main.go:345.18,346.59 1 1
goldbox-rpg/cmd/bootstrap-demo/main.go:347.18,348.59 1 1
goldbox-rpg/cmd/bootstrap-demo/main.go:349.10,350.81 1 1
goldbox-rpg/cmd/bootstrap-demo/main.go:353.2,353.29 1 1
goldbox-rpg/cmd/bootstrap-demo/main.go:354.25,355.57 1 1
goldbox-rpg/cmd/bootstrap-demo/main.go:356.18,357.51 1 1
goldbox-rpg/cmd/bootstrap-demo/main.go:358.20,359.52 1 1
goldbox-rpg/cmd/bootstrap-demo/main.go:360.21,361.53 1 1
goldbox-rpg/cmd/bootstrap-demo/main.go:362.10,363.75 1 1
goldbox-rpg/cmd/bootstrap-demo/main.go:366.2,366.29 1 1
goldbox-rpg/cmd/bootstrap-demo/main.go:373.110,397.29 16 1
goldbox-rpg/cmd/bootstrap-demo/main.go:397.29,399.3 1 1
goldbox-rpg/cmd/bootstrap-demo/main.go:401.2,401.43 1 1
goldbox-rpg/cmd/bootstrap-demo/main.go:401.43,403.3 1 1
goldbox-rpg/cmd/bootstrap-demo/main.go:405.2,408.29 3 1
goldbox-rpg/cmd/bootstrap-demo/main.go:408.29,413.3 3 1
goldbox-rpg/cmd/bootstrap-demo/main.go:415.2,420.24 5 1
goldbox-rpg/cmd/bootstrap-demo/main.go:427.51,434.37 3 1
goldbox-rpg/cmd/bootstrap-demo/main.go:434.37,436.54 2 1
goldbox-rpg/cmd/bootstrap-demo/main.go:436.54,438.4 1 1
goldbox-rpg/cmd/bootstrap-demo/main.go:441.2,442.12 2 1
goldbox-rpg/cmd/map-editor/main.go:64.27,79.2 14 0
goldbox-rpg/cmd/map-editor/main.go:82.19,125.2 1 0
goldbox-rpg/cmd/map-editor/main.go:128.13,130.33 2 0
goldbox-rpg/cmd/map-editor/main.go:130.33,133.3 2 0
goldbox-rpg/cmd/map-editor/main.go:137.29,141.24 2 0
goldbox-rpg/cmd/map-editor/main.go:141.24,144.17 3 0
goldbox-rpg/cmd/map-editor/main.go:144.17,146.4 1 0
goldbox-rpg/cmd/map-editor/main.go:147.8,147.31 1 0
goldbox-rpg/cmd/map-editor/main.go:147.31,150.17 3 0
goldbox-rpg/cmd/map-editor/main.go:150.17,152.4 1 0
goldbox-rpg/cmd/map-editor/main.go:153.8,155.3 1 0
goldbox-rpg/cmd/map-editor/main.go:158.2,158.49 1 0
goldbox-rpg/cmd/map-editor/main.go:158.49,160.3 1 0
goldbox-rpg/cmd/map-editor/main.go:162.2,162.43 1 0
goldbox-rpg/cmd/map-editor/main.go:166.54,168.30 2 0
goldbox-rpg/cmd/map-editor/main.go:168.30,170.30 2 0
goldbox-rpg/cmd/map-editor/main.go:170.30,172.4 1 0
goldbox-rpg/cmd/map-editor/main.go:174.2,174.66 1 0
goldbox-rpg/cmd/map-editor/main.go:178.88,181.39 2 0
goldbox-rpg/cmd/map-editor/main.go:182.17,183.32 1 0
goldbox-rpg/cmd/map-editor/main.go:184.17,185.32 1 0
goldbox-rpg/cmd/map-editor/main.go:186.14,187.29 1 0
goldbox-rpg/cmd/map-editor/main.go:188.14,189.29 1 0
goldbox-rpg/cmd/map-editor/main.go:190.10,191.101 1 0
goldbox-rpg/cmd/map-editor/main.go:194.2,194.21 1 0
goldbox-rpg/cmd/map-editor/main.go:198.44,200.32 1 0
goldbox-rpg/cmd/map-editor/main.go:200.32,201.32 1 0
goldbox-rpg/cmd/map-editor/main.go:201.32,203.4 1 0
goldbox-rpg/cmd/map-editor/main.go:206.2,208.39 3 0
goldbox-rpg/cmd/map-editor/main.go:208.39,209.40 1 0
goldbox-rpg/cmd/map-editor/main.go:209.40,211.4 1 0
goldbox-rpg/cmd/map-editor/main.go:214.2,218.54 4 0
goldbox-rpg/cmd/map-editor/main.go:222.44,224.32 1 0
goldbox-rpg/cmd/map-editor/main.go:224.32,225.32 1 0
goldbox-rpg/cmd/map-editor/main.go:225.32,227.4 1 0
goldbox-rpg/cmd/map-editor/main.go:230.2,230.31 1 0
goldbox-rpg/cmd/map-editor/main.go:230.31,231.15 1 0
goldbox-rpg/cmd/map-editor/main.go:231.15,234.4 2 0
goldbox-rpg/cmd/map-editor/main.go:237.2,237.31 1 0
goldbox-rpg/cmd/map-editor/main.go:237.31,239.3 1 0
goldbox-rpg/cmd/map-editor/main.go:241.2,241.42 1 0
goldbox-rpg/cmd/map-editor/main.go:245.41,247.32 1 0
goldbox-rpg/cmd/map-editor/main.go:247.32,248.32 1 0
goldbox-rpg/cmd/map-editor/main.go:248.32,250.4 1 0
goldbox-rpg/cmd/map-editor/main.go:253.2,254.34 2 0
goldbox-rpg/cmd/map-editor/main.go:254.34,255.34 1 0
goldbox-rpg/cmd/map-editor/main.go:255.34,259.46 3 0
goldbox-rpg/cmd/map-editor/main.go:259.46,261.5 1 0
goldbox-rpg/cmd/map-editor/main.go:265.2,269.49 4 0
goldbox-rpg/cmd/map-editor/main.go:273.41,275.32 1 0
goldbox-rpg/cmd/map-editor/main.go:275.32,276.32 1 0
goldbox-rpg/cmd/map-editor/main.go:276.32,278.4 1 0
goldbox-rpg/cmd/map-editor/main.go:281.2,281.31 1 0
goldbox-rpg/cmd/map-editor/main.go:281.31,283.3 1 0
goldbox-rpg/cmd/map-editor/main.go:284.2,284.32 1 0
goldbox-rpg/cmd/map-editor/main.go:284.32,286.3 1 0
goldbox-rpg/cmd/map-editor/main.go:288.2,289.37 2 0
goldbox-rpg/cmd/map-editor/main.go:289.37,290.38 1 0
goldbox-rpg/cmd/map-editor/main.go:290.38,292.4 1 0
goldbox-rpg/cmd/map-editor/main.go:294.2,296.42 2 0
goldbox-rpg/cmd/map-editor/main.go:300.54,302.16 2 0
goldbox-rpg/cmd/map-editor/main.go:302.16,304.3 1 0
goldbox-rpg/cmd/map-editor/main.go:305.2,306.55 2 0
goldbox-rpg/cmd/map-editor/main.go:306.55,308.3 1 0
goldbox-rpg/cmd/map-editor/main.go:309.2,309.22 1 0
goldbox-rpg/cmd/map-editor/main.go:313.45,320.6 5 0
goldbox-rpg/cmd/map-editor/main.go:320.6,325.18 4 0
goldbox-rpg/cmd/map-editor/main.go:325.18,326.12 1 0
goldbox-rpg/cmd/map-editor/main.go:329.3,332.14 3 0
goldbox-rpg/cmd/map-editor/main.go:333.23,334.14 1 0
goldbox-rpg/cmd/map-editor/main.go:335.20,337.14 2 0
goldbox-rpg/cmd/map-editor/main.go:338.26,339.17 1 0
goldbox-rpg/cmd/map-editor/main.go:340.20,341.15 1 0
goldbox-rpg/cmd/map-editor/main.go:342.15,343.22 1 0
goldbox-rpg/cmd/map-editor/main.go:343.22,345.13 2 0
goldbox-rpg/cmd/map-editor/main.go:347.4,348.17 2 0
goldbox-rpg/cmd/map-editor/main.go:349.15,350.22 1 0
goldbox-rpg/cmd/map-editor/main.go:350.22,352.13 2 0
goldbox-rpg/cmd/map-editor/main.go:354.4,354.55 1 0
goldbox-rpg/cmd/map-editor/main.go:354.55,356.5 1 0
goldbox-rpg/cmd/map-editor/main.go:356.10,358.5 1 0
goldbox-rpg/cmd/map-editor/main.go:359.16,360.22 1 0
goldbox-rpg/cmd/map-editor/main.go:360.22,362.13 2 0
goldbox-rpg/cmd/map-editor/main.go:364.4,364.54 1 0
goldbox-rpg/cmd/map-editor/main.go:364.54,366.5 1 0
goldbox-rpg/cmd/map-editor/main.go:366.10,368.5 1 0
goldbox-rpg/cmd/map-editor/main.go:369.11,371.23 1 0
goldbox-rpg/cmd/map-editor/main.go:371.23,372.58 1 0
goldbox-rpg/cmd/map-editor/main.go:372.58,374.6 1 0
goldbox-rpg/cmd/map-editor/main.go:374.11,376.6 1 0
goldbox-rpg/cmd/map-editor/main.go:377.10,379.5 1 0
goldbox-rpg/cmd/map-editor/main.go:385.34,390.31 3 0
goldbox-rpg/cmd/map-editor/main.go:390.31,392.3 1 0
goldbox-rpg/cmd/map-editor/main.go:393.2,395.32 2 0
goldbox-rpg/cmd/map-editor/main.go:395.32,397.32 2 0
goldbox-rpg/cmd/map-editor/main.go:397.32,401.4 3 0
goldbox-rpg/cmd/map-editor/main.go:402.3,402.16 1 0
goldbox-rpg/cmd/map-editor/main.go:407.41,408.34 1 0
goldbox-rpg/cmd/map-editor/main.go:408.34,409.61 1 0
goldbox-rpg/cmd/map-editor/main.go:409.61,411.4 1 0
goldbox-rpg/cmd/map-editor/main.go:413.2,413.12 1 0
goldbox-rpg/cmd/map-editor/main.go:417.18,428.2 10 0
goldbox-rpg/cmd/map-editor/main.go:431.42,433.9 2 0
goldbox-rpg/cmd/map-editor/main.go:433.9,436.3 2 0
goldbox-rpg/cmd/map-editor/main.go:437.2,437.32 1 0
goldbox-rpg/cmd/map-editor/main.go:437.32,438.32 1 0
goldbox-rpg/cmd/map-editor/main.go:438.32,440.4 1 0
goldbox-rpg/cmd/map-editor/main.go:445.58,447.21 2 0
goldbox-rpg/cmd/map-editor/main.go:447.21,449.3 1 0
goldbox-rpg/cmd/map-editor/main.go:451.2,452.16 2 0
goldbox-rpg/cmd/map-editor/main.go:452.16,454.3 1 0
goldbox-rpg/cmd/map-editor/main.go:455.2,456.16 2 0
goldbox-rpg/cmd/map-editor/main.go:456.16,458.3 1 0
goldbox-rpg/cmd/map-editor/main.go:460.2,460.53 1 0
goldbox-rpg/cmd/map-editor/main.go:460.53,462.3 1 0
goldbox-rpg/cmd/map-editor/main.go:464.2,465.9 2 0
goldbox-rpg/cmd/map-editor/main.go:465.9,467.3 1 0
goldbox-rpg/cmd/map-editor/main.go:469.2,470.12 2 0
goldbox-rpg/cmd/map-editor/main.go:474.66,476.21 2 0
goldbox-rpg/cmd/map-editor/main.go:476.21,478.3 1 0
goldbox-rpg/cmd/map-editor/main.go:480.2,487.9 7 0
goldbox-rpg/cmd/map-editor/main.go:487.9,489.3 1 0
goldbox-rpg/cmd/map-editor/main.go:492.2,492.12 1 0
goldbox-rpg/cmd/map-editor/main.go:492.12,494.3 1 0
goldbox-rpg/cmd/map-editor/main.go:495.2,495.12 1 0
goldbox-rpg/cmd/map-editor/main.go:495.12,497.3 1 0
goldbox-rpg/cmd/map-editor/main.go:498.2,498.19 1 0
goldbox-rpg/cmd/map-editor/main.go:498.19,500.3 1 0
goldbox-rpg/cmd/map-editor/main.go:501.2,501.20 1 0
goldbox-rpg/cmd/map-editor/main.go:501.20,503.3 1 0
goldbox-rpg/cmd/map-editor/main.go:505.2,505.12 1 0
goldbox-rpg/cmd/map-editor/main.go:505.12,506.29 1 0
goldbox-rpg/cmd/map-editor/main.go:506.29,507.30 1 0
goldbox-rpg/cmd/map-editor/main.go:507.30,509.5 1 0
goldbox-rpg/cmd/map-editor/main.go:511.8,513.29 1 0
goldbox-rpg/cmd/map-editor/main.go:513.29,516.4 2 0
goldbox-rpg/cmd/map-editor/main.go:517.3,517.29 1 0
goldbox-rpg/cmd/map-editor/main.go:517.29,520.4 2 0
goldbox-rpg/cmd/map-editor/main.go:523.2,523.12 1 0
goldbox-rpg/cmd/map-editor/main.go:527.58,529.16 2 0
goldbox-rpg/cmd/map-editor/main.go:529.16,531.3 1 0
goldbox-rpg/cmd/map-editor/main.go:533.2,533.22 1 0
goldbox-rpg/cmd/map-editor/main.go:533.22,536.3 2 0
goldbox-rpg/cmd/map-editor/main.go:538.2,538.62 1 0
goldbox-rpg/cmd/map-editor/main.go:538.62,540.3 1 0
goldbox-rpg/cmd/map-editor/main.go:542.2,543.12 2 0
goldbox-rpg/cmd/pcg-demo/main.go:26.29,36.2 3 1
goldbox-rpg/cmd/pcg-demo/main.go:40.32,42.16 2 1
goldbox-rpg/cmd/pcg-demo/main.go:42.16,44.3 1 1
goldbox-rpg/cmd/pcg-demo/main.go:46.2,71.39 10 1
goldbox-rpg/cmd/pcg-demo/main.go:71.39,76.17 4 1
goldbox-rpg/cmd/pcg-demo/main.go:76.17,78.4 1 1
goldbox-rpg/cmd/pcg-demo/main.go:82.2,82.36 1 1
goldbox-rpg/cmd/pcg-demo/main.go:82.36,87.17 4 1
goldbox-rpg/cmd/pcg-demo/main.go:87.17,89.4 1 1
goldbox-rpg/cmd/pcg-demo/main.go:93.2,94.26 2 1
goldbox-rpg/cmd/pcg-demo/main.go:94.26,95.15 1 1
goldbox-rpg/cmd/pcg-demo/main.go:95.15,97.4 1 1
goldbox-rpg/cmd/pcg-demo/main.go:97.9,99.4 1 1
goldbox-rpg/cmd/pcg-demo/main.go:103.2,108.79 4 1
goldbox-rpg/cmd/pcg-demo/main.go:108.79,110.3 1 0
goldbox-rpg/cmd/pcg-demo/main.go:113.2,119.12 6 1
goldbox-rpg/cmd/pcg-demo/main.go:123.66,135.43 4 1
goldbox-rpg/cmd/pcg-demo/main.go:135.43,137.16 2 1
goldbox-rpg/cmd/pcg-demo/main.go:137.16,142.4 3 0
goldbox-rpg/cmd/pcg-demo/main.go:147.57,149.16 2 1
goldbox-rpg/cmd/pcg-demo/main.go:149.16,151.3 1 1
goldbox-rpg/cmd/pcg-demo/main.go:152.2,153.12 2 1
goldbox-rpg/cmd/pcg-demo/main.go:156.13,158.37 2 0
goldbox-rpg/cmd/pcg-demo/main.go:158.37,161.3 2 0
goldbox-rpg/cmd/openapi-gen/main.go:34.13,43.43 5 0
goldbox-rpg/cmd/openapi-gen/main.go:43.43,45.3 1 0
goldbox-rpg/cmd/openapi-gen/main.go:47.2,47.50 1 0
goldbox-rpg/cmd/openapi-gen/main.go:51.55,53.43 1 1
goldbox-rpg/cmd/openapi-gen/main.go:53.43,55.3 1 0
goldbox-rpg/cmd/openapi-gen/main.go:58.2,59.16 2 1
goldbox-rpg/cmd/openapi-gen/main.go:59.16,62.3 2 1
goldbox-rpg/cmd/openapi-gen/main.go:65.2,65.56 1 1
goldbox-rpg/cmd/openapi-gen/main.go:65.56,67.3 1 0
goldbox-rpg/cmd/openapi-gen/main.go:70.2,70.60 1 1
goldbox-rpg/cmd/openapi-gen/main.go:70.60,72.3 1 0
goldbox-rpg/cmd/openapi-gen/main.go:74.2,75.12 2 1
goldbox-rpg/cmd/openapi-gen/main.go:79.86,82.29 2 1
goldbox-rpg/cmd/openapi-gen/main.go:82.29,84.3 1 0
goldbox-rpg/cmd/openapi-gen/main.go:86.2,86.34 1 1
goldbox-rpg/cmd/openapi-gen/main.go:86.34,87.49 1 1
goldbox-rpg/cmd/openapi-gen/main.go:87.49,88.41 1 1
goldbox-rpg/cmd/openapi-gen/main.go:88.41,89.48 1 1
goldbox-rpg/cmd/openapi-gen/main.go:89.48,90.14 1 1
goldbox-rpg/cmd/openapi-gen/main.go:93.5,94.34 2 1
goldbox-rpg/cmd/openapi-gen/main.go:94.34,95.65 1 1
goldbox-rpg/cmd/openapi-gen/main.go:95.65,97.7 1 1
goldbox-rpg/cmd/openapi-gen/main.go:100.5,100.25 1 1
goldbox-rpg/cmd/openapi-gen/main.go:100.25,107.6 2 1
goldbox-rpg/cmd/openapi-gen/main.go:112.2,112.16 1 1
goldbox-rpg/cmd/openapi-gen/main.go:116.124,118.44 2 1
goldbox-rpg/cmd/openapi-gen/main.go:118.44,120.3 1 1
goldbox-rpg/cmd/openapi-gen/main.go:123.2,124.25 2 1
goldbox-rpg/cmd/openapi-gen/main.go:124.25,126.3 1 1
goldbox-rpg/cmd/openapi-gen/main.go:128.2,131.25 2 1
goldbox-rpg/cmd/openapi-gen/main.go:131.25,133.3 1 1
goldbox-rpg/cmd/openapi-gen/main.go:135.2,135.51 1 1
goldbox-rpg/cmd/openapi-gen/main.go:139.51,145.16 4 1
goldbox-rpg/cmd/openapi-gen/main.go:145.16,147.3 1 1
goldbox-rpg/cmd/openapi-gen/main.go:150.2,151.42 2 1
goldbox-rpg/cmd/openapi-gen/main.go:151.42,152.42 1 1
goldbox-rpg/cmd/openapi-gen/main.go:152.42,154.35 2 1
goldbox-rpg/cmd/openapi-gen/main.go:154.35,156.5 1 1
goldbox-rpg/cmd/openapi-gen/main.go:158.3,158.14 1 1
goldbox-rpg/cmd/openapi-gen/main.go:162.2,164.16 3 1
goldbox-rpg/cmd/openapi-gen/main.go:164.16,165.51 1 1
goldbox-rpg/cmd/openapi-gen/main.go:165.51,166.45 1 1
goldbox-rpg/cmd/openapi-gen/main.go:166.45,167.85 1 1
goldbox-rpg/cmd/openapi-gen/main.go:167.85,168.55 1 1
goldbox-rpg/cmd/openapi-gen/main.go:168.55,171.7 2 1
goldbox-rpg/cmd/openapi-gen/main.go:174.4,174.15 1 1
goldbox-rpg/cmd/openapi-gen/main.go:179.2,179.33 1 1
goldbox-rpg/cmd/openapi-gen/main.go:179.33,181.3 1 1
goldbox-rpg/cmd/openapi-gen/main.go:182.2,182.44 1 1
goldbox-rpg/cmd/openapi-gen/main.go:182.44,184.3 1 1
goldbox-rpg/cmd/openapi-gen/main.go:186.2,186.12 1 1
goldbox-rpg/cmd/openapi-gen/main.go:190.70,191.9 1 1
goldbox-rpg/cmd/openapi-gen/main.go:192.44,193.28 1 1
goldbox-rpg/cmd/openapi-gen/main.go:194.44,195.28 1 1
goldbox-rpg/cmd/openapi-gen/main.go:196.44,197.32 1 1
goldbox-rpg/cmd/openapi-gen/main.go:198.128,199.41 1 1
goldbox-rpg/cmd/openapi-gen/main.go:200.88,201.27 1 1
goldbox-rpg/cmd/openapi-gen/main.go:202.108,203.18 1 1
goldbox-rpg/cmd/openapi-gen/main.go:204.100,205.24 1 1
goldbox-rpg/cmd/openapi-gen/main.go:206.81,207.22 1 1
goldbox-rpg/cmd/openapi-gen/main.go:208.36,209.27 1 1
goldbox-rpg/cmd/openapi-gen/main.go:210.10,211.19 1 1
goldbox-rpg/cmd/openapi-gen/main.go:216.90,218.16 2 1
goldbox-rpg/cmd/openapi-gen/main.go:218.16,220.3 1 1
goldbox-rpg/cmd/openapi-gen/main.go:222.2,223.52 2 1
goldbox-rpg/cmd/openapi-gen/main.go:223.52,225.3 1 0
goldbox-rpg/cmd/openapi-gen/main.go:227.2,227.18 1 1
goldbox-rpg/cmd/openapi-gen/main.go:231.68,248.2 1 1
goldbox-rpg/cmd/openapi-gen/main.go:251.79,254.9 2 1
goldbox-rpg/cmd/openapi-gen/main.go:254.9,257.3 2 1
goldbox-rpg/cmd/openapi-gen/main.go:260.2,261.9 2 1
goldbox-rpg/cmd/openapi-gen/main.go:261.9,269.3 2 1
goldbox-rpg/cmd/openapi-gen/main.go:272.2,273.9 2 1
goldbox-rpg/cmd/openapi-gen/main.go:273.9,276.3 2 0
goldbox-rpg/cmd/openapi-gen/main.go:278.2,279.9 2 1
goldbox-rpg/cmd/openapi-gen/main.go:279.9,282.3 2 1
goldbox-rpg/cmd/openapi-gen/main.go:285.2,288.35 3 1
goldbox-rpg/cmd/openapi-gen/main.go:288.35,291.3 2 1
goldbox-rpg/cmd/openapi-gen/main.go:294.2,299.12 5 1
goldbox-rpg/cmd/openapi-gen/main.go:303.86,305.16 2 1
goldbox-rpg/cmd/openapi-gen/main.go:305.16,307.3 1 0
goldbox-rpg/cmd/openapi-gen/main.go:310.2,322.60 3 1
goldbox-rpg/cmd/openapi-gen/main.go:322.60,324.3 1 0
goldbox-rpg/cmd/openapi-gen/main.go:326.2,326.12 1 1
goldbox-rpg/cmd/metrics-demo/main.go:22.27,26.2 3 1
goldbox-rpg/cmd/metrics-demo/main.go:40.96,41.18 1 1
goldbox-rpg/cmd/metrics-demo/main.go:41.18,43.3 1 1
goldbox-rpg/cmd/metrics-demo/main.go:45.2,53.8 4 1
goldbox-rpg/cmd/metrics-demo/main.go:57.53,58.25 1 1
goldbox-rpg/cmd/metrics-demo/main.go:58.25,63.3 4 1
goldbox-rpg/cmd/metrics-demo/main.go:67.51,68.25 1 1
goldbox-rpg/cmd/metrics-demo/main.go:68.25,73.23 4 1
goldbox-rpg/cmd/metrics-demo/main.go:73.23,75.4 1 1
goldbox-rpg/cmd/metrics-demo/main.go:77.3,79.17 2 1
goldbox-rpg/cmd/metrics-demo/main.go:79.17,81.4 1 1
goldbox-rpg/cmd/metrics-demo/main.go:81.9,83.4 1 1
goldbox-rpg/cmd/metrics-demo/main.go:88.50,89.25 1 1
goldbox-rpg/cmd/metrics-demo/main.go:89.25,94.3 4 1
goldbox-rpg/cmd/metrics-demo/main.go:98.50,142.37 2 1
goldbox-rpg/cmd/metrics-demo/main.go:142.37,146.3 2 1
goldbox-rpg/cmd/metrics-demo/main.go:157.52,166.32 2 1
goldbox-rpg/cmd/metrics-demo/main.go:166.32,168.18 2 1
goldbox-rpg/cmd/metrics-demo/main.go:168.18,170.4 1 1
goldbox-rpg/cmd/metrics-demo/main.go:170.9,172.4 1 1
goldbox-rpg/cmd/metrics-demo/main.go:177.45,186.55 7 1
goldbox-rpg/cmd/metrics-demo/main.go:186.55,188.3 1 1
goldbox-rpg/cmd/metrics-demo/main.go:190.2,191.56 2 1
goldbox-rpg/cmd/metrics-demo/main.go:191.56,193.14 2 1
goldbox-rpg/cmd/metrics-demo/main.go:193.14,195.4 1 1
goldbox-rpg/cmd/metrics-demo/main.go:196.3,196.46 1 1
goldbox-rpg/cmd/metrics-demo/main.go:199.2,199.37 1 1
goldbox-rpg/cmd/metrics-demo/main.go:199.37,201.46 2 1
goldbox-rpg/cmd/metrics-demo/main.go:201.46,203.4 1 1
goldbox-rpg/cmd/metrics-demo/main.go:206.2,206.36 1 1
goldbox-rpg/cmd/metrics-demo/main.go:206.36,208.47 2 0
goldbox-rpg/cmd/metrics-demo/main.go:208.47,210.4 1 0
goldbox-rpg/cmd/metrics-demo/main.go:213.2,214.47 2 1
goldbox-rpg/cmd/metrics-demo/main.go:214.47,216.3 1 1
goldbox-rpg/cmd/metrics-demo/main.go:220.49,233.2 10 1
goldbox-rpg/cmd/metrics-demo/main.go:236.47,241.9 4 1
goldbox-rpg/cmd/metrics-demo/main.go:242.27,243.98 1 1
goldbox-rpg/cmd/metrics-demo/main.go:244.27,245.112 1 0
goldbox-rpg/cmd/metrics-demo/main.go:246.27,247.107 1 0
goldbox-rpg/cmd/metrics-demo/main.go:248.27,249.92 1 0
goldbox-rpg/cmd/metrics-demo/main.go:250.10,251.93 1 1
goldbox-rpg/cmd/metrics-demo/main.go:256.27,264.2 7 1
goldbox-rpg/cmd/metrics-demo/main.go:268.29,269.16 1 1
goldbox-rpg/cmd/metrics-demo/main.go:269.16,271.3 1 0
goldbox-rpg/cmd/metrics-demo/main.go:273.2,288.16 8 1
goldbox-rpg/cmd/metrics-demo/main.go:288.16,290.3 1 0
goldbox-rpg/cmd/metrics-demo/main.go:292.2,320.12 16 1
goldbox-rpg/cmd/metrics-demo/main.go:325.13,326.33 1 0
goldbox-rpg/cmd/metrics-demo/main.go:326.33,328.3 1 0
goldbox-rpg/cmd/quest-builder/main.go:30.27,41.2 10 0
goldbox-rpg/cmd/quest-builder/main.go:44.19,74.2 1 0
goldbox-rpg/cmd/quest-builder/main.go:77.13,79.33 2 0
goldbox-rpg/cmd/quest-builder/main.go:79.33,82.3 2 0
goldbox-rpg/cmd/quest-builder/main.go:86.29,90.24 2 0
goldbox-rpg/cmd/quest-builder/main.go:90.24,93.17 3 0
goldbox-rpg/cmd/quest-builder/main.go:93.17,95.4 1 0
goldbox-rpg/cmd/quest-builder/main.go:99.2,99.21 1 0
goldbox-rpg/cmd/quest-builder/main.go:99.21,102.17 3 0
goldbox-rpg/cmd/quest-builder/main.go:102.17,104.4 1 0
goldbox-rpg/cmd/quest-builder/main.go:105.8,105.31 1 0
goldbox-rpg/cmd/quest-builder/main.go:105.31,109.3 2 0
goldbox-rpg/cmd/quest-builder/main.go:112.2,112.45 1 0
goldbox-rpg/cmd/quest-builder/main.go:112.45,114.3 1 0
goldbox-rpg/cmd/quest-builder/main.go:117.2,117.43 1 0
goldbox-rpg/cmd/quest-builder/main.go:121.66,199.9 3 0
goldbox-rpg/cmd/quest-builder/main.go:199.9,201.3 1 0
goldbox-rpg/cmd/quest-builder/main.go:202.2,202.19 1 0
goldbox-rpg/cmd/quest-builder/main.go:206.61,231.2 12 0
goldbox-rpg/cmd/quest-builder/main.go:234.83,235.22 1 0
goldbox-rpg/cmd/quest-builder/main.go:235.22,237.3 1 0
goldbox-rpg/cmd/quest-builder/main.go:237.8,237.25 1 0
goldbox-rpg/cmd/quest-builder/main.go:237.25,239.3 1 0
goldbox-rpg/cmd/quest-builder/main.go:239.8,241.3 1 0
goldbox-rpg/cmd/quest-builder/main.go:243.2,246.17 3 0
goldbox-rpg/cmd/quest-builder/main.go:246.17,247.23 1 0
goldbox-rpg/cmd/quest-builder/main.go:247.23,249.4 1 0
goldbox-rpg/cmd/quest-builder/main.go:250.3,250.19 1 0
goldbox-rpg/cmd/quest-builder/main.go:250.19,252.4 1 0
goldbox-rpg/cmd/quest-builder/main.go:254.2,254.14 1 0
goldbox-rpg/cmd/quest-builder/main.go:258.73,263.17 4 0
goldbox-rpg/cmd/quest-builder/main.go:263.17,265.3 1 0
goldbox-rpg/cmd/quest-builder/main.go:267.2,268.16 2 0
goldbox-rpg/cmd/quest-builder/main.go:268.16,271.3 2 0
goldbox-rpg/cmd/quest-builder/main.go:272.2,272.12 1 0
goldbox-rpg/cmd/quest-builder/main.go:276.99,280.25 2 0
goldbox-rpg/cmd/quest-builder/main.go:280.25,282.34 2 0
goldbox-rpg/cmd/quest-builder/main.go:282.34,284.4 1 0
goldbox-rpg/cmd/quest-builder/main.go:285.3,285.16 1 0
goldbox-rpg/cmd/quest-builder/main.go:289.2,291.54 3 0
goldbox-rpg/cmd/quest-builder/main.go:291.54,292.26 1 0
goldbox-rpg/cmd/quest-builder/main.go:292.26,294.4 1 0
goldbox-rpg/cmd/quest-builder/main.go:296.8,298.3 1 0
goldbox-rpg/cmd/quest-builder/main.go:301.2,302.20 2 0
goldbox-rpg/cmd/quest-builder/main.go:302.20,305.17 3 0
goldbox-rpg/cmd/quest-builder/main.go:305.17,306.28 1 0
goldbox-rpg/cmd/quest-builder/main.go:306.28,309.13 3 0
goldbox-rpg/cmd/quest-builder/main.go:311.4,311.9 1 0
goldbox-rpg/cmd/quest-builder/main.go:313.3,319.5 2 0
goldbox-rpg/cmd/quest-builder/main.go:322.2,322.19 1 0
goldbox-rpg/cmd/quest-builder/main.go:326.90,330.22 2 0
goldbox-rpg/cmd/quest-builder/main.go:330.22,332.29 2 0
goldbox-rpg/cmd/quest-builder/main.go:332.29,333.24 1 0
goldbox-rpg/cmd/quest-builder/main.go:333.24,335.5 1 0
goldbox-rpg/cmd/quest-builder/main.go:335.10,337.5 1 0
goldbox-rpg/cmd/quest-builder/main.go:339.3,339.16 1 0
goldbox-rpg/cmd/quest-builder/main.go:343.2,345.54 3 0
goldbox-rpg/cmd/quest-builder/main.go:345.54,346.23 1 0
goldbox-rpg/cmd/quest-builder/main.go:346.23,348.4 1 0
goldbox-rpg/cmd/quest-builder/main.go:349.8,351.3 1 0
goldbox-rpg/cmd/quest-builder/main.go:354.2,356.20 3 0
goldbox-rpg/cmd/quest-builder/main.go:356.20,359.18 3 0
goldbox-rpg/cmd/quest-builder/main.go:359.18,360.9 1 0
goldbox-rpg/cmd/quest-builder/main.go:363.3,364.59 2 0
goldbox-rpg/cmd/quest-builder/main.go:364.59,367.12 3 0
goldbox-rpg/cmd/quest-builder/main.go:370.3,373.22 3 0
goldbox-rpg/cmd/quest-builder/main.go:373.22,375.4 1 0
goldbox-rpg/cmd/quest-builder/main.go:377.3,377.36 1 0
goldbox-rpg/cmd/quest-builder/main.go:380.2,380.16 1 0
goldbox-rpg/cmd/quest-builder/main.go:384.44,385.20 1 0
goldbox-rpg/cmd/quest-builder/main.go:385.20,387.3 1 0
goldbox-rpg/cmd/quest-builder/main.go:388.2,388.23 1 0
goldbox-rpg/cmd/quest-builder/main.go:388.23,390.3 1 0
goldbox-rpg/cmd/quest-builder/main.go:391.2,391.32 1 0
goldbox-rpg/cmd/quest-builder/main.go:391.32,393.3 1 0
goldbox-rpg/cmd/quest-builder/main.go:394.2,394.39 1 0
goldbox-rpg/cmd/quest-builder/main.go:394.39,395.28 1 0
goldbox-rpg/cmd/quest-builder/main.go:395.28,397.4 1 0
goldbox-rpg/cmd/quest-builder/main.go:398.3,398.24 1 0
goldbox-rpg/cmd/quest-builder/main.go:398.24,400.4 1 0
goldbox-rpg/cmd/quest-builder/main.go:402.2,402.34 1 0
goldbox-rpg/cmd/quest-builder/main.go:402.34,403.62 1 0
goldbox-rpg/cmd/quest-builder/main.go:403.62,405.4 1 0
goldbox-rpg/cmd/quest-builder/main.go:406.3,406.19 1 0
goldbox-rpg/cmd/quest-builder/main.go:406.19,408.4 1 0
goldbox-rpg/cmd/quest-builder/main.go:409.3,409.41 1 0
goldbox-rpg/cmd/quest-builder/main.go:409.41,411.4 1 0
goldbox-rpg/cmd/quest-builder/main.go:413.2,413.12 1 0
goldbox-rpg/cmd/quest-builder/main.go:417.61,419.16 2 0
goldbox-rpg/cmd/quest-builder/main.go:419.16,421.3 1 0
goldbox-rpg/cmd/quest-builder/main.go:424.2,427.22 2 0
goldbox-rpg/cmd/quest-builder/main.go:427.22,430.3 2 0
goldbox-rpg/cmd/quest-builder/main.go:432.2,432.72 1 0
goldbox-rpg/cmd/quest-builder/main.go:432.72,434.3 1 0
goldbox-rpg/cmd/quest-builder/main.go:436.2,437.12 2 0
goldbox-rpg/cmd/validator-demo/main.go:26.27,32.2 5 0
goldbox-rpg/cmd/validator-demo/main.go:39.13,41.44 2 0
goldbox-rpg/cmd/validator-demo/main.go:41.44,44.3 2 0
goldbox-rpg/cmd/validator-demo/main.go:48.58,50.2 1 1
goldbox-rpg/cmd/validator-demo/main.go:53.50,54.19 1 1
goldbox-rpg/cmd/validator-demo/main.go:54.19,56.3 1 1
goldbox-rpg/cmd/validator-demo/main.go:56.8,58.3 1 1
goldbox-rpg/cmd/validator-demo/main.go:62.58,64.2 1 1
goldbox-rpg/cmd/validator-demo/main.go:69.42,78.62 6 1
goldbox-rpg/cmd/validator-demo/main.go:78.62,80.3 1 0
goldbox-rpg/cmd/validator-demo/main.go:81.2,81.64 1 1
goldbox-rpg/cmd/validator-demo/main.go:81.64,83.3 1 0
goldbox-rpg/cmd/validator-demo/main.go:84.2,84.63 1 1
goldbox-rpg/cmd/validator-demo/main.go:84.63,86.3 1 0
goldbox-rpg/cmd/validator-demo/main.go:88.2,92.12 4 1
goldbox-rpg/cmd/validator-demo/main.go:96.59,99.17 3 1
goldbox-rpg/cmd/validator-demo/main.go:99.17,105.3 2 1
goldbox-rpg/cmd/validator-demo/main.go:105.8,107.3 1 1
goldbox-rpg/cmd/validator-demo/main.go:108.2,108.15 1 1
goldbox-rpg/cmd/validator-demo/main.go:112.44,121.17 8 1
goldbox-rpg/cmd/validator-demo/main.go:121.17,124.3 2 1
goldbox-rpg/cmd/validator-demo/main.go:128.98,142.16 4 1
goldbox-rpg/cmd/validator-demo/main.go:142.16,144.3 1 0
goldbox-rpg/cmd/validator-demo/main.go:146.2,147.33 2 1
goldbox-rpg/cmd/validator-demo/main.go:147.33,149.3 1 1
goldbox-rpg/cmd/validator-demo/main.go:150.2,150.12 1 1
goldbox-rpg/cmd/validator-demo/main.go:154.100,168.16 4 1
goldbox-rpg/cmd/validator-demo/main.go:168.16,170.3 1 0
goldbox-rpg/cmd/validator-demo/main.go:172.2,177.9 5 1
goldbox-rpg/cmd/validator-demo/main.go:177.9,179.3 1 0
goldbox-rpg/cmd/validator-demo/main.go:180.2,183.12 4 1
goldbox-rpg/cmd/validator-demo/main.go:187.99,196.16 4 1
goldbox-rpg/cmd/validator-demo/main.go:196.16,198.3 1 0
goldbox-rpg/cmd/validator-demo/main.go:200.2,202.9 3 1
goldbox-rpg/cmd/validator-demo/main.go:202.9,204.3 1 0
goldbox-rpg/cmd/validator-demo/main.go:205.2,206.41 2 1
goldbox-rpg/cmd/validator-demo/main.go:206.41,208.3 1 1
goldbox-rpg/cmd/validator-demo/main.go:209.2,209.12 1 1
goldbox-rpg/cmd/validator-demo/main.go:213.65,220.2 6 1
goldbox-rpg/cmd/events-demo/main.go:29.30,33.2 1 1
goldbox-rpg/cmd/events-demo/main.go:36.27,41.2 4 1
goldbox-rpg/cmd/events-demo/main.go:53.47,79.2 10 1
goldbox-rpg/cmd/events-demo/main.go:82.62,88.2 5 1
goldbox-rpg/cmd/events-demo/main.go:91.79,96.2 4 1
goldbox-rpg/cmd/events-demo/main.go:99.51,105.16 4 1
goldbox-rpg/cmd/events-demo/main.go:105.16,121.3 3 1
goldbox-rpg/cmd/events-demo/main.go:123.2,128.16 4 1
goldbox-rpg/cmd/events-demo/main.go:128.16,138.3 2 1
goldbox-rpg/cmd/events-demo/main.go:138.8,139.30 1 0
goldbox-rpg/cmd/events-demo/main.go:139.30,142.4 2 0
goldbox-rpg/cmd/events-demo/main.go:146.2,148.26 3 1
goldbox-rpg/cmd/events-demo/main.go:148.26,151.63 3 1
goldbox-rpg/cmd/events-demo/main.go:151.63,153.4 1 1
goldbox-rpg/cmd/events-demo/main.go:157.2,159.64 3 1
goldbox-rpg/cmd/events-demo/main.go:163.48,224.45 3 1
goldbox-rpg/cmd/events-demo/main.go:224.45,230.3 4 1
goldbox-rpg/cmd/events-demo/main.go:234.46,264.43 3 1
goldbox-rpg/cmd/events-demo/main.go:264.43,279.3 4 1
goldbox-rpg/cmd/events-demo/main.go:283.66,289.22 5 1
goldbox-rpg/cmd/events-demo/main.go:289.22,291.34 2 1
goldbox-rpg/cmd/events-demo/main.go:291.34,294.32 2 1
goldbox-rpg/cmd/events-demo/main.go:294.32,296.5 1 1
goldbox-rpg/cmd/events-demo/main.go:298.8,300.3 1 1
goldbox-rpg/cmd/events-demo/main.go:304.76,307.24 3 1
goldbox-rpg/cmd/events-demo/main.go:307.24,311.61 3 1
goldbox-rpg/cmd/events-demo/main.go:311.61,313.4 1 1
goldbox-rpg/cmd/events-demo/main.go:315.3,315.43 1 1
goldbox-rpg/cmd/events-demo/main.go:315.43,317.52 2 0
goldbox-rpg/cmd/events-demo/main.go:317.52,319.5 1 0
goldbox-rpg/cmd/events-demo/main.go:322.3,322.42 1 1
goldbox-rpg/cmd/events-demo/main.go:322.42,324.53 2 0
goldbox-rpg/cmd/events-demo/main.go:324.53,326.5 1 0
goldbox-rpg/cmd/events-demo/main.go:329.2,329.20 1 1
goldbox-rpg/cmd/events-demo/main.go:333.114,339.56 6 1
goldbox-rpg/cmd/events-demo/main.go:339.56,340.60 1 1
goldbox-rpg/cmd/events-demo/main.go:340.60,342.4 1 1
goldbox-rpg/cmd/events-demo/main.go:343.3,343.27 1 1
goldbox-rpg/cmd/events-demo/main.go:348.26,356.2 7 1
goldbox-rpg/cmd/events-demo/main.go:358.13,383.2 15 1
goldbox-rpg/cmd/server/main.go:25.13,30.47 3 0
goldbox-rpg/cmd/server/main.go:30.47,33.63 2 0
goldbox-rpg/cmd/server/main.go:33.63,35.4 1 0
goldbox-rpg/cmd/server/main.go:37.3,37.69 1 0
goldbox-rpg/cmd/server/main.go:40.2,41.44 2 0
goldbox-rpg/cmd/server/main.go:47.72,61.15 7 1
goldbox-rpg/cmd/server/main.go:61.15,64.3 2 1
goldbox-rpg/cmd/server/main.go:66.2,67.16 2 1
goldbox-rpg/cmd/server/main.go:67.16,69.3 1 0
goldbox-rpg/cmd/server/main.go:71.2,71.12 1 1
goldbox-rpg/cmd/server/main.go:75.46,77.16 2 1
goldbox-rpg/cmd/server/main.go:77.16,79.3 1 0
goldbox-rpg/cmd/server/main.go:81.2,83.12 3 1
goldbox-rpg/cmd/server/main.go:87.40,89.16 2 1
goldbox-rpg/cmd/server/main.go:89.16,92.3 2 1
goldbox-rpg/cmd/server/main.go:93.2,93.24 1 1
goldbox-rpg/cmd/server/main.go:97.41,105.2 1 1
goldbox-rpg/cmd/server/main.go:108.77,110.16 2 1
goldbox-rpg/cmd/server/main.go:110.16,112.3 1 0
goldbox-rpg/cmd/server/main.go:114.2,115.16 2 1
goldbox-rpg/cmd/server/main.go:115.16,117.3 1 0
goldbox-rpg/cmd/server/main.go:119.2,119.22 1 1
goldbox-rpg/cmd/server/main.go:123.95,128.2 4 0
goldbox-rpg/cmd/server/main.go:131.59,136.2 4 1
goldbox-rpg/cmd/server/main.go:141.89,142.12 1 1
goldbox-rpg/cmd/server/main.go:142.12,143.16 1 1
goldbox-rpg/cmd/server/main.go:143.16,144.32 1 1
goldbox-rpg/cmd/server/main.go:144.32,147.5 2 1
goldbox-rpg/cmd/server/main.go:149.3,150.45 2 1
goldbox-rpg/cmd/server/main.go:150.45,152.4 1 1
goldbox-rpg/cmd/server/main.go:157.72,158.9 1 1
goldbox-rpg/cmd/server/main.go:159.24,160.67 1 1
goldbox-rpg/cmd/server/main.go:161.24,162.46 1 1
goldbox-rpg/cmd/server/main.go:169.96,176.32 4 1
goldbox-rpg/cmd/server/main.go:176.32,179.3 2 0
goldbox-rpg/cmd/server/main.go:182.2,182.27 1 1
goldbox-rpg/cmd/server/main.go:182.27,185.91 2 1
goldbox-rpg/cmd/server/main.go:185.91,187.4 1 0
goldbox-rpg/cmd/server/main.go:188.3,188.21 1 1
goldbox-rpg/cmd/server/main.go:188.21,190.4 1 1
goldbox-rpg/cmd/server/main.go:190.9,192.4 1 0
goldbox-rpg/cmd/server/main.go:195.2,195.41 1 1
goldbox-rpg/cmd/server/main.go:195.41,197.3 1 0
goldbox-rpg/cmd/server/main.go:199.2,199.9 1 1
goldbox-rpg/cmd/server/main.go:200.28,201.57 1 1
goldbox-rpg/cmd/server/main.go:202.45,203.43 1 1
goldbox-rpg/pkg/pcg/quests/generator.go:30.60,41.2 3 1
goldbox-rpg/pkg/pcg/quests/generator.go:44.63,46.2 1 1
goldbox-rpg/pkg/pcg/quests/generator.go:49.57,51.2 1 1
goldbox-rpg/pkg/pcg/quests/generator.go:54.81,55.53 1 1
goldbox-rpg/pkg/pcg/quests/generator.go:55.53,57.3 1 1
goldbox-rpg/pkg/pcg/quests/generator.go:60.2,64.29 3 1
goldbox-rpg/pkg/pcg/quests/generator.go:64.29,66.3 1 1
goldbox-rpg/pkg/pcg/quests/generator.go:69.2,69.47 1 1
goldbox-rpg/pkg/pcg/quests/generator.go:69.47,71.3 1 1
goldbox-rpg/pkg/pcg/quests/generator.go:73.2,73.12 1 1
goldbox-rpg/pkg/pcg/quests/generator.go:77.117,78.45 1 1
goldbox-rpg/pkg/pcg/quests/generator.go:78.45,80.3 1 0
goldbox-rpg/pkg/pcg/quests/generator.go:83.2,95.71 2 1
goldbox-rpg/pkg/pcg/quests/generator.go:95.71,97.3 1 1
goldbox-rpg/pkg/pcg/quests/generator.go:100.2,100.66 1 1
goldbox-rpg/pkg/pcg/quests/generator.go:100.66,102.3 1 1
goldbox-rpg/pkg/pcg/quests/generator.go:103.2,103.66 1 1
goldbox-rpg/pkg/pcg/quests/generator.go:103.66,105.3 1 1
goldbox-rpg/pkg/pcg/quests/generator.go:108.2,108.73 1 1
goldbox-rpg/pkg/pcg/quests/generator.go:108.73,110.3 1 1
goldbox-rpg/pkg/pcg/quests/generator.go:112.2,112.67 1 1
goldbox-rpg/pkg/pcg/quests/generator.go:116.142,126.16 5 1
goldbox-rpg/pkg/pcg/quests/generator.go:126.16,128.3 1 0
goldbox-rpg/pkg/pcg/quests/generator.go:131.2,132.16 2 1
goldbox-rpg/pkg/pcg/quests/generator.go:132.16,134.3 1 0
goldbox-rpg/pkg/pcg/quests/generator.go:137.2,138.16 2 1
goldbox-rpg/pkg/pcg/quests/generator.go:138.16,140.3 1 0
goldbox-rpg/pkg/pcg/quests/generator.go:143.2,144.33 2 1
goldbox-rpg/pkg/pcg/quests/generator.go:144.33,151.3 1 1
goldbox-rpg/pkg/pcg/quests/generator.go:154.2,163.19 2 1
goldbox-rpg/pkg/pcg/quests/generator.go:167.141,168.21 1 1
goldbox-rpg/pkg/pcg/quests/generator.go:168.21,170.3 1 1
goldbox-rpg/pkg/pcg/quests/generator.go:172.2,175.35 3 1
goldbox-rpg/pkg/pcg/quests/generator.go:175.35,182.34 4 1
goldbox-rpg/pkg/pcg/quests/generator.go:182.34,184.4 1 1
goldbox-rpg/pkg/pcg/quests/generator.go:186.3,187.17 2 1
goldbox-rpg/pkg/pcg/quests/generator.go:187.17,189.4 1 0
goldbox-rpg/pkg/pcg/quests/generator.go:192.3,192.22 1 1
goldbox-rpg/pkg/pcg/quests/generator.go:192.22,194.4 1 1
goldbox-rpg/pkg/pcg/quests/generator.go:196.3,196.33 1 1
goldbox-rpg/pkg/pcg/quests/generator.go:199.2,199.20 1 1
goldbox-rpg/pkg/pcg/quests/generator.go:203.150,208.2 3 1
goldbox-rpg/pkg/pcg/quests/generator.go:211.183,213.36 2 1
goldbox-rpg/pkg/pcg/quests/generator.go:213.36,215.3 1 0
goldbox-rpg/pkg/pcg/quests/generator.go:217.2,219.29 2 1
goldbox-rpg/pkg/pcg/quests/generator.go:219.29,225.23 3 1
goldbox-rpg/pkg/pcg/quests/generator.go:225.23,227.4 1 1
goldbox-rpg/pkg/pcg/quests/generator.go:230.3,232.25 3 1
goldbox-rpg/pkg/pcg/quests/generator.go:232.25,234.4 1 1
goldbox-rpg/pkg/pcg/quests/generator.go:236.3,240.32 3 1
goldbox-rpg/pkg/pcg/quests/generator.go:240.32,242.4 1 1
goldbox-rpg/pkg/pcg/quests/generator.go:244.3,256.45 2 1
goldbox-rpg/pkg/pcg/quests/generator.go:259.2,259.24 1 1
goldbox-rpg/pkg/pcg/quests/generator.go:263.134,274.25 4 1
goldbox-rpg/pkg/pcg/quests/generator.go:274.25,280.3 2 1
goldbox-rpg/pkg/pcg/quests/generator.go:283.2,283.44 1 1
goldbox-rpg/pkg/pcg/quests/generator.go:283.44,290.3 2 1
goldbox-rpg/pkg/pcg/quests/generator.go:292.2,292.21 1 1
goldbox-rpg/pkg/pcg/quests/generator.go:296.66,380.2 5 1
goldbox-rpg/pkg/pcg/quests/narratives.go:46.44,56.2 3 1
goldbox-rpg/pkg/pcg/quests/narratives.go:59.174,61.36 2 1
goldbox-rpg/pkg/pcg/quests/narratives.go:61.36,63.3 1 1
goldbox-rpg/pkg/pcg/quests/narratives.go:66.2,90.23 8 1
goldbox-rpg/pkg/pcg/quests/narratives.go:94.74,95.32 1 1
goldbox-rpg/pkg/pcg/quests/narratives.go:95.32,103.3 1 0
goldbox-rpg/pkg/pcg/quests/narratives.go:105.2,105.58 1 1
goldbox-rpg/pkg/pcg/quests/narratives.go:109.123,121.35 3 1
goldbox-rpg/pkg/pcg/quests/narratives.go:121.35,123.3 1 1
goldbox-rpg/pkg/pcg/quests/narratives.go:125.2,134.45 4 1
goldbox-rpg/pkg/pcg/quests/narratives.go:138.129,142.25 2 1
goldbox-rpg/pkg/pcg/quests/narratives.go:142.25,146.26 3 1
goldbox-rpg/pkg/pcg/quests/narratives.go:146.26,148.4 1 1
goldbox-rpg/pkg/pcg/quests/narratives.go:149.3,149.18 1 1
goldbox-rpg/pkg/pcg/quests/narratives.go:152.2,152.17 1 1
goldbox-rpg/pkg/pcg/quests/narratives.go:156.123,167.2 3 1
goldbox-rpg/pkg/pcg/quests/narratives.go:170.121,181.2 3 1
goldbox-rpg/pkg/pcg/quests/narratives.go:184.57,269.2 4 1
goldbox-rpg/pkg/pcg/quests/objectives.go:18.50,20.2 1 1
goldbox-rpg/pkg/pcg/quests/objectives.go:23.69,24.19 1 1
goldbox-rpg/pkg/pcg/quests/objectives.go:24.19,26.3 1 1
goldbox-rpg/pkg/pcg/quests/objectives.go:27.2,27.12 1 1
goldbox-rpg/pkg/pcg/quests/objectives.go:32.154,33.58 1 1
goldbox-rpg/pkg/pcg/quests/objectives.go:33.58,35.3 1 1
goldbox-rpg/pkg/pcg/quests/objectives.go:37.2,37.32 1 1
goldbox-rpg/pkg/pcg/quests/objectives.go:37.32,39.3 1 1
goldbox-rpg/pkg/pcg/quests/objectives.go:41.2,42.21 2 1
goldbox-rpg/pkg/pcg/quests/objectives.go:42.21,44.3 1 0
goldbox-rpg/pkg/pcg/quests/objectives.go:46.2,48.26 3 1
goldbox-rpg/pkg/pcg/quests/objectives.go:52.102,54.35 2 1
goldbox-rpg/pkg/pcg/quests/objectives.go:54.35,56.3 1 0
goldbox-rpg/pkg/pcg/quests/objectives.go:57.2,57.49 1 1
goldbox-rpg/pkg/pcg/quests/objectives.go:61.129,63.16 2 1
goldbox-rpg/pkg/pcg/quests/objectives.go:63.16,65.3 1 1
goldbox-rpg/pkg/pcg/quests/objectives.go:67.2,76.16 6 1
goldbox-rpg/pkg/pcg/quests/objectives.go:76.16,78.3 1 0
goldbox-rpg/pkg/pcg/quests/objectives.go:80.2,92.23 2 1
goldbox-rpg/pkg/pcg/quests/objectives.go:96.131,98.16 2 1
goldbox-rpg/pkg/pcg/quests/objectives.go:98.16,100.3 1 1
goldbox-rpg/pkg/pcg/quests/objectives.go:102.2,106.28 3 1
goldbox-rpg/pkg/pcg/quests/objectives.go:106.28,108.3 1 1
goldbox-rpg/pkg/pcg/quests/objectives.go:111.2,112.16 2 1
goldbox-rpg/pkg/pcg/quests/objectives.go:112.16,114.3 1 0
goldbox-rpg/pkg/pcg/quests/objectives.go:116.2,117.16 2 1
goldbox-rpg/pkg/pcg/quests/objectives.go:117.16,119.3 1 0
goldbox-rpg/pkg/pcg/quests/objectives.go:121.2,121.41 1 1
goldbox-rpg/pkg/pcg/quests/objectives.go:121.41,123.3 1 0
goldbox-rpg/pkg/pcg/quests/objectives.go:125.2,137.23 2 1
goldbox-rpg/pkg/pcg/quests/objectives.go:143.116,144.19 1 1
goldbox-rpg/pkg/pcg/quests/objectives.go:144.19,146.3 1 1
goldbox-rpg/pkg/pcg/quests/objectives.go:148.2,149.31 2 1
goldbox-rpg/pkg/pcg/quests/objectives.go:149.31,151.3 1 0
goldbox-rpg/pkg/pcg/quests/objectives.go:153.2,161.25 5 1
goldbox-rpg/pkg/pcg/quests/objectives.go:161.25,163.3 1 0
goldbox-rpg/pkg/pcg/quests/objectives.go:164.2,164.25 1 1
goldbox-rpg/pkg/pcg/quests/objectives.go:164.25,166.3 1 0
goldbox-rpg/pkg/pcg/quests/objectives.go:168.2,169.28 2 1
goldbox-rpg/pkg/pcg/quests/objectives.go:169.28,171.3 1 0
goldbox-rpg/pkg/pcg/quests/objectives.go:173.2,185.23 2 1
goldbox-rpg/pkg/pcg/quests/objectives.go:190.86,207.66 3 1
goldbox-rpg/pkg/pcg/quests/objectives.go:207.66,208.54 1 1
goldbox-rpg/pkg/pcg/quests/objectives.go:208.54,210.4 1 1
goldbox-rpg/pkg/pcg/quests/objectives.go:213.2,213.16 1 1
goldbox-rpg/pkg/pcg/quests/objectives.go:216.81,218.22 1 1
goldbox-rpg/pkg/pcg/quests/objectives.go:218.22,220.3 1 1
goldbox-rpg/pkg/pcg/quests/objectives.go:220.8,220.29 1 1
goldbox-rpg/pkg/pcg/quests/objectives.go:220.29,222.3 1 1
goldbox-rpg/pkg/pcg/quests/objectives.go:222.8,222.30 1 1
goldbox-rpg/pkg/pcg/quests/objectives.go:222.30,224.3 1 1
goldbox-rpg/pkg/pcg/quests/objectives.go:224.8,224.30 1 1
goldbox-rpg/pkg/pcg/quests/objectives.go:224.30,226.3 1 1
goldbox-rpg/pkg/pcg/quests/objectives.go:226.8,228.3 1 1
goldbox-rpg/pkg/pcg/quests/objectives.go:235.64,248.2 1 1
goldbox-rpg/pkg/pcg/quests/objectives.go:254.61,265.2 1 1
goldbox-rpg/pkg/pcg/quests/objectives.go:267.41,276.2 2 1
goldbox-rpg/pkg/pcg/quests/objectives.go:278.24,279.11 1 1
goldbox-rpg/pkg/pcg/quests/objectives.go:279.11,281.3 1 1
goldbox-rpg/pkg/pcg/quests/objectives.go:282.2,282.10 1 1
goldbox-rpg/pkg/pcg/utils/noise.go:14.46,23.2 3 1
goldbox-rpg/pkg/pcg/utils/noise.go:26.42,49.34 3 1
goldbox-rpg/pkg/pcg/utils/noise.go:49.34,53.3 3 1
goldbox-rpg/pkg/pcg/utils/noise.go:56.2,56.27 1 1
goldbox-rpg/pkg/pcg/utils/noise.go:56.27,59.3 2 1
goldbox-rpg/pkg/pcg/utils/noise.go:63.54,87.2 13 1
goldbox-rpg/pkg/pcg/utils/noise.go:90.100,95.31 4 1
goldbox-rpg/pkg/pcg/utils/noise.go:95.31,99.3 3 1
goldbox-rpg/pkg/pcg/utils/noise.go:101.2,101.14 1 1
goldbox-rpg/pkg/pcg/utils/noise.go:123.48,145.2 3 1
goldbox-rpg/pkg/pcg/utils/noise.go:148.43,150.27 2 1
goldbox-rpg/pkg/pcg/utils/noise.go:150.27,152.3 1 1
goldbox-rpg/pkg/pcg/utils/noise.go:155.2,156.34 2 1
goldbox-rpg/pkg/pcg/utils/noise.go:156.34,160.3 3 1
goldbox-rpg/pkg/pcg/utils/noise.go:163.2,163.27 1 1
goldbox-rpg/pkg/pcg/utils/noise.go:163.27,166.3 2 1
goldbox-rpg/pkg/pcg/utils/noise.go:170.55,187.13 12 1
goldbox-rpg/pkg/pcg/utils/noise.go:187.13,189.3 1 1
goldbox-rpg/pkg/pcg/utils/noise.go:189.8,191.3 1 1
goldbox-rpg/pkg/pcg/utils/noise.go:194.2,210.12 12 1
goldbox-rpg/pkg/pcg/utils/noise.go:210.12,212.3 1 0
goldbox-rpg/pkg/pcg/utils/noise.go:212.8,215.3 2 1
goldbox-rpg/pkg/pcg/utils/noise.go:217.2,218.12 2 1
goldbox-rpg/pkg/pcg/utils/noise.go:218.12,220.3 1 1
goldbox-rpg/pkg/pcg/utils/noise.go:220.8,223.3 2 1
goldbox-rpg/pkg/pcg/utils/noise.go:225.2,226.12 2 1
goldbox-rpg/pkg/pcg/utils/noise.go:226.12,228.3 1 0
goldbox-rpg/pkg/pcg/utils/noise.go:228.8,231.3 2 1
goldbox-rpg/pkg/pcg/utils/noise.go:234.2,234.30 1 1
goldbox-rpg/pkg/pcg/utils/noise.go:246.30,248.2 1 1
goldbox-rpg/pkg/pcg/utils/noise.go:260.36,262.2 1 1
goldbox-rpg/pkg/pcg/utils/noise.go:273.45,276.12 3 1
goldbox-rpg/pkg/pcg/utils/noise.go:276.12,278.3 1 1
goldbox-rpg/pkg/pcg/utils/noise.go:279.2,280.12 2 1
goldbox-rpg/pkg/pcg/utils/noise.go:280.12,282.3 1 1
goldbox-rpg/pkg/pcg/utils/noise.go:284.2,285.18 2 1
goldbox-rpg/pkg/pcg/utils/noise.go:285.18,287.3 1 1
goldbox-rpg/pkg/pcg/utils/noise.go:289.2,290.18 2 1
goldbox-rpg/pkg/pcg/utils/noise.go:290.18,292.3 1 1
goldbox-rpg/pkg/pcg/utils/noise.go:294.2,294.26 1 1
goldbox-rpg/pkg/pcg/utils/noise.go:305.47,307.2 1 1
goldbox-rpg/pkg/pcg/utils/noise.go:310.30,312.2 1 1
goldbox-rpg/pkg/pcg/utils/noise.go:314.36,316.2 1 1
goldbox-rpg/pkg/pcg/utils/noise.go:318.45,320.2 1 1
goldbox-rpg/pkg/pcg/utils/noise.go:322.47,324.2 1 1
goldbox-rpg/pkg/pcg/utils/pathfinding.go:41.35,41.53 1 1
goldbox-rpg/pkg/pcg/utils/pathfinding.go:43.45,45.2 1 1
goldbox-rpg/pkg/pcg/utils/pathfinding.go:47.40,51.2 3 1
goldbox-rpg/pkg/pcg/utils/pathfinding.go:53.46,58.2 4 1
goldbox-rpg/pkg/pcg/utils/pathfinding.go:60.44,67.2 6 1
goldbox-rpg/pkg/pcg/utils/pathfinding.go:70.89,72.73 1 1
goldbox-rpg/pkg/pcg/utils/pathfinding.go:72.73,74.3 1 1
goldbox-rpg/pkg/pcg/utils/pathfinding.go:77.2,77.90 1 1
goldbox-rpg/pkg/pcg/utils/pathfinding.go:77.90,79.3 1 1
goldbox-rpg/pkg/pcg/utils/pathfinding.go:82.2,100.24 9 1
goldbox-rpg/pkg/pcg/utils/pathfinding.go:100.24,105.31 2 1
goldbox-rpg/pkg/pcg/utils/pathfinding.go:105.31,112.4 2 1
goldbox-rpg/pkg/pcg/utils/pathfinding.go:115.3,119.41 3 1
goldbox-rpg/pkg/pcg/utils/pathfinding.go:119.41,120.30 1 1
goldbox-rpg/pkg/pcg/utils/pathfinding.go:120.30,121.13 1 1
goldbox-rpg/pkg/pcg/utils/pathfinding.go:124.4,128.15 3 1
goldbox-rpg/pkg/pcg/utils/pathfinding.go:128.15,139.5 4 1
goldbox-rpg/pkg/pcg/utils/pathfinding.go:139.10,139.42 1 1
goldbox-rpg/pkg/pcg/utils/pathfinding.go:139.42,145.5 4 0
goldbox-rpg/pkg/pcg/utils/pathfinding.go:150.2,150.41 1 1
goldbox-rpg/pkg/pcg/utils/pathfinding.go:154.76,155.83 1 1
goldbox-rpg/pkg/pcg/utils/pathfinding.go:155.83,157.3 1 1
goldbox-rpg/pkg/pcg/utils/pathfinding.go:159.2,165.21 5 1
goldbox-rpg/pkg/pcg/utils/pathfinding.go:165.21,169.23 3 1
goldbox-rpg/pkg/pcg/utils/pathfinding.go:169.23,170.12 1 1
goldbox-rpg/pkg/pcg/utils/pathfinding.go:173.3,173.90 1 1
goldbox-rpg/pkg/pcg/utils/pathfinding.go:173.90,174.12 1 1
goldbox-rpg/pkg/pcg/utils/pathfinding.go:177.3,188.38 4 1
goldbox-rpg/pkg/pcg/utils/pathfinding.go:188.38,189.26 1 1
goldbox-rpg/pkg/pcg/utils/pathfinding.go:189.26,191.5 1 1
goldbox-rpg/pkg/pcg/utils/pathfinding.go:195.2,195.15 1 1
goldbox-rpg/pkg/pcg/utils/pathfinding.go:199.55,202.38 2 1
goldbox-rpg/pkg/pcg/utils/pathfinding.go:202.38,203.38 1 1
goldbox-rpg/pkg/pcg/utils/pathfinding.go:203.38,204.36 1 1
goldbox-rpg/pkg/pcg/utils/pathfinding.go:204.36,206.5 1 1
goldbox-rpg/pkg/pcg/utils/pathfinding.go:210.2,210.29 1 1
goldbox-rpg/pkg/pcg/utils/pathfinding.go:210.29,212.3 1 1
goldbox-rpg/pkg/pcg/utils/pathfinding.go:215.2,218.45 2 1
goldbox-rpg/pkg/pcg/utils/pathfinding.go:224.69,226.2 1 1
goldbox-rpg/pkg/pcg/utils/pathfinding.go:229.48,231.2 1 1
goldbox-rpg/pkg/pcg/utils/pathfinding.go:234.77,243.37 3 1
goldbox-rpg/pkg/pcg/utils/pathfinding.go:243.37,244.91 1 1
goldbox-rpg/pkg/pcg/utils/pathfinding.go:244.91,246.4 1 1
goldbox-rpg/pkg/pcg/utils/pathfinding.go:249.2,249.23 1 1
goldbox-rpg/pkg/pcg/utils/pathfinding.go:253.50,257.21 3 1
goldbox-rpg/pkg/pcg/utils/pathfinding.go:257.21,260.3 2 1
goldbox-rpg/pkg/pcg/utils/pathfinding.go:262.2,262.13 1 1
goldbox-rpg/pkg/pcg/utils/random.go:7.90,8.23 1 0
goldbox-rpg/pkg/pcg/utils/random.go:8.23,10.3 1 0
goldbox-rpg/pkg/pcg/utils/random.go:12.2,13.33 2 0
goldbox-rpg/pkg/pcg/utils/random.go:13.33,15.3 1 0
goldbox-rpg/pkg/pcg/utils/random.go:17.2,17.22 1 0
goldbox-rpg/pkg/pcg/utils/random.go:17.22,19.3 1 0
goldbox-rpg/pkg/pcg/utils/random.go:21.2,24.35 3 0
goldbox-rpg/pkg/pcg/utils/random.go:24.35,26.34 2 0
goldbox-rpg/pkg/pcg/utils/random.go:26.34,28.4 1 0
goldbox-rpg/pkg/pcg/utils/random.go:31.2,31.17 1 0
goldbox-rpg/pkg/pcg/items/enchantments.go:21.48,31.2 3 1
goldbox-rpg/pkg/pcg/items/enchantments.go:34.50,36.2 1 1
goldbox-rpg/pkg/pcg/items/enchantments.go:39.127,40.16 1 1
goldbox-rpg/pkg/pcg/items/enchantments.go:40.16,42.3 1 1
goldbox-rpg/pkg/pcg/items/enchantments.go:44.2,52.51 5 1
goldbox-rpg/pkg/pcg/items/enchantments.go:52.51,54.3 1 1
goldbox-rpg/pkg/pcg/items/enchantments.go:57.2,58.34 2 1
goldbox-rpg/pkg/pcg/items/enchantments.go:58.34,60.3 1 1
goldbox-rpg/pkg/pcg/items/enchantments.go:63.2,64.33 2 1
goldbox-rpg/pkg/pcg/items/enchantments.go:64.33,66.3 1 0
goldbox-rpg/pkg/pcg/items/enchantments.go:69.2,70.88 2 1
goldbox-rpg/pkg/pcg/items/enchantments.go:70.88,75.36 2 1
goldbox-rpg/pkg/pcg/items/enchantments.go:75.36,76.12 1 1
goldbox-rpg/pkg/pcg/items/enchantments.go:80.3,80.79 1 1
goldbox-rpg/pkg/pcg/items/enchantments.go:80.79,81.12 1 0
goldbox-rpg/pkg/pcg/items/enchantments.go:84.3,87.32 2 1
goldbox-rpg/pkg/pcg/items/enchantments.go:87.32,89.4 1 1
goldbox-rpg/pkg/pcg/items/enchantments.go:93.2,96.12 3 1
goldbox-rpg/pkg/pcg/items/enchantments.go:100.123,103.42 2 1
goldbox-rpg/pkg/pcg/items/enchantments.go:103.42,105.65 1 1
goldbox-rpg/pkg/pcg/items/enchantments.go:105.65,106.12 1 1
goldbox-rpg/pkg/pcg/items/enchantments.go:110.3,110.52 1 1
goldbox-rpg/pkg/pcg/items/enchantments.go:110.52,112.4 1 1
goldbox-rpg/pkg/pcg/items/enchantments.go:116.2,116.44 1 1
goldbox-rpg/pkg/pcg/items/enchantments.go:116.44,118.3 1 1
goldbox-rpg/pkg/pcg/items/enchantments.go:120.2,120.18 1 1
goldbox-rpg/pkg/pcg/items/enchantments.go:124.127,126.22 1 1
goldbox-rpg/pkg/pcg/items/enchantments.go:127.22,128.57 1 0
goldbox-rpg/pkg/pcg/items/enchantments.go:129.21,130.56 1 0
goldbox-rpg/pkg/pcg/items/enchantments.go:131.21,132.56 1 1
goldbox-rpg/pkg/pcg/items/enchantments.go:133.20,134.56 1 0
goldbox-rpg/pkg/pcg/items/enchantments.go:135.10,137.64 1 0
goldbox-rpg/pkg/pcg/items/enchantments.go:142.121,143.27 1 1
goldbox-rpg/pkg/pcg/items/enchantments.go:143.27,145.3 1 0
goldbox-rpg/pkg/pcg/items/enchantments.go:148.2,149.15 2 1
goldbox-rpg/pkg/pcg/items/enchantments.go:149.15,151.3 1 0
goldbox-rpg/pkg/pcg/items/enchantments.go:153.2,156.12 3 1
goldbox-rpg/pkg/pcg/items/enchantments.go:160.120,161.26 1 1
goldbox-rpg/pkg/pcg/items/enchantments.go:161.26,163.3 1 0
goldbox-rpg/pkg/pcg/items/enchantments.go:166.2,167.15 2 1
goldbox-rpg/pkg/pcg/items/enchantments.go:167.15,169.3 1 0
goldbox-rpg/pkg/pcg/items/enchantments.go:171.2,175.12 4 1
goldbox-rpg/pkg/pcg/items/enchantments.go:179.120,180.27 1 1
goldbox-rpg/pkg/pcg/items/enchantments.go:180.27,182.3 1 0
goldbox-rpg/pkg/pcg/items/enchantments.go:184.2,188.20 4 1
goldbox-rpg/pkg/pcg/items/enchantments.go:188.20,190.3 1 0
goldbox-rpg/pkg/pcg/items/enchantments.go:192.2,195.12 3 1
goldbox-rpg/pkg/pcg/items/enchantments.go:199.120,200.26 1 1
goldbox-rpg/pkg/pcg/items/enchantments.go:200.26,202.3 1 0
goldbox-rpg/pkg/pcg/items/enchantments.go:204.2,210.12 5 1
goldbox-rpg/pkg/pcg/items/enchantments.go:214.128,218.2 2 0
goldbox-rpg/pkg/pcg/items/enchantments.go:221.110,222.22 1 1
goldbox-rpg/pkg/pcg/items/enchantments.go:223.37,224.30 1 1
goldbox-rpg/pkg/pcg/items/enchantments.go:225.35,226.29 1 1
goldbox-rpg/pkg/pcg/items/enchantments.go:227.28,228.14 1 1
goldbox-rpg/pkg/pcg/items/enchantments.go:229.10,230.14 1 0
goldbox-rpg/pkg/pcg/items/enchantments.go:235.56,312.2 9 1
goldbox-rpg/pkg/pcg/items/generator.go:22.58,31.60 2 1
goldbox-rpg/pkg/pcg/items/generator.go:31.61,33.3 0 0
goldbox-rpg/pkg/pcg/items/generator.go:35.2,35.12 1 1
goldbox-rpg/pkg/pcg/items/generator.go:39.56,42.2 2 1
goldbox-rpg/pkg/pcg/items/generator.go:45.75,47.2 1 1
goldbox-rpg/pkg/pcg/items/generator.go:50.116,52.20 1 1
goldbox-rpg/pkg/pcg/items/generator.go:52.20,54.3 1 1
goldbox-rpg/pkg/pcg/items/generator.go:57.2,72.16 5 1
goldbox-rpg/pkg/pcg/items/generator.go:72.16,74.3 1 0
goldbox-rpg/pkg/pcg/items/generator.go:76.2,77.16 2 1
goldbox-rpg/pkg/pcg/items/generator.go:77.16,79.3 1 0
goldbox-rpg/pkg/pcg/items/generator.go:81.2,81.18 1 1
goldbox-rpg/pkg/pcg/items/generator.go:85.140,86.20 1 1
goldbox-rpg/pkg/pcg/items/generator.go:86.20,88.3 1 0
goldbox-rpg/pkg/pcg/items/generator.go:91.2,103.91 4 1
goldbox-rpg/pkg/pcg/items/generator.go:103.91,105.3 1 0
goldbox-rpg/pkg/pcg/items/generator.go:108.2,112.78 3 1
goldbox-rpg/pkg/pcg/items/generator.go:112.78,114.3 1 0
goldbox-rpg/pkg/pcg/items/generator.go:117.2,117.48 1 1
goldbox-rpg/pkg/pcg/items/generator.go:117.48,118.99 1 1
goldbox-rpg/pkg/pcg/items/generator.go:118.99,120.4 1 0
goldbox-rpg/pkg/pcg/items/generator.go:124.2,126.18 2 1
goldbox-rpg/pkg/pcg/items/generator.go:130.143,131.20 1 1
goldbox-rpg/pkg/pcg/items/generator.go:131.20,133.3 1 0
goldbox-rpg/pkg/pcg/items/generator.go:135.2,140.32 4 1
goldbox-rpg/pkg/pcg/items/generator.go:140.32,149.17 4 1
goldbox-rpg/pkg/pcg/items/generator.go:149.17,150.12 1 1
goldbox-rpg/pkg/pcg/items/generator.go:153.3,154.17 2 1
goldbox-rpg/pkg/pcg/items/generator.go:154.17,155.12 1 0
goldbox-rpg/pkg/pcg/items/generator.go:158.3,158.30 1 1
goldbox-rpg/pkg/pcg/items/generator.go:161.2,161.21 1 1
goldbox-rpg/pkg/pcg/items/generator.go:161.21,163.3 1 0
goldbox-rpg/pkg/pcg/items/generator.go:165.2,165.19 1 1
goldbox-rpg/pkg/pcg/items/generator.go:169.125,170.42 1 1
goldbox-rpg/pkg/pcg/items/generator.go:170.42,178.19 3 1
goldbox-rpg/pkg/pcg/items/generator.go:179.17,180.50 1 1
goldbox-rpg/pkg/pcg/items/generator.go:181.13,182.25 1 0
goldbox-rpg/pkg/pcg/items/generator.go:183.17,184.29 1 1
goldbox-rpg/pkg/pcg/items/generator.go:185.16,186.28 1 1
goldbox-rpg/pkg/pcg/items/generator.go:187.11,189.90 1 1
goldbox-rpg/pkg/pcg/items/generator.go:193.2,193.12 1 1
goldbox-rpg/pkg/pcg/items/generator.go:197.135,201.17 2 1
goldbox-rpg/pkg/pcg/items/generator.go:201.17,203.3 1 0
goldbox-rpg/pkg/pcg/items/generator.go:206.2,206.23 1 1
goldbox-rpg/pkg/pcg/items/generator.go:206.23,207.90 1 1
goldbox-rpg/pkg/pcg/items/generator.go:207.90,209.4 1 1
goldbox-rpg/pkg/pcg/items/generator.go:212.2,212.12 1 1
goldbox-rpg/pkg/pcg/items/generator.go:216.128,220.21 2 1
goldbox-rpg/pkg/pcg/items/generator.go:220.21,222.3 1 0
goldbox-rpg/pkg/pcg/items/generator.go:225.2,228.22 2 1
goldbox-rpg/pkg/pcg/items/generator.go:228.22,229.20 1 1
goldbox-rpg/pkg/pcg/items/generator.go:230.17,231.19 1 1
goldbox-rpg/pkg/pcg/items/generator.go:232.16,233.20 1 0
goldbox-rpg/pkg/pcg/items/generator.go:234.21,235.19 1 0
goldbox-rpg/pkg/pcg/items/generator.go:236.11,237.19 1 0
goldbox-rpg/pkg/pcg/items/generator.go:243.90,245.22 1 1
goldbox-rpg/pkg/pcg/items/generator.go:245.22,247.3 1 1
goldbox-rpg/pkg/pcg/items/generator.go:248.2,248.15 1 1
goldbox-rpg/pkg/pcg/items/generator.go:252.83,253.17 1 1
goldbox-rpg/pkg/pcg/items/generator.go:254.24,255.11 1 0
goldbox-rpg/pkg/pcg/items/generator.go:256.26,257.11 1 1
goldbox-rpg/pkg/pcg/items/generator.go:258.26,259.11 1 0
goldbox-rpg/pkg/pcg/items/generator.go:260.27,261.11 1 0
goldbox-rpg/pkg/pcg/items/generator.go:262.10,263.11 1 0
goldbox-rpg/pkg/pcg/items/generator.go:268.89,269.17 1 1
goldbox-rpg/pkg/pcg/items/generator.go:270.24,271.47 1 0
goldbox-rpg/pkg/pcg/items/generator.go:272.26,273.53 1 1
goldbox-rpg/pkg/pcg/items/generator.go:274.26,275.48 1 0
goldbox-rpg/pkg/pcg/items/generator.go:276.27,277.48 1 0
goldbox-rpg/pkg/pcg/items/generator.go:278.24,279.47 1 0
goldbox-rpg/pkg/pcg/items/generator.go:280.10,281.26 1 0
goldbox-rpg/pkg/pcg/items/generator.go:286.62,288.2 1 1
goldbox-rpg/pkg/pcg/items/generator.go:291.56,293.2 1 1
goldbox-rpg/pkg/pcg/items/generator.go:296.80,297.22 1 1
goldbox-rpg/pkg/pcg/items/generator.go:297.22,299.3 1 1
goldbox-rpg/pkg/pcg/items/generator.go:301.2,301.55 1 1
goldbox-rpg/pkg/pcg/items/generator.go:301.55,303.3 1 1
goldbox-rpg/pkg/pcg/items/generator.go:305.2,305.53 1 1
goldbox-rpg/pkg/pcg/items/generator.go:305.53,307.3 1 1
goldbox-rpg/pkg/pcg/items/generator.go:309.2,309.12 1 1
goldbox-rpg/pkg/pcg/items/generator.go:313.30,315.2 1 1
goldbox-rpg/pkg/pcg/items/generator.go:318.107,332.34 4 1
goldbox-rpg/pkg/pcg/items/generator.go:332.34,333.26 1 1
goldbox-rpg/pkg/pcg/items/generator.go:333.26,335.4 1 1
goldbox-rpg/pkg/pcg/items/generator.go:336.3,336.26 1 1
goldbox-rpg/pkg/pcg/items/generator.go:336.26,338.4 1 1
goldbox-rpg/pkg/pcg/items/generator.go:342.2,342.25 1 1
goldbox-rpg/pkg/pcg/items/generator.go:342.25,344.3 1 0
goldbox-rpg/pkg/pcg/items/generator.go:347.2,348.32 2 1
goldbox-rpg/pkg/pcg/items/templates.go:36.54,41.2 1 1
goldbox-rpg/pkg/pcg/items/templates.go:44.63,109.2 10 1
goldbox-rpg/pkg/pcg/items/templates.go:112.70,113.29 1 1
goldbox-rpg/pkg/pcg/items/templates.go:113.29,115.3 1 0
goldbox-rpg/pkg/pcg/items/templates.go:116.2,116.34 1 1
goldbox-rpg/pkg/pcg/items/templates.go:116.34,118.3 1 0
goldbox-rpg/pkg/pcg/items/templates.go:119.2,119.12 1 1
goldbox-rpg/pkg/pcg/items/templates.go:123.72,125.16 2 1
goldbox-rpg/pkg/pcg/items/templates.go:125.16,127.3 1 1
goldbox-rpg/pkg/pcg/items/templates.go:129.2,130.58 2 1
goldbox-rpg/pkg/pcg/items/templates.go:130.58,132.3 1 1
goldbox-rpg/pkg/pcg/items/templates.go:135.2,135.51 1 1
goldbox-rpg/pkg/pcg/items/templates.go:135.51,136.22 1 1
goldbox-rpg/pkg/pcg/items/templates.go:136.22,137.12 1 0
goldbox-rpg/pkg/pcg/items/templates.go:139.3,139.58 1 1
goldbox-rpg/pkg/pcg/items/templates.go:139.58,141.4 1 0
goldbox-rpg/pkg/pcg/items/templates.go:142.3,142.33 1 1
goldbox-rpg/pkg/pcg/items/templates.go:146.2,146.59 1 1
goldbox-rpg/pkg/pcg/items/templates.go:146.59,148.3 1 1
goldbox-rpg/pkg/pcg/items/templates.go:151.2,151.29 1 1
goldbox-rpg/pkg/pcg/items/templates.go:151.29,153.3 1 1
goldbox-rpg/pkg/pcg/items/templates.go:154.2,154.35 1 1
goldbox-rpg/pkg/pcg/items/templates.go:154.35,156.3 1 1
goldbox-rpg/pkg/pcg/items/templates.go:158.2,158.12 1 1
goldbox-rpg/pkg/pcg/items/templates.go:162.113,164.13 2 1
goldbox-rpg/pkg/pcg/items/templates.go:164.13,166.3 1 1
goldbox-rpg/pkg/pcg/items/templates.go:169.2,170.52 2 1
goldbox-rpg/pkg/pcg/items/templates.go:170.52,171.32 1 1
goldbox-rpg/pkg/pcg/items/templates.go:171.32,173.9 2 1
goldbox-rpg/pkg/pcg/items/templates.go:177.2,177.16 1 1
goldbox-rpg/pkg/pcg/items/templates.go:177.16,181.3 2 0
goldbox-rpg/pkg/pcg/items/templates.go:184.2,185.27 2 1
goldbox-rpg/pkg/pcg/items/templates.go:189.90,190.61 1 1
goldbox-rpg/pkg/pcg/items/templates.go:190.61,192.3 1 1
goldbox-rpg/pkg/pcg/items/templates.go:194.2,194.46 1 0
goldbox-rpg/pkg/pcg/items/templates.go:198.63,252.2 6 1
goldbox-rpg/pkg/pcg/items/templates.go:255.97,265.33 5 1
goldbox-rpg/pkg/pcg/items/templates.go:265.33,268.3 2 1
goldbox-rpg/pkg/pcg/items/templates.go:271.2,271.59 1 1
goldbox-rpg/pkg/pcg/items/templates.go:271.59,274.3 2 1
goldbox-rpg/pkg/pcg/items/templates.go:277.2,277.59 1 1
goldbox-rpg/pkg/pcg/items/templates.go:277.59,280.3 2 1
goldbox-rpg/pkg/pcg/items/templates.go:282.2,282.17 1 1
goldbox-rpg/pkg/pcg/terrain/biomes.go:109.72,111.13 2 1
goldbox-rpg/pkg/pcg/terrain/biomes.go:111.13,113.3 1 1
goldbox-rpg/pkg/pcg/terrain/biomes.go:116.2,117.21 2 1
goldbox-rpg/pkg/pcg/terrain/biomes.go:121.84,123.16 2 1
goldbox-rpg/pkg/pcg/terrain/biomes.go:123.16,125.3 1 0
goldbox-rpg/pkg/pcg/terrain/biomes.go:128.2,128.25 1 1
goldbox-rpg/pkg/pcg/terrain/biomes.go:128.25,130.3 1 1
goldbox-rpg/pkg/pcg/terrain/biomes.go:132.2,136.28 3 1
goldbox-rpg/pkg/pcg/terrain/biomes.go:136.28,138.3 1 1
goldbox-rpg/pkg/pcg/terrain/biomes.go:140.2,140.12 1 1
goldbox-rpg/pkg/pcg/terrain/biomes.go:144.74,146.16 2 1
goldbox-rpg/pkg/pcg/terrain/biomes.go:146.16,148.3 1 1
goldbox-rpg/pkg/pcg/terrain/biomes.go:150.2,150.26 1 1
goldbox-rpg/pkg/pcg/terrain/biomes.go:154.80,156.16 2 1
goldbox-rpg/pkg/pcg/terrain/biomes.go:156.16,158.3 1 0
goldbox-rpg/pkg/pcg/terrain/biomes.go:161.2,162.41 2 1
goldbox-rpg/pkg/pcg/terrain/biomes.go:162.41,164.3 1 1
goldbox-rpg/pkg/pcg/terrain/biomes.go:166.2,166.20 1 1
goldbox-rpg/pkg/pcg/terrain/cellular_automata.go:26.48,38.2 1 1
goldbox-rpg/pkg/pcg/terrain/cellular_automata.go:41.51,53.2 1 1
goldbox-rpg/pkg/pcg/terrain/cellular_automata.go:56.118,57.19 1 1
goldbox-rpg/pkg/pcg/terrain/cellular_automata.go:57.19,59.3 1 1
goldbox-rpg/pkg/pcg/terrain/cellular_automata.go:62.2,63.27 2 1
goldbox-rpg/pkg/pcg/terrain/cellular_automata.go:63.27,65.3 1 1
goldbox-rpg/pkg/pcg/terrain/cellular_automata.go:65.8,67.3 1 1
goldbox-rpg/pkg/pcg/terrain/cellular_automata.go:68.2,68.16 1 1
goldbox-rpg/pkg/pcg/terrain/cellular_automata.go:68.16,70.3 1 0
goldbox-rpg/pkg/pcg/terrain/cellular_automata.go:73.2,73.44 1 1
goldbox-rpg/pkg/pcg/terrain/cellular_automata.go:73.44,74.80 1 1
goldbox-rpg/pkg/pcg/terrain/cellular_automata.go:74.80,76.4 1 0
goldbox-rpg/pkg/pcg/terrain/cellular_automata.go:80.2,80.70 1 1
goldbox-rpg/pkg/pcg/terrain/cellular_automata.go:80.70,82.3 1 0
goldbox-rpg/pkg/pcg/terrain/cellular_automata.go:85.2,85.46 1 1
goldbox-rpg/pkg/pcg/terrain/cellular_automata.go:85.46,86.53 1 1
goldbox-rpg/pkg/pcg/terrain/cellular_automata.go:86.53,88.4 1 0
goldbox-rpg/pkg/pcg/terrain/cellular_automata.go:92.2,92.74 1 1
goldbox-rpg/pkg/pcg/terrain/cellular_automata.go:92.74,94.3 1 0
goldbox-rpg/pkg/pcg/terrain/cellular_automata.go:96.2,96.12 1 1
goldbox-rpg/pkg/pcg/terrain/cellular_automata.go:100.88,105.38 2 1
goldbox-rpg/pkg/pcg/terrain/cellular_automata.go:105.38,106.38 1 1
goldbox-rpg/pkg/pcg/terrain/cellular_automata.go:106.38,107.38 1 1
goldbox-rpg/pkg/pcg/terrain/cellular_automata.go:107.38,112.5 4 1
goldbox-rpg/pkg/pcg/terrain/cellular_automata.go:112.10,117.5 4 1
goldbox-rpg/pkg/pcg/terrain/cellular_automata.go:121.2,121.12 1 1
goldbox-rpg/pkg/pcg/terrain/cellular_automata.go:127.114,128.37 1 1
goldbox-rpg/pkg/pcg/terrain/cellular_automata.go:128.37,130.3 1 1
goldbox-rpg/pkg/pcg/terrain/cellular_automata.go:133.2,136.16 2 1
goldbox-rpg/pkg/pcg/terrain/cellular_automata.go:136.16,138.3 1 1
goldbox-rpg/pkg/pcg/terrain/cellular_automata.go:140.2,140.38 1 1
goldbox-rpg/pkg/pcg/terrain/cellular_automata.go:140.38,141.38 1 1
goldbox-rpg/pkg/pcg/terrain/cellular_automata.go:141.38,149.40 3 1
goldbox-rpg/pkg/pcg/terrain/cellular_automata.go:149.40,154.5 4 1
goldbox-rpg/pkg/pcg/terrain/cellular_automata.go:154.10,159.5 4 1
goldbox-rpg/pkg/pcg/terrain/cellular_automata.go:163.2,163.12 1 1
goldbox-rpg/pkg/pcg/terrain/cellular_automata.go:167.109,169.26 2 1
goldbox-rpg/pkg/pcg/terrain/cellular_automata.go:169.26,172.3 2 1
goldbox-rpg/pkg/pcg/terrain/cellular_automata.go:174.2,174.38 1 1
goldbox-rpg/pkg/pcg/terrain/cellular_automata.go:174.38,175.38 1 1
goldbox-rpg/pkg/pcg/terrain/cellular_automata.go:175.38,178.41 2 1
goldbox-rpg/pkg/pcg/terrain/cellular_automata.go:178.41,183.5 4 1
goldbox-rpg/pkg/pcg/terrain/cellular_automata.go:183.10,183.49 1 1
goldbox-rpg/pkg/pcg/terrain/cellular_automata.go:183.49,188.5 4 1
goldbox-rpg/pkg/pcg/terrain/cellular_automata.go:193.2,194.12 2 1
goldbox-rpg/pkg/pcg/terrain/cellular_automata.go:198.62,201.30 2 1
goldbox-rpg/pkg/pcg/terrain/cellular_automata.go:201.30,202.31 1 1
goldbox-rpg/pkg/pcg/terrain/cellular_automata.go:202.31,203.26 1 1
goldbox-rpg/pkg/pcg/terrain/cellular_automata.go:203.26,204.13 1 1
goldbox-rpg/pkg/pcg/terrain/cellular_automata.go:207.4,210.71 2 1
goldbox-rpg/pkg/pcg/terrain/cellular_automata.go:210.71,212.5 1 1
goldbox-rpg/pkg/pcg/terrain/cellular_automata.go:212.10,212.46 1 1
goldbox-rpg/pkg/pcg/terrain/cellular_automata.go:212.46,214.5 1 1
goldbox-rpg/pkg/pcg/terrain/cellular_automata.go:218.2,218.18 1 1
goldbox-rpg/pkg/pcg/terrain/cellular_automata.go:222.65,224.25 2 1
goldbox-rpg/pkg/pcg/terrain/cellular_automata.go:224.25,226.3 1 1
goldbox-rpg/pkg/pcg/terrain/cellular_automata.go:228.2,228.38 1 1
goldbox-rpg/pkg/pcg/terrain/cellular_automata.go:228.38,229.38 1 1
goldbox-rpg/pkg/pcg/terrain/cellular_automata.go:229.38,230.54 1 1
goldbox-rpg/pkg/pcg/terrain/cellular_automata.go:230.54,232.28 2 1
goldbox-rpg/pkg/pcg/terrain/cellular_automata.go:232.28,234.31 1 1
goldbox-rpg/pkg/pcg/terrain/cellular_automata.go:234.31,239.7 4 1
goldbox-rpg/pkg/pcg/terrain/cellular_automata.go:245.2,245.12 1 1
goldbox-rpg/pkg/pcg/terrain/cellular_automata.go:249.97,255.21 4 1
goldbox-rpg/pkg/pcg/terrain/cellular_automata.go:255.21,259.82 3 1
goldbox-rpg/pkg/pcg/terrain/cellular_automata.go:259.82,260.12 1 1
goldbox-rpg/pkg/pcg/terrain/cellular_automata.go:263.3,263.69 1 1
goldbox-rpg/pkg/pcg/terrain/cellular_automata.go:263.69,264.12 1 1
goldbox-rpg/pkg/pcg/terrain/cellular_automata.go:267.3,274.63 6 1
goldbox-rpg/pkg/pcg/terrain/cellular_automata.go:277.2,277.13 1 1
goldbox-rpg/pkg/pcg/terrain/cellular_automata.go:281.54,283.26 2 1
goldbox-rpg/pkg/pcg/terrain/cellular_automata.go:283.26,286.3 2 1
goldbox-rpg/pkg/pcg/terrain/cellular_automata.go:288.2,288.40 1 1
goldbox-rpg/pkg/pcg/terrain/cellular_automata.go:288.40,289.40 1 1
goldbox-rpg/pkg/pcg/terrain/cellular_automata.go:289.40,293.54 2 1
goldbox-rpg/pkg/pcg/terrain/cellular_automata.go:293.54,298.5 4 1
goldbox-rpg/pkg/pcg/terrain/cellular_automata.go:298.10,298.60 1 1
goldbox-rpg/pkg/pcg/terrain/cellular_automata.go:298.60,303.5 4 1
goldbox-rpg/pkg/pcg/terrain/cellular_automata.go:307.2,308.12 2 1
goldbox-rpg/pkg/pcg/terrain/cellular_automata.go:312.69,313.38 1 1
goldbox-rpg/pkg/pcg/terrain/cellular_automata.go:313.38,314.38 1 1
goldbox-rpg/pkg/pcg/terrain/cellular_automata.go:314.38,315.91 1 1
goldbox-rpg/pkg/pcg/terrain/cellular_automata.go:315.91,320.5 4 1
goldbox-rpg/pkg/pcg/terrain/cellular_automata.go:324.2,324.12 1 1
goldbox-rpg/pkg/pcg/terrain/generator.go:13.103,15.9 2 1
goldbox-rpg/pkg/pcg/terrain/generator.go:15.9,17.3 1 1
goldbox-rpg/pkg/pcg/terrain/generator.go:19.2,20.9 2 1
goldbox-rpg/pkg/pcg/terrain/generator.go:20.9,22.3 1 1
goldbox-rpg/pkg/pcg/terrain/generator.go:24.2,25.9 2 1
goldbox-rpg/pkg/pcg/terrain/generator.go:25.9,27.3 1 1
goldbox-rpg/pkg/pcg/terrain/generator.go:29.2,29.42 1 1
goldbox-rpg/pkg/pcg/terrain/generator.go:39.64,43.2 1 1
goldbox-rpg/pkg/pcg/terrain/generator.go:46.119,48.16 2 0
goldbox-rpg/pkg/pcg/terrain/generator.go:48.16,50.3 1 0
goldbox-rpg/pkg/pcg/terrain/generator.go:51.2,51.63 1 0
goldbox-rpg/pkg/pcg/terrain/generator.go:55.144,68.30 4 0
goldbox-rpg/pkg/pcg/terrain/generator.go:68.30,70.3 1 0
goldbox-rpg/pkg/pcg/terrain/generator.go:73.2,77.34 3 0
goldbox-rpg/pkg/pcg/terrain/generator.go:77.34,79.10 1 0
goldbox-rpg/pkg/pcg/terrain/generator.go:80.21,81.25 1 0
goldbox-rpg/pkg/pcg/terrain/generator.go:82.11,82.11 0 0
goldbox-rpg/pkg/pcg/terrain/generator.go:85.3,85.49 1 0
goldbox-rpg/pkg/pcg/terrain/generator.go:89.2,89.68 1 0
goldbox-rpg/pkg/pcg/terrain/generator.go:89.68,91.3 1 0
goldbox-rpg/pkg/pcg/terrain/generator.go:94.2,94.49 1 0
goldbox-rpg/pkg/pcg/terrain/generator.go:94.49,95.86 1 0
goldbox-rpg/pkg/pcg/terrain/generator.go:95.86,97.4 1 0
goldbox-rpg/pkg/pcg/terrain/generator.go:100.2,100.21 1 0
goldbox-rpg/pkg/pcg/terrain/generator.go:104.166,109.2 2 0
goldbox-rpg/pkg/pcg/terrain/generator.go:112.88,116.2 3 0
goldbox-rpg/pkg/pcg/terrain/generator.go:119.65,121.2 1 0
goldbox-rpg/pkg/pcg/terrain/generator.go:124.59,126.2 1 0
goldbox-rpg/pkg/pcg/terrain/generator.go:129.83,133.56 2 0
goldbox-rpg/pkg/pcg/terrain/generator.go:133.56,135.3 1 0
goldbox-rpg/pkg/pcg/terrain/generator.go:137.2,138.9 2 0
goldbox-rpg/pkg/pcg/terrain/generator.go:138.9,140.3 1 0
goldbox-rpg/pkg/pcg/terrain/generator.go:142.2,143.23 2 0
goldbox-rpg/pkg/pcg/terrain/generator.go:143.23,145.3 1 0
goldbox-rpg/pkg/pcg/terrain/generator.go:147.2,147.12 1 0
goldbox-rpg/pkg/pcg/terrain/generator.go:151.141,154.26 2 0
goldbox-rpg/pkg/pcg/terrain/generator.go:154.26,156.3 1 0
goldbox-rpg/pkg/pcg/terrain/generator.go:158.2,158.38 1 0
goldbox-rpg/pkg/pcg/terrain/generator.go:158.38,159.38 1 0
goldbox-rpg/pkg/pcg/terrain/generator.go:159.38,161.73 1 0
goldbox-rpg/pkg/pcg/terrain/generator.go:161.73,163.5 1 0
goldbox-rpg/pkg/pcg/terrain/generator.go:163.10,165.47 1 0
goldbox-rpg/pkg/pcg/terrain/generator.go:165.47,167.6 1 0
goldbox-rpg/pkg/pcg/terrain/generator.go:167.11,169.6 1 0
goldbox-rpg/pkg/pcg/terrain/generator.go:176.119,178.38 2 0
goldbox-rpg/pkg/pcg/terrain/generator.go:178.38,180.3 1 0
goldbox-rpg/pkg/pcg/terrain/generator.go:182.2,182.38 1 0
goldbox-rpg/pkg/pcg/terrain/generator.go:182.38,183.38 1 0
goldbox-rpg/pkg/pcg/terrain/generator.go:183.38,187.22 2 0
goldbox-rpg/pkg/pcg/terrain/generator.go:187.22,189.5 1 0
goldbox-rpg/pkg/pcg/terrain/generator.go:189.10,189.29 1 0
goldbox-rpg/pkg/pcg/terrain/generator.go:189.29,191.5 1 0
goldbox-rpg/pkg/pcg/terrain/generator.go:191.10,194.5 1 0
goldbox-rpg/pkg/pcg/terrain/generator.go:198.2,198.26 1 0
goldbox-rpg/pkg/pcg/terrain/generator.go:202.107,205.44 2 1
goldbox-rpg/pkg/pcg/terrain/generator.go:205.44,206.45 1 1
goldbox-rpg/pkg/pcg/terrain/generator.go:206.45,208.67 1 1
goldbox-rpg/pkg/pcg/terrain/generator.go:208.67,210.5 1 0
goldbox-rpg/pkg/pcg/terrain/generator.go:210.10,210.44 1 1
goldbox-rpg/pkg/pcg/terrain/generator.go:210.44,212.5 1 1
goldbox-rpg/pkg/pcg/terrain/generator.go:216.2,216.14 1 1
goldbox-rpg/pkg/pcg/terrain/generator.go:220.140,221.26 1 0
goldbox-rpg/pkg/pcg/terrain/generator.go:222.21,223.54 1 0
goldbox-rpg/pkg/pcg/terrain/generator.go:224.24,225.57 1 0
goldbox-rpg/pkg/pcg/terrain/generator.go:226.22,227.55 1 0
goldbox-rpg/pkg/pcg/terrain/generator.go:228.10,229.57 1 0
goldbox-rpg/pkg/pcg/terrain/generator.go:234.141,236.27 1 0
goldbox-rpg/pkg/pcg/terrain/generator.go:236.27,238.3 1 0
goldbox-rpg/pkg/pcg/terrain/generator.go:241.2,241.28 1 0
goldbox-rpg/pkg/pcg/terrain/generator.go:241.28,243.3 1 0
goldbox-rpg/pkg/pcg/terrain/generator.go:245.2,245.12 1 0
goldbox-rpg/pkg/pcg/terrain/generator.go:249.144,257.2 3 0
goldbox-rpg/pkg/pcg/terrain/generator.go:260.142,268.2 3 0
goldbox-rpg/pkg/pcg/terrain/generator.go:271.144,273.27 1 0
goldbox-rpg/pkg/pcg/terrain/generator.go:273.27,275.3 1 0
goldbox-rpg/pkg/pcg/terrain/generator.go:277.2,277.12 1 0
goldbox-rpg/pkg/pcg/terrain/generator.go:281.147,282.15 1 0
goldbox-rpg/pkg/pcg/terrain/generator.go:283.31,284.56 1 0
goldbox-rpg/pkg/pcg/terrain/generator.go:285.32,286.57 1 0
goldbox-rpg/pkg/pcg/terrain/generator.go:287.28,288.53 1 0
goldbox-rpg/pkg/pcg/terrain/generator.go:289.32,290.57 1 0
goldbox-rpg/pkg/pcg/terrain/generator.go:291.10,292.13 1 0
goldbox-rpg/pkg/pcg/terrain/generator.go:297.125,301.23 2 1
goldbox-rpg/pkg/pcg/terrain/generator.go:301.23,303.3 1 1
goldbox-rpg/pkg/pcg/terrain/generator.go:306.2,307.33 2 1
goldbox-rpg/pkg/pcg/terrain/generator.go:307.33,308.22 1 1
goldbox-rpg/pkg/pcg/terrain/generator.go:308.22,310.4 1 1
goldbox-rpg/pkg/pcg/terrain/generator.go:313.2,313.12 1 1
goldbox-rpg/pkg/pcg/terrain/generator.go:318.126,320.23 2 1
goldbox-rpg/pkg/pcg/terrain/generator.go:320.23,322.3 1 0
goldbox-rpg/pkg/pcg/terrain/generator.go:325.2,326.33 2 1
goldbox-rpg/pkg/pcg/terrain/generator.go:326.33,327.22 1 1
goldbox-rpg/pkg/pcg/terrain/generator.go:327.22,329.4 1 1
goldbox-rpg/pkg/pcg/terrain/generator.go:333.2,333.22 1 1
goldbox-rpg/pkg/pcg/terrain/generator.go:333.22,335.23 2 1
goldbox-rpg/pkg/pcg/terrain/generator.go:335.23,337.4 1 0
goldbox-rpg/pkg/pcg/terrain/generator.go:338.3,338.39 1 1
goldbox-rpg/pkg/pcg/terrain/generator.go:338.39,342.27 3 1
goldbox-rpg/pkg/pcg/terrain/generator.go:342.27,344.5 1 0
goldbox-rpg/pkg/pcg/terrain/generator.go:345.4,345.43 1 1
goldbox-rpg/pkg/pcg/terrain/generator.go:345.43,347.5 1 0
goldbox-rpg/pkg/pcg/terrain/generator.go:348.4,348.61 1 1
goldbox-rpg/pkg/pcg/terrain/generator.go:352.2,352.12 1 1
goldbox-rpg/pkg/pcg/terrain/generator.go:357.122,359.23 2 1
goldbox-rpg/pkg/pcg/terrain/generator.go:359.23,361.3 1 0
goldbox-rpg/pkg/pcg/terrain/generator.go:364.2,365.33 2 1
goldbox-rpg/pkg/pcg/terrain/generator.go:365.33,366.22 1 1
goldbox-rpg/pkg/pcg/terrain/generator.go:366.22,368.4 1 1
goldbox-rpg/pkg/pcg/terrain/generator.go:372.2,372.25 1 1
goldbox-rpg/pkg/pcg/terrain/generator.go:372.25,374.42 2 1
goldbox-rpg/pkg/pcg/terrain/generator.go:374.42,376.4 1 1
goldbox-rpg/pkg/pcg/terrain/generator.go:379.2,379.12 1 1
goldbox-rpg/pkg/pcg/terrain/generator.go:384.126,386.23 2 1
goldbox-rpg/pkg/pcg/terrain/generator.go:386.23,388.3 1 0
goldbox-rpg/pkg/pcg/terrain/generator.go:391.2,392.33 2 1
goldbox-rpg/pkg/pcg/terrain/generator.go:392.33,393.22 1 1
goldbox-rpg/pkg/pcg/terrain/generator.go:393.22,395.4 1 1
goldbox-rpg/pkg/pcg/terrain/generator.go:399.2,402.36 2 1
goldbox-rpg/pkg/pcg/terrain/generator.go:402.36,403.41 1 1
goldbox-rpg/pkg/pcg/terrain/generator.go:403.41,405.25 2 1
goldbox-rpg/pkg/pcg/terrain/generator.go:405.25,407.5 1 1
goldbox-rpg/pkg/pcg/terrain/generator.go:411.2,411.12 1 1
goldbox-rpg/pkg/pcg/terrain/generator.go:416.103,417.68 1 1
goldbox-rpg/pkg/pcg/terrain/generator.go:417.68,419.3 1 1
goldbox-rpg/pkg/pcg/terrain/generator.go:421.2,424.33 3 1
goldbox-rpg/pkg/pcg/terrain/generator.go:424.33,425.21 1 1
goldbox-rpg/pkg/pcg/terrain/generator.go:425.21,426.12 1 1
goldbox-rpg/pkg/pcg/terrain/generator.go:428.3,429.25 2 1
goldbox-rpg/pkg/pcg/terrain/generator.go:429.25,432.4 2 1
goldbox-rpg/pkg/pcg/terrain/generator.go:435.2,435.19 1 1
goldbox-rpg/pkg/pcg/terrain/generator.go:439.92,440.44 1 1
goldbox-rpg/pkg/pcg/terrain/generator.go:440.44,442.3 1 1
goldbox-rpg/pkg/pcg/terrain/generator.go:444.2,445.29 2 1
goldbox-rpg/pkg/pcg/terrain/generator.go:445.29,446.30 1 1
goldbox-rpg/pkg/pcg/terrain/generator.go:446.30,448.22 2 1
goldbox-rpg/pkg/pcg/terrain/generator.go:448.22,450.5 1 1
goldbox-rpg/pkg/pcg/terrain/generator.go:453.2,453.16 1 1
goldbox-rpg/pkg/pcg/terrain/generator.go:458.124,459.22 1 1
goldbox-rpg/pkg/pcg/terrain/generator.go:459.22,461.3 1 0
goldbox-rpg/pkg/pcg/terrain/generator.go:465.2,469.20 3 1
goldbox-rpg/pkg/pcg/terrain/generator.go:469.20,471.3 1 1
goldbox-rpg/pkg/pcg/terrain/generator.go:473.2,473.18 1 1
goldbox-rpg/pkg/pcg/terrain/generator.go:477.69,484.2 1 0
goldbox-rpg/pkg/pcg/terrain/generator.go:486.70,493.2 1 1
goldbox-rpg/pkg/pcg/terrain/generator.go:495.70,502.2 1 0
goldbox-rpg/pkg/pcg/terrain/generator.go:505.79,508.2 1 0
goldbox-rpg/pkg/pcg/terrain/generator.go:510.125,513.15 2 0
goldbox-rpg/pkg/pcg/terrain/generator.go:514.21,516.28 2 0
goldbox-rpg/pkg/pcg/terrain/generator.go:517.24,519.29 2 0
goldbox-rpg/pkg/pcg/terrain/generator.go:520.22,522.28 2 0
goldbox-rpg/pkg/pcg/terrain/generator.go:525.2,525.17 1 0
goldbox-rpg/pkg/pcg/terrain/generator.go:529.130,531.40 1 0
goldbox-rpg/pkg/pcg/terrain/generator.go:531.40,532.40 1 0
goldbox-rpg/pkg/pcg/terrain/generator.go:532.40,533.73 1 0
goldbox-rpg/pkg/pcg/terrain/generator.go:533.73,535.5 1 0
goldbox-rpg/pkg/pcg/terrain/generator.go:542.128,543.55 1 1
goldbox-rpg/pkg/pcg/terrain/generator.go:543.55,545.3 1 1
goldbox-rpg/pkg/pcg/terrain/generator.go:547.2,547.40 1 1
goldbox-rpg/pkg/pcg/terrain/generator.go:547.40,548.40 1 1
goldbox-rpg/pkg/pcg/terrain/generator.go:548.40,550.22 2 1
goldbox-rpg/pkg/pcg/terrain/generator.go:550.22,551.13 1 1
goldbox-rpg/pkg/pcg/terrain/generator.go:555.4,556.22 2 1
goldbox-rpg/pkg/pcg/terrain/generator.go:556.22,557.13 1 1
goldbox-rpg/pkg/pcg/terrain/generator.go:561.4,562.42 2 1
goldbox-rpg/pkg/pcg/terrain/generator.go:562.42,567.5 2 1
goldbox-rpg/pkg/pcg/terrain/generator.go:574.109,575.37 1 1
goldbox-rpg/pkg/pcg/terrain/generator.go:575.37,577.3 1 1
goldbox-rpg/pkg/pcg/terrain/generator.go:579.2,579.40 1 1
goldbox-rpg/pkg/pcg/terrain/generator.go:579.40,580.40 1 1
goldbox-rpg/pkg/pcg/terrain/generator.go:580.40,581.37 1 1
goldbox-rpg/pkg/pcg/terrain/generator.go:581.37,582.13 1 1
goldbox-rpg/pkg/pcg/terrain/generator.go:586.4,597.48 3 1
goldbox-rpg/pkg/pcg/terrain/generator.go:597.48,599.35 1 1
goldbox-rpg/pkg/pcg/terrain/generator.go:599.35,603.6 2 0
goldbox-rpg/pkg/pcg/terrain/generator.go:611.111,612.37 1 1
goldbox-rpg/pkg/pcg/terrain/generator.go:612.37,614.3 1 1
goldbox-rpg/pkg/pcg/terrain/generator.go:616.2,618.40 2 1
goldbox-rpg/pkg/pcg/terrain/generator.go:618.40,619.40 1 1
goldbox-rpg/pkg/pcg/terrain/generator.go:619.40,621.21 2 1
goldbox-rpg/pkg/pcg/terrain/generator.go:621.21,622.13 1 1
goldbox-rpg/pkg/pcg/terrain/generator.go:625.4,625.51 1 1
goldbox-rpg/pkg/pcg/terrain/generator.go:625.51,626.13 1 0
goldbox-rpg/pkg/pcg/terrain/generator.go:629.4,629.69 1 1
goldbox-rpg/pkg/pcg/terrain/generator.go:629.69,630.13 1 1
goldbox-rpg/pkg/pcg/terrain/generator.go:633.4,633.34 1 1
goldbox-rpg/pkg/pcg/terrain/generator.go:633.34,636.5 2 1
goldbox-rpg/pkg/pcg/terrain/generator.go:641.101,642.30 1 1
goldbox-rpg/pkg/pcg/terrain/generator.go:642.30,643.31 1 1
goldbox-rpg/pkg/pcg/terrain/generator.go:643.31,644.26 1 1
goldbox-rpg/pkg/pcg/terrain/generator.go:644.26,645.13 1 0
goldbox-rpg/pkg/pcg/terrain/generator.go:647.4,648.71 2 1
goldbox-rpg/pkg/pcg/terrain/generator.go:648.71,649.39 1 1
goldbox-rpg/pkg/pcg/terrain/generator.go:649.39,651.6 1 1
goldbox-rpg/pkg/pcg/terrain/generator.go:655.2,655.14 1 0
goldbox-rpg/pkg/pcg/terrain/generator.go:658.115,659.48 1 1
goldbox-rpg/pkg/pcg/terrain/generator.go:659.48,660.49 1 1
goldbox-rpg/pkg/pcg/terrain/generator.go:660.49,662.71 2 1
goldbox-rpg/pkg/pcg/terrain/generator.go:662.71,663.81 1 1
goldbox-rpg/pkg/pcg/terrain/generator.go:663.81,665.6 1 1
goldbox-rpg/pkg/pcg/terrain/generator.go:669.2,669.14 1 1
goldbox-rpg/pkg/pcg/terrain/generator.go:673.43,675.2 1 1
goldbox-rpg/pkg/pcg/terrain/generator.go:678.62,680.30 2 0
goldbox-rpg/pkg/pcg/terrain/generator.go:680.30,681.31 1 0
goldbox-rpg/pkg/pcg/terrain/generator.go:681.31,683.71 2 0
goldbox-rpg/pkg/pcg/terrain/generator.go:683.71,684.44 1 0
goldbox-rpg/pkg/pcg/terrain/generator.go:684.44,686.6 1 0
goldbox-rpg/pkg/pcg/terrain/generator.go:690.2,690.14 1 0
goldbox-rpg/pkg/pcg/terrain/generator.go:694.127,695.41 1 0
goldbox-rpg/pkg/pcg/terrain/generator.go:695.41,697.3 1 0
goldbox-rpg/pkg/pcg/terrain/generator.go:698.2,699.71 2 0
goldbox-rpg/pkg/pcg/terrain/generator.go:699.71,702.3 2 0
goldbox-rpg/pkg/pcg/terrain/generator.go:706.59,707.9 1 1
goldbox-rpg/pkg/pcg/terrain/generator.go:708.21,710.19 2 1
goldbox-rpg/pkg/pcg/terrain/generator.go:711.21,713.19 2 1
goldbox-rpg/pkg/pcg/terrain/generator.go:714.10,716.19 2 1
goldbox-rpg/pkg/pcg/terrain/generator.go:722.124,723.53 1 1
goldbox-rpg/pkg/pcg/terrain/generator.go:723.53,725.3 1 1
goldbox-rpg/pkg/pcg/terrain/generator.go:727.2,727.40 1 1
goldbox-rpg/pkg/pcg/terrain/generator.go:727.40,728.40 1 1
goldbox-rpg/pkg/pcg/terrain/generator.go:728.40,730.22 2 1
goldbox-rpg/pkg/pcg/terrain/generator.go:730.22,731.13 1 0
goldbox-rpg/pkg/pcg/terrain/generator.go:734.4,734.25 1 1
goldbox-rpg/pkg/pcg/terrain/generator.go:734.25,736.13 2 0
goldbox-rpg/pkg/pcg/terrain/generator.go:739.4,739.38 1 1
goldbox-rpg/pkg/pcg/terrain/generator.go:739.38,741.5 1 1
goldbox-rpg/pkg/pcg/terrain/generator.go:748.100,749.65 1 1
goldbox-rpg/pkg/pcg/terrain/generator.go:749.65,751.3 1 1
goldbox-rpg/pkg/pcg/terrain/generator.go:753.2,754.25 2 1
goldbox-rpg/pkg/pcg/terrain/generator.go:754.25,756.3 1 1
goldbox-rpg/pkg/pcg/terrain/generator.go:758.2,760.38 2 1
goldbox-rpg/pkg/pcg/terrain/generator.go:760.38,761.38 1 1
goldbox-rpg/pkg/pcg/terrain/generator.go:761.38,762.54 1 1
goldbox-rpg/pkg/pcg/terrain/generator.go:762.54,764.24 2 1
goldbox-rpg/pkg/pcg/terrain/generator.go:764.24,766.6 1 1
goldbox-rpg/pkg/pcg/terrain/generator.go:771.2,771.16 1 1
goldbox-rpg/pkg/pcg/terrain/generator.go:776.126,784.21 5 1
goldbox-rpg/pkg/pcg/terrain/generator.go:784.21,790.82 3 1
goldbox-rpg/pkg/pcg/terrain/generator.go:790.82,791.12 1 0
goldbox-rpg/pkg/pcg/terrain/generator.go:793.3,793.28 1 1
goldbox-rpg/pkg/pcg/terrain/generator.go:793.28,794.12 1 1
goldbox-rpg/pkg/pcg/terrain/generator.go:796.3,796.44 1 1
goldbox-rpg/pkg/pcg/terrain/generator.go:796.44,797.12 1 1
goldbox-rpg/pkg/pcg/terrain/generator.go:800.3,804.26 3 1
goldbox-rpg/pkg/pcg/terrain/generator.go:804.26,806.91 2 1
goldbox-rpg/pkg/pcg/terrain/generator.go:806.91,808.5 1 1
goldbox-rpg/pkg/pcg/terrain/generator.go:812.2,812.15 1 1
goldbox-rpg/pkg/pcg/terrain/generator.go:815.88,819.33 3 1
goldbox-rpg/pkg/pcg/terrain/generator.go:819.33,820.28 1 1
goldbox-rpg/pkg/pcg/terrain/generator.go:820.28,823.4 2 1
goldbox-rpg/pkg/pcg/terrain/generator.go:826.2,826.17 1 1
goldbox-rpg/pkg/pcg/terrain/generator.go:831.111,832.62 1 1
goldbox-rpg/pkg/pcg/terrain/generator.go:832.62,834.3 1 1
goldbox-rpg/pkg/pcg/terrain/generator.go:837.2,840.29 3 1
goldbox-rpg/pkg/pcg/terrain/generator.go:840.29,841.30 1 1
goldbox-rpg/pkg/pcg/terrain/generator.go:841.30,843.23 2 1
goldbox-rpg/pkg/pcg/terrain/generator.go:843.23,847.5 3 1
goldbox-rpg/pkg/pcg/terrain/generator.go:852.2,852.68 1 1
goldbox-rpg/pkg/pcg/terrain/generator.go:856.96,859.19 2 1
goldbox-rpg/pkg/pcg/terrain/generator.go:859.19,861.3 1 1
goldbox-rpg/pkg/pcg/terrain/generator.go:862.2,862.34 1 1
goldbox-rpg/pkg/pcg/terrain/generator.go:862.34,864.3 1 1
goldbox-rpg/pkg/pcg/terrain/generator.go:867.2,868.19 2 1
goldbox-rpg/pkg/pcg/terrain/generator.go:868.19,870.3 1 1
goldbox-rpg/pkg/pcg/terrain/generator.go:871.2,871.34 1 1
goldbox-rpg/pkg/pcg/terrain/generator.go:871.34,873.3 1 1
goldbox-rpg/pkg/pcg/terrain/generator.go:877.85,878.65 1 1
goldbox-rpg/pkg/pcg/terrain/generator.go:878.65,880.3 1 1
goldbox-rpg/pkg/pcg/terrain/generator.go:884.21,885.11 1 1
goldbox-rpg/pkg/pcg/terrain/generator.go:885.11,887.3 1 1
goldbox-rpg/pkg/pcg/terrain/generator.go:888.2,888.10 1 1
goldbox-rpg/pkg/pcg/terrain/maze.go:17.40,19.2 1 1
goldbox-rpg/pkg/pcg/terrain/maze.go:22.106,24.16 2 1
goldbox-rpg/pkg/pcg/terrain/maze.go:24.16,26.3 1 1
goldbox-rpg/pkg/pcg/terrain/maze.go:27.2,27.62 1 1
goldbox-rpg/pkg/pcg/terrain/maze.go:31.52,33.2 1 1
goldbox-rpg/pkg/pcg/terrain/maze.go:36.46,38.2 1 1
goldbox-rpg/pkg/pcg/terrain/maze.go:41.70,43.31 1 1
goldbox-rpg/pkg/pcg/terrain/maze.go:43.31,45.3 1 1
goldbox-rpg/pkg/pcg/terrain/maze.go:48.2,48.69 1 1
goldbox-rpg/pkg/pcg/terrain/maze.go:48.69,50.3 1 1
goldbox-rpg/pkg/pcg/terrain/maze.go:52.2,52.72 1 1
goldbox-rpg/pkg/pcg/terrain/maze.go:52.72,54.3 1 1
goldbox-rpg/pkg/pcg/terrain/maze.go:56.2,56.12 1 1
goldbox-rpg/pkg/pcg/terrain/maze.go:60.131,66.75 3 1
goldbox-rpg/pkg/pcg/terrain/maze.go:66.75,68.3 1 0
goldbox-rpg/pkg/pcg/terrain/maze.go:71.2,77.31 2 1
goldbox-rpg/pkg/pcg/terrain/maze.go:77.31,79.3 1 1
goldbox-rpg/pkg/pcg/terrain/maze.go:82.2,82.55 1 1
goldbox-rpg/pkg/pcg/terrain/maze.go:82.55,84.3 1 0
goldbox-rpg/pkg/pcg/terrain/maze.go:87.2,87.67 1 1
goldbox-rpg/pkg/pcg/terrain/maze.go:87.67,89.3 1 0
goldbox-rpg/pkg/pcg/terrain/maze.go:92.2,92.71 1 1
goldbox-rpg/pkg/pcg/terrain/maze.go:92.71,94.3 1 0
goldbox-rpg/pkg/pcg/terrain/maze.go:97.2,97.79 1 1
goldbox-rpg/pkg/pcg/terrain/maze.go:97.79,99.3 1 0
goldbox-rpg/pkg/pcg/terrain/maze.go:101.2,101.21 1 1
goldbox-rpg/pkg/pcg/terrain/maze.go:105.75,108.54 2 1
goldbox-rpg/pkg/pcg/terrain/maze.go:108.54,109.54 1 1
goldbox-rpg/pkg/pcg/terrain/maze.go:109.54,110.36 1 1
goldbox-rpg/pkg/pcg/terrain/maze.go:110.36,112.5 1 1
goldbox-rpg/pkg/pcg/terrain/maze.go:116.2,116.18 1 1
goldbox-rpg/pkg/pcg/terrain/maze.go:116.18,118.3 1 1
goldbox-rpg/pkg/pcg/terrain/maze.go:121.2,122.38 2 1
goldbox-rpg/pkg/pcg/terrain/maze.go:122.38,123.38 1 1
goldbox-rpg/pkg/pcg/terrain/maze.go:123.38,124.36 1 1
goldbox-rpg/pkg/pcg/terrain/maze.go:124.36,126.5 1 1
goldbox-rpg/pkg/pcg/terrain/maze.go:131.2,132.25 2 1
goldbox-rpg/pkg/pcg/terrain/maze.go:132.25,134.3 1 1
goldbox-rpg/pkg/pcg/terrain/maze.go:136.2,139.35 2 1
goldbox-rpg/pkg/pcg/terrain/maze.go:143.153,147.2 2 1
goldbox-rpg/pkg/pcg/terrain/maze.go:150.74,151.38 1 1
goldbox-rpg/pkg/pcg/terrain/maze.go:151.38,152.38 1 1
goldbox-rpg/pkg/pcg/terrain/maze.go:152.38,157.4 4 1
goldbox-rpg/pkg/pcg/terrain/maze.go:159.2,159.12 1 1
goldbox-rpg/pkg/pcg/terrain/maze.go:163.109,167.25 3 1
goldbox-rpg/pkg/pcg/terrain/maze.go:167.25,169.3 1 1
goldbox-rpg/pkg/pcg/terrain/maze.go:172.2,173.29 2 1
goldbox-rpg/pkg/pcg/terrain/maze.go:173.29,175.3 1 0
goldbox-rpg/pkg/pcg/terrain/maze.go:176.2,176.30 1 1
goldbox-rpg/pkg/pcg/terrain/maze.go:176.30,178.3 1 0
goldbox-rpg/pkg/pcg/terrain/maze.go:181.2,189.21 7 1
goldbox-rpg/pkg/pcg/terrain/maze.go:189.21,195.25 3 1
goldbox-rpg/pkg/pcg/terrain/maze.go:195.25,217.4 13 1
goldbox-rpg/pkg/pcg/terrain/maze.go:217.9,220.4 1 1
goldbox-rpg/pkg/pcg/terrain/maze.go:223.2,223.12 1 1
goldbox-rpg/pkg/pcg/terrain/maze.go:227.124,238.33 3 1
goldbox-rpg/pkg/pcg/terrain/maze.go:238.33,241.70 2 1
goldbox-rpg/pkg/pcg/terrain/maze.go:241.70,242.24 1 1
goldbox-rpg/pkg/pcg/terrain/maze.go:242.24,244.5 1 1
goldbox-rpg/pkg/pcg/terrain/maze.go:248.2,248.18 1 1
goldbox-rpg/pkg/pcg/terrain/maze.go:252.131,255.19 2 1
goldbox-rpg/pkg/pcg/terrain/maze.go:255.19,257.3 1 1
goldbox-rpg/pkg/pcg/terrain/maze.go:258.2,258.19 1 1
goldbox-rpg/pkg/pcg/terrain/maze.go:258.19,260.3 1 0
goldbox-rpg/pkg/pcg/terrain/maze.go:262.2,262.33 1 1
goldbox-rpg/pkg/pcg/terrain/maze.go:262.33,268.43 4 1
goldbox-rpg/pkg/pcg/terrain/maze.go:268.43,269.44 1 1
goldbox-rpg/pkg/pcg/terrain/maze.go:269.44,270.48 1 1
goldbox-rpg/pkg/pcg/terrain/maze.go:270.48,275.6 4 1
goldbox-rpg/pkg/pcg/terrain/maze.go:280.2,280.12 1 1
goldbox-rpg/pkg/pcg/terrain/maze.go:284.139,286.16 2 1
goldbox-rpg/pkg/pcg/terrain/maze.go:286.16,288.3 1 0
goldbox-rpg/pkg/pcg/terrain/maze.go:291.2,291.35 1 1
goldbox-rpg/pkg/pcg/terrain/maze.go:291.35,292.33 1 1
goldbox-rpg/pkg/pcg/terrain/maze.go:292.33,293.19 1 1
goldbox-rpg/pkg/pcg/terrain/maze.go:294.26,295.41 1 0
goldbox-rpg/pkg/pcg/terrain/maze.go:296.26,297.40 1 1
goldbox-rpg/pkg/pcg/terrain/maze.go:298.32,299.39 1 1
goldbox-rpg/pkg/pcg/terrain/maze.go:304.2,304.12 1 1
goldbox-rpg/pkg/pcg/terrain/maze.go:308.97,311.34 2 0
goldbox-rpg/pkg/pcg/terrain/maze.go:311.34,315.35 3 0
goldbox-rpg/pkg/pcg/terrain/maze.go:315.35,318.4 2 0
goldbox-rpg/pkg/pcg/terrain/maze.go:323.96,326.33 2 1
goldbox-rpg/pkg/pcg/terrain/maze.go:326.33,330.35 3 1
goldbox-rpg/pkg/pcg/terrain/maze.go:330.35,333.4 2 1
goldbox-rpg/pkg/pcg/terrain/maze.go:338.95,341.35 2 1
goldbox-rpg/pkg/pcg/terrain/maze.go:341.35,345.36 3 1
goldbox-rpg/pkg/pcg/terrain/maze.go:345.36,348.72 1 1
goldbox-rpg/pkg/pcg/terrain/maze.go:348.72,353.5 4 1
goldbox-rpg/pkg/pcg/terrain/maze.go:359.106,360.85 1 1
goldbox-rpg/pkg/pcg/terrain/maze.go:360.85,362.3 1 1
goldbox-rpg/pkg/pcg/terrain/maze.go:364.2,364.72 1 1
goldbox-rpg/pkg/pcg/terrain/maze.go:364.72,366.3 1 1
goldbox-rpg/pkg/pcg/terrain/maze.go:368.2,377.14 7 1
goldbox-rpg/pkg/secrets/env_provider.go:39.61,49.2 2 1
goldbox-rpg/pkg/secrets/env_provider.go:53.88,60.9 2 1
goldbox-rpg/pkg/secrets/env_provider.go:61.20,62.23 1 1
goldbox-rpg/pkg/secrets/env_provider.go:63.10,63.10 0 1
goldbox-rpg/pkg/secrets/env_provider.go:67.2,68.43 2 1
goldbox-rpg/pkg/secrets/env_provider.go:68.43,72.3 3 1
goldbox-rpg/pkg/secrets/env_provider.go:73.2,77.17 3 1
goldbox-rpg/pkg/secrets/env_provider.go:77.17,80.3 2 1
goldbox-rpg/pkg/secrets/env_provider.go:83.2,88.19 5 1
goldbox-rpg/pkg/secrets/env_provider.go:93.85,100.9 2 1
goldbox-rpg/pkg/secrets/env_provider.go:101.20,102.19 1 1
goldbox-rpg/pkg/secrets/env_provider.go:103.10,103.10 0 1
goldbox-rpg/pkg/secrets/env_provider.go:106.2,106.15 1 1
goldbox-rpg/pkg/secrets/env_provider.go:106.15,108.3 1 1
goldbox-rpg/pkg/secrets/env_provider.go:111.2,111.46 1 1
goldbox-rpg/pkg/secrets/env_provider.go:111.46,114.3 2 0
goldbox-rpg/pkg/secrets/env_provider.go:117.2,122.12 5 1
goldbox-rpg/pkg/secrets/env_provider.go:126.95,133.9 2 1
goldbox-rpg/pkg/secrets/env_provider.go:134.20,135.24 1 1
goldbox-rpg/pkg/secrets/env_provider.go:136.10,136.10 0 1
goldbox-rpg/pkg/secrets/env_provider.go:140.2,141.24 2 1
goldbox-rpg/pkg/secrets/env_provider.go:141.24,143.3 1 1
goldbox-rpg/pkg/secrets/env_provider.go:146.2,147.35 2 1
goldbox-rpg/pkg/secrets/env_provider.go:147.35,150.22 2 1
goldbox-rpg/pkg/secrets/env_provider.go:150.22,151.12 1 0
goldbox-rpg/pkg/secrets/env_provider.go:154.3,155.65 2 1
goldbox-rpg/pkg/secrets/env_provider.go:155.65,157.4 1 1
goldbox-rpg/pkg/secrets/env_provider.go:160.2,165.21 2 1
goldbox-rpg/pkg/secrets/env_provider.go:169.68,173.9 2 1
goldbox-rpg/pkg/secrets/env_provider.go:174.20,175.19 1 1
goldbox-rpg/pkg/secrets/env_provider.go:176.10,176.10 0 1
goldbox-rpg/pkg/secrets/env_provider.go:180.2,183.12 3 1
goldbox-rpg/pkg/secrets/env_provider.go:188.42,194.2 4 1
goldbox-rpg/pkg/secrets/env_provider.go:197.50,202.2 3 1
goldbox-rpg/pkg/secrets/vault_provider.go:46.93,53.19 2 1
goldbox-rpg/pkg/secrets/vault_provider.go:53.19,55.3 1 1
goldbox-rpg/pkg/secrets/vault_provider.go:57.2,61.8 1 1
goldbox-rpg/pkg/secrets/vault_provider.go:66.90,73.2 2 1
goldbox-rpg/pkg/secrets/vault_provider.go:77.87,84.2 2 1
goldbox-rpg/pkg/secrets/vault_provider.go:88.97,95.2 2 1
goldbox-rpg/pkg/secrets/vault_provider.go:99.70,103.2 2 1
goldbox-rpg/pkg/persistence/atomic.go:30.76,40.48 3 1
goldbox-rpg/pkg/persistence/atomic.go:40.48,42.3 1 0
goldbox-rpg/pkg/persistence/atomic.go:45.2,46.16 2 1
goldbox-rpg/pkg/persistence/atomic.go:46.16,48.3 1 0
goldbox-rpg/pkg/persistence/atomic.go:49.2,52.15 2 1
goldbox-rpg/pkg/persistence/atomic.go:52.15,53.21 1 1
goldbox-rpg/pkg/persistence/atomic.go:53.21,56.4 2 0
goldbox-rpg/pkg/persistence/atomic.go:60.2,60.47 1 1
goldbox-rpg/pkg/persistence/atomic.go:60.47,62.3 1 0
goldbox-rpg/pkg/persistence/atomic.go:65.2,65.39 1 1
goldbox-rpg/pkg/persistence/atomic.go:65.39,67.3 1 0
goldbox-rpg/pkg/persistence/atomic.go:70.2,70.40 1 1
goldbox-rpg/pkg/persistence/atomic.go:70.40,72.3 1 0
goldbox-rpg/pkg/persistence/atomic.go:73.2,76.48 2 1
goldbox-rpg/pkg/persistence/atomic.go:76.48,78.3 1 0
goldbox-rpg/pkg/persistence/atomic.go:81.2,81.53 1 1
goldbox-rpg/pkg/persistence/atomic.go:81.53,83.3 1 0
goldbox-rpg/pkg/persistence/atomic.go:85.2,91.12 2 1
goldbox-rpg/pkg/persistence/filestore.go:31.55,38.52 2 1
goldbox-rpg/pkg/persistence/filestore.go:38.52,40.3 1 0
goldbox-rpg/pkg/persistence/filestore.go:42.2,44.8 1 1
goldbox-rpg/pkg/persistence/filestore.go:48.75,50.16 2 1
goldbox-rpg/pkg/persistence/filestore.go:50.16,52.3 1 1
goldbox-rpg/pkg/persistence/filestore.go:53.2,55.36 2 1
goldbox-rpg/pkg/persistence/filestore.go:55.36,57.3 1 0
goldbox-rpg/pkg/persistence/filestore.go:59.2,59.13 1 1
goldbox-rpg/pkg/persistence/filestore.go:71.68,83.48 5 1
goldbox-rpg/pkg/persistence/filestore.go:83.48,85.17 2 1
goldbox-rpg/pkg/persistence/filestore.go:85.17,87.4 1 0
goldbox-rpg/pkg/persistence/filestore.go:89.3,89.68 1 1
goldbox-rpg/pkg/persistence/filestore.go:89.68,91.4 1 0
goldbox-rpg/pkg/persistence/filestore.go:93.3,99.13 2 1
goldbox-rpg/pkg/persistence/filestore.go:111.68,123.53 5 1
goldbox-rpg/pkg/persistence/filestore.go:123.53,125.3 1 1
goldbox-rpg/pkg/persistence/filestore.go:127.2,127.48 1 1
goldbox-rpg/pkg/persistence/filestore.go:127.48,129.17 2 1
goldbox-rpg/pkg/persistence/filestore.go:129.17,131.4 1 0
goldbox-rpg/pkg/persistence/filestore.go:133.3,133.56 1 1
goldbox-rpg/pkg/persistence/filestore.go:133.56,135.4 1 1
goldbox-rpg/pkg/persistence/filestore.go:137.3,143.13 2 1
goldbox-rpg/pkg/persistence/filestore.go:154.51,158.2 3 1
goldbox-rpg/pkg/persistence/filestore.go:167.52,181.16 6 1
goldbox-rpg/pkg/persistence/filestore.go:181.16,183.3 1 0
goldbox-rpg/pkg/persistence/filestore.go:184.2,186.36 2 1
goldbox-rpg/pkg/persistence/filestore.go:186.36,188.3 1 0
goldbox-rpg/pkg/persistence/filestore.go:191.2,191.67 1 1
goldbox-rpg/pkg/persistence/filestore.go:191.67,193.3 1 0
goldbox-rpg/pkg/persistence/filestore.go:196.2,204.12 4 1
goldbox-rpg/pkg/persistence/filestore.go:215.61,222.16 5 1
goldbox-rpg/pkg/persistence/filestore.go:222.16,224.3 1 0
goldbox-rpg/pkg/persistence/filestore.go:227.2,228.32 2 1
goldbox-rpg/pkg/persistence/filestore.go:228.32,230.17 2 1
goldbox-rpg/pkg/persistence/filestore.go:230.17,231.12 1 0
goldbox-rpg/pkg/persistence/filestore.go:233.3,233.39 1 1
goldbox-rpg/pkg/persistence/filestore.go:236.2,236.22 1 1
goldbox-rpg/pkg/persistence/filestore.go:240.42,242.2 1 1
goldbox-rpg/pkg/persistence/lock.go:32.50,43.52 4 1
goldbox-rpg/pkg/persistence/lock.go:43.52,45.3 1 0
goldbox-rpg/pkg/persistence/lock.go:48.2,49.16 2 1
goldbox-rpg/pkg/persistence/lock.go:49.16,51.3 1 1
goldbox-rpg/pkg/persistence/lock.go:53.2,57.8 1 1
goldbox-rpg/pkg/persistence/lock.go:65.34,66.17 1 1
goldbox-rpg/pkg/persistence/lock.go:66.17,68.3 1 1
goldbox-rpg/pkg/persistence/lock.go:70.2,76.74 2 1
goldbox-rpg/pkg/persistence/lock.go:76.74,78.3 1 0
goldbox-rpg/pkg/persistence/lock.go:80.2,87.12 3 1
goldbox-rpg/pkg/persistence/lock.go:96.45,97.17 1 1
goldbox-rpg/pkg/persistence/lock.go:97.17,99.3 1 0
goldbox-rpg/pkg/persistence/lock.go:102.2,103.16 2 1
goldbox-rpg/pkg/persistence/lock.go:103.16,104.33 1 0
goldbox-rpg/pkg/persistence/lock.go:104.33,106.4 1 0
goldbox-rpg/pkg/persistence/lock.go:107.3,107.58 1 0
goldbox-rpg/pkg/persistence/lock.go:110.2,111.18 2 1
goldbox-rpg/pkg/persistence/lock.go:118.36,119.18 1 1
goldbox-rpg/pkg/persistence/lock.go:119.18,121.3 1 1
goldbox-rpg/pkg/persistence/lock.go:123.2,129.74 2 1
goldbox-rpg/pkg/persistence/lock.go:129.74,131.3 1 0
goldbox-rpg/pkg/persistence/lock.go:133.2,140.12 3 1
goldbox-rpg/pkg/persistence/lock.go:148.35,150.17 1 1
goldbox-rpg/pkg/persistence/lock.go:150.17,151.37 1 1
goldbox-rpg/pkg/persistence/lock.go:151.37,153.4 1 0
goldbox-rpg/pkg/persistence/lock.go:157.2,157.20 1 1
goldbox-rpg/pkg/persistence/lock.go:157.20,158.41 1 1
goldbox-rpg/pkg/persistence/lock.go:158.41,160.4 1 0
goldbox-rpg/pkg/persistence/lock.go:161.3,161.16 1 1
goldbox-rpg/pkg/persistence/lock.go:164.2,164.12 1 1
goldbox-rpg/pkg/persistence/memory_store.go:18.50,24.2 2 1
goldbox-rpg/pkg/persistence/memory_store.go:27.72,41.2 6 1
goldbox-rpg/pkg/persistence/memory_store.go:44.84,54.13 5 1
goldbox-rpg/pkg/persistence/memory_store.go:54.13,56.3 1 1
goldbox-rpg/pkg/persistence/memory_store.go:58.2,59.26 2 1
goldbox-rpg/pkg/persistence/memory_store.go:63.70,74.2 5 1
goldbox-rpg/pkg/persistence/memory_store.go:77.65,82.38 4 1
goldbox-rpg/pkg/persistence/memory_store.go:82.38,84.3 1 1
goldbox-rpg/pkg/persistence/memory_store.go:86.2,91.24 2 1
goldbox-rpg/pkg/persistence/memory_store.go:95.88,104.43 4 1
goldbox-rpg/pkg/persistence/memory_store.go:104.43,107.3 2 1
goldbox-rpg/pkg/persistence/memory_store.go:109.2,109.12 1 1
goldbox-rpg/pkg/persistence/memory_store.go:113.83,118.47 4 1
goldbox-rpg/pkg/persistence/memory_store.go:118.47,121.3 2 1
goldbox-rpg/pkg/persistence/memory_store.go:123.2,128.22 2 1
goldbox-rpg/pkg/persistence/session_store.go:49.69,56.16 3 1
goldbox-rpg/pkg/persistence/session_store.go:56.16,58.3 1 0
goldbox-rpg/pkg/persistence/session_store.go:60.2,62.8 1 1
goldbox-rpg/pkg/persistence/session_store.go:66.70,79.2 5 1
goldbox-rpg/pkg/persistence/session_store.go:82.82,94.63 6 1
goldbox-rpg/pkg/persistence/session_store.go:94.63,96.3 1 1
goldbox-rpg/pkg/persistence/session_store.go:98.2,98.22 1 1
goldbox-rpg/pkg/persistence/session_store.go:102.68,114.2 5 1
goldbox-rpg/pkg/persistence/session_store.go:117.63,122.16 4 1
goldbox-rpg/pkg/persistence/session_store.go:122.16,124.3 1 0
goldbox-rpg/pkg/persistence/session_store.go:126.2,127.29 2 1
goldbox-rpg/pkg/persistence/session_store.go:127.29,130.3 2 1
goldbox-rpg/pkg/persistence/session_store.go:132.2,137.24 2 1
goldbox-rpg/pkg/persistence/session_store.go:141.86,150.43 4 1
goldbox-rpg/pkg/persistence/session_store.go:150.43,152.63 2 1
goldbox-rpg/pkg/persistence/session_store.go:152.63,154.4 1 0
goldbox-rpg/pkg/persistence/session_store.go:157.2,157.12 1 1
goldbox-rpg/pkg/persistence/session_store.go:161.81,166.16 4 1
goldbox-rpg/pkg/persistence/session_store.go:166.16,168.3 1 0
goldbox-rpg/pkg/persistence/session_store.go:170.2,171.39 2 1
goldbox-rpg/pkg/persistence/session_store.go:171.39,176.17 4 1
goldbox-rpg/pkg/persistence/session_store.go:176.17,182.12 2 0
goldbox-rpg/pkg/persistence/session_store.go:185.3,185.32 1 1
goldbox-rpg/pkg/persistence/session_store.go:188.2,193.22 2 1
goldbox-rpg/pkg/pcg/levels/corridors.go:38.83,43.2 1 1
goldbox-rpg/pkg/pcg/levels/corridors.go:46.125,59.16 4 1
goldbox-rpg/pkg/pcg/levels/corridors.go:59.16,61.3 1 0
goldbox-rpg/pkg/pcg/levels/corridors.go:64.2,66.22 2 1
goldbox-rpg/pkg/pcg/levels/corridors.go:70.57,71.18 1 1
goldbox-rpg/pkg/pcg/levels/corridors.go:72.27,73.11 1 1
goldbox-rpg/pkg/pcg/levels/corridors.go:74.28,75.28 1 1
goldbox-rpg/pkg/pcg/levels/corridors.go:76.25,77.28 1 1
goldbox-rpg/pkg/pcg/levels/corridors.go:78.24,79.11 1 1
goldbox-rpg/pkg/pcg/levels/corridors.go:80.27,81.28 1 1
goldbox-rpg/pkg/pcg/levels/corridors.go:82.10,83.11 1 0
goldbox-rpg/pkg/pcg/levels/corridors.go:88.114,89.18 1 1
goldbox-rpg/pkg/pcg/levels/corridors.go:90.28,91.45 1 1
goldbox-rpg/pkg/pcg/levels/corridors.go:92.25,93.42 1 1
goldbox-rpg/pkg/pcg/levels/corridors.go:94.24,95.41 1 1
goldbox-rpg/pkg/pcg/levels/corridors.go:96.27,97.44 1 1
goldbox-rpg/pkg/pcg/levels/corridors.go:98.27,99.44 1 1
goldbox-rpg/pkg/pcg/levels/corridors.go:100.10,101.45 1 0
goldbox-rpg/pkg/pcg/levels/corridors.go:106.100,112.21 3 1
goldbox-rpg/pkg/pcg/levels/corridors.go:112.21,114.3 1 1
goldbox-rpg/pkg/pcg/levels/corridors.go:114.8,116.3 1 1
goldbox-rpg/pkg/pcg/levels/corridors.go:118.2,118.18 1 1
goldbox-rpg/pkg/pcg/levels/corridors.go:122.200,129.2 6 1
goldbox-rpg/pkg/pcg/levels/corridors.go:132.123,134.2 1 1
goldbox-rpg/pkg/pcg/levels/corridors.go:137.123,139.2 1 1
goldbox-rpg/pkg/pcg/levels/corridors.go:142.91,144.26 2 1
goldbox-rpg/pkg/pcg/levels/corridors.go:144.26,145.25 1 1
goldbox-rpg/pkg/pcg/levels/corridors.go:145.25,147.4 1 1
goldbox-rpg/pkg/pcg/levels/corridors.go:147.9,149.4 1 1
goldbox-rpg/pkg/pcg/levels/corridors.go:151.2,151.15 1 1
goldbox-rpg/pkg/pcg/levels/corridors.go:155.89,157.26 2 1
goldbox-rpg/pkg/pcg/levels/corridors.go:157.26,158.25 1 1
goldbox-rpg/pkg/pcg/levels/corridors.go:158.25,160.4 1 1
goldbox-rpg/pkg/pcg/levels/corridors.go:160.9,162.4 1 1
goldbox-rpg/pkg/pcg/levels/corridors.go:164.2,164.15 1 1
goldbox-rpg/pkg/pcg/levels/corridors.go:168.112,172.25 2 1
goldbox-rpg/pkg/pcg/levels/corridors.go:172.25,173.24 1 1
goldbox-rpg/pkg/pcg/levels/corridors.go:173.24,175.4 1 1
goldbox-rpg/pkg/pcg/levels/corridors.go:175.9,177.4 1 1
goldbox-rpg/pkg/pcg/levels/corridors.go:178.3,178.31 1 1
goldbox-rpg/pkg/pcg/levels/corridors.go:182.2,182.25 1 1
goldbox-rpg/pkg/pcg/levels/corridors.go:182.25,183.24 1 1
goldbox-rpg/pkg/pcg/levels/corridors.go:183.24,185.4 1 1
goldbox-rpg/pkg/pcg/levels/corridors.go:185.9,187.4 1 1
goldbox-rpg/pkg/pcg/levels/corridors.go:188.3,188.31 1 1
goldbox-rpg/pkg/pcg/levels/corridors.go:191.2,191.13 1 1
goldbox-rpg/pkg/pcg/levels/corridors.go:195.97,200.47 3 1
goldbox-rpg/pkg/pcg/levels/corridors.go:200.47,207.26 4 1
goldbox-rpg/pkg/pcg/levels/corridors.go:207.26,213.4 4 1
goldbox-rpg/pkg/pcg/levels/corridors.go:213.9,214.9 1 0
goldbox-rpg/pkg/pcg/levels/corridors.go:218.3,219.35 2 1
goldbox-rpg/pkg/pcg/levels/corridors.go:219.35,221.4 1 1
goldbox-rpg/pkg/pcg/levels/corridors.go:224.2,224.18 1 1
goldbox-rpg/pkg/pcg/levels/corridors.go:228.95,233.12 3 1
goldbox-rpg/pkg/pcg/levels/corridors.go:233.12,236.3 2 1
goldbox-rpg/pkg/pcg/levels/corridors.go:238.2,238.12 1 1
goldbox-rpg/pkg/pcg/levels/corridors.go:238.12,241.3 2 1
goldbox-rpg/pkg/pcg/levels/corridors.go:243.2,243.12 1 1
goldbox-rpg/pkg/pcg/levels/corridors.go:243.12,246.3 2 1
goldbox-rpg/pkg/pcg/levels/corridors.go:248.2,248.12 1 1
goldbox-rpg/pkg/pcg/levels/corridors.go:248.12,251.3 2 1
goldbox-rpg/pkg/pcg/levels/corridors.go:253.2,253.28 1 1
goldbox-rpg/pkg/pcg/levels/corridors.go:257.97,258.28 1 1
goldbox-rpg/pkg/pcg/levels/corridors.go:258.28,260.40 1 1
goldbox-rpg/pkg/pcg/levels/corridors.go:260.40,262.4 1 1
goldbox-rpg/pkg/pcg/levels/corridors.go:262.9,262.21 1 1
goldbox-rpg/pkg/pcg/levels/corridors.go:262.21,264.4 1 1
goldbox-rpg/pkg/pcg/levels/corridors.go:266.2,266.16 1 1
goldbox-rpg/pkg/pcg/levels/corridors.go:270.96,279.37 5 1
goldbox-rpg/pkg/pcg/levels/corridors.go:279.37,281.58 1 1
goldbox-rpg/pkg/pcg/levels/corridors.go:281.58,282.31 1 1
goldbox-rpg/pkg/pcg/levels/corridors.go:282.31,283.31 1 1
goldbox-rpg/pkg/pcg/levels/corridors.go:283.31,285.6 1 1
goldbox-rpg/pkg/pcg/levels/corridors.go:285.11,287.6 1 1
goldbox-rpg/pkg/pcg/levels/corridors.go:288.10,288.38 1 1
goldbox-rpg/pkg/pcg/levels/corridors.go:288.38,289.31 1 1
goldbox-rpg/pkg/pcg/levels/corridors.go:289.31,291.6 1 1
goldbox-rpg/pkg/pcg/levels/corridors.go:291.11,293.6 1 1
goldbox-rpg/pkg/pcg/levels/corridors.go:295.4,295.32 1 1
goldbox-rpg/pkg/pcg/levels/corridors.go:299.2,299.18 1 1
goldbox-rpg/pkg/pcg/levels/corridors.go:303.99,312.2 6 1
goldbox-rpg/pkg/pcg/levels/corridors.go:315.80,318.2 2 1
goldbox-rpg/pkg/pcg/levels/corridors.go:321.137,322.75 1 1
goldbox-rpg/pkg/pcg/levels/corridors.go:322.75,330.3 5 1
goldbox-rpg/pkg/pcg/levels/corridors.go:331.2,331.16 1 1
goldbox-rpg/pkg/pcg/levels/corridors.go:335.109,340.2 1 1
goldbox-rpg/pkg/pcg/levels/corridors.go:343.88,344.25 1 1
goldbox-rpg/pkg/pcg/levels/corridors.go:344.25,346.3 1 1
goldbox-rpg/pkg/pcg/levels/corridors.go:346.8,346.32 1 1
goldbox-rpg/pkg/pcg/levels/corridors.go:346.32,348.3 1 1
goldbox-rpg/pkg/pcg/levels/corridors.go:350.2,350.25 1 1
goldbox-rpg/pkg/pcg/levels/corridors.go:350.25,352.3 1 1
goldbox-rpg/pkg/pcg/levels/corridors.go:352.8,352.32 1 1
goldbox-rpg/pkg/pcg/levels/corridors.go:352.32,354.3 1 0
goldbox-rpg/pkg/pcg/levels/corridors.go:356.2,356.16 1 1
goldbox-rpg/pkg/pcg/levels/corridors.go:360.105,361.28 1 1
goldbox-rpg/pkg/pcg/levels/corridors.go:361.28,364.3 2 1
goldbox-rpg/pkg/pcg/levels/corridors.go:365.2,365.16 1 1
goldbox-rpg/pkg/pcg/levels/corridors.go:369.114,370.47 1 1
goldbox-rpg/pkg/pcg/levels/corridors.go:370.47,371.24 1 1
goldbox-rpg/pkg/pcg/levels/corridors.go:371.24,373.4 1 1
goldbox-rpg/pkg/pcg/levels/corridors.go:373.9,373.31 1 1
goldbox-rpg/pkg/pcg/levels/corridors.go:373.31,375.4 1 0
goldbox-rpg/pkg/pcg/levels/corridors.go:375.9,375.31 1 1
goldbox-rpg/pkg/pcg/levels/corridors.go:375.31,377.4 1 1
goldbox-rpg/pkg/pcg/levels/corridors.go:377.9,377.31 1 0
goldbox-rpg/pkg/pcg/levels/corridors.go:377.31,379.4 1 0
goldbox-rpg/pkg/pcg/levels/corridors.go:380.3,380.33 1 1
goldbox-rpg/pkg/pcg/levels/corridors.go:382.2,382.16 1 1
goldbox-rpg/pkg/pcg/levels/corridors.go:386.99,390.47 3 1
goldbox-rpg/pkg/pcg/levels/corridors.go:390.47,392.13 2 1
goldbox-rpg/pkg/pcg/levels/corridors.go:392.13,393.9 1 0
goldbox-rpg/pkg/pcg/levels/corridors.go:395.3,396.31 2 1
goldbox-rpg/pkg/pcg/levels/corridors.go:399.2,399.18 1 1
goldbox-rpg/pkg/pcg/levels/corridors.go:403.107,405.40 1 1
goldbox-rpg/pkg/pcg/levels/corridors.go:405.40,407.3 1 1
goldbox-rpg/pkg/pcg/levels/corridors.go:410.2,410.42 1 1
goldbox-rpg/pkg/pcg/levels/corridors.go:414.79,416.2 1 1
goldbox-rpg/pkg/pcg/levels/corridors.go:419.85,421.23 2 1
goldbox-rpg/pkg/pcg/levels/corridors.go:421.23,423.3 1 1
goldbox-rpg/pkg/pcg/levels/corridors.go:423.8,425.3 1 0
goldbox-rpg/pkg/pcg/levels/corridors.go:426.2,426.23 1 1
goldbox-rpg/pkg/pcg/levels/corridors.go:426.23,428.3 1 1
goldbox-rpg/pkg/pcg/levels/corridors.go:428.8,430.3 1 0
goldbox-rpg/pkg/pcg/levels/corridors.go:431.2,431.13 1 1
goldbox-rpg/pkg/pcg/levels/corridors.go:435.95,439.24 3 1
goldbox-rpg/pkg/pcg/levels/corridors.go:439.24,440.24 1 1
goldbox-rpg/pkg/pcg/levels/corridors.go:440.24,442.4 1 1
goldbox-rpg/pkg/pcg/levels/corridors.go:442.9,444.4 1 0
goldbox-rpg/pkg/pcg/levels/corridors.go:445.3,445.15 1 1
goldbox-rpg/pkg/pcg/levels/corridors.go:446.8,446.31 1 1
goldbox-rpg/pkg/pcg/levels/corridors.go:446.31,447.24 1 1
goldbox-rpg/pkg/pcg/levels/corridors.go:447.24,449.4 1 1
goldbox-rpg/pkg/pcg/levels/corridors.go:449.9,451.4 1 0
goldbox-rpg/pkg/pcg/levels/corridors.go:452.3,452.15 1 1
goldbox-rpg/pkg/pcg/levels/corridors.go:455.2,455.20 1 1
goldbox-rpg/pkg/pcg/levels/corridors.go:459.99,462.29 2 1
goldbox-rpg/pkg/pcg/levels/corridors.go:462.29,473.3 6 1
goldbox-rpg/pkg/pcg/levels/corridors.go:476.2,478.18 2 1
goldbox-rpg/pkg/pcg/levels/corridors.go:482.113,483.26 1 1
goldbox-rpg/pkg/pcg/levels/corridors.go:483.26,485.3 1 0
goldbox-rpg/pkg/pcg/levels/corridors.go:487.2,488.33 2 1
goldbox-rpg/pkg/pcg/levels/corridors.go:488.33,490.3 1 1
goldbox-rpg/pkg/pcg/levels/corridors.go:492.2,492.22 1 1
goldbox-rpg/pkg/pcg/levels/corridors.go:492.22,494.3 1 0
goldbox-rpg/pkg/pcg/levels/corridors.go:496.2,499.33 3 1
goldbox-rpg/pkg/pcg/levels/corridors.go:499.33,501.24 2 1
goldbox-rpg/pkg/pcg/levels/corridors.go:501.24,503.4 1 1
goldbox-rpg/pkg/pcg/levels/corridors.go:506.2,506.38 1 0
goldbox-rpg/pkg/pcg/levels/corridors.go:510.119,516.62 3 1
goldbox-rpg/pkg/pcg/levels/corridors.go:516.62,517.29 1 1
goldbox-rpg/pkg/pcg/levels/corridors.go:517.29,529.4 3 1
goldbox-rpg/pkg/pcg/levels/corridors.go:532.2,532.17 1 1
goldbox-rpg/pkg/pcg/levels/corridors.go:536.83,548.13 3 1
goldbox-rpg/pkg/pcg/levels/corridors.go:548.13,550.3 1 0
goldbox-rpg/pkg/pcg/levels/corridors.go:552.2,552.55 1 1
goldbox-rpg/pkg/pcg/levels/generator.go:51.56,53.2 1 1
goldbox-rpg/pkg/pcg/levels/generator.go:63.74,73.2 3 1
goldbox-rpg/pkg/pcg/levels/generator.go:76.67,88.2 11 1
goldbox-rpg/pkg/pcg/levels/generator.go:91.55,93.2 1 1
goldbox-rpg/pkg/pcg/levels/generator.go:96.61,98.2 1 1
goldbox-rpg/pkg/pcg/levels/generator.go:101.55,103.2 1 1
goldbox-rpg/pkg/pcg/levels/generator.go:106.79,108.9 2 1
goldbox-rpg/pkg/pcg/levels/generator.go:108.9,110.3 1 1
goldbox-rpg/pkg/pcg/levels/generator.go:112.2,112.30 1 1
goldbox-rpg/pkg/pcg/levels/generator.go:112.30,114.3 1 1
goldbox-rpg/pkg/pcg/levels/generator.go:116.2,116.49 1 1
goldbox-rpg/pkg/pcg/levels/generator.go:116.49,118.3 1 1
goldbox-rpg/pkg/pcg/levels/generator.go:120.2,120.53 1 1
goldbox-rpg/pkg/pcg/levels/generator.go:120.53,122.3 1 1
goldbox-rpg/pkg/pcg/levels/generator.go:124.2,124.55 1 1
goldbox-rpg/pkg/pcg/levels/generator.go:124.55,126.3 1 0
goldbox-rpg/pkg/pcg/levels/generator.go:128.2,128.12 1 1
goldbox-rpg/pkg/pcg/levels/generator.go:132.115,134.9 2 1
goldbox-rpg/pkg/pcg/levels/generator.go:134.9,136.3 1 0
goldbox-rpg/pkg/pcg/levels/generator.go:139.2,141.44 2 1
goldbox-rpg/pkg/pcg/levels/generator.go:147.115,149.34 1 1
goldbox-rpg/pkg/pcg/levels/generator.go:149.34,151.3 1 1
goldbox-rpg/pkg/pcg/levels/generator.go:154.2,162.16 5 1
goldbox-rpg/pkg/pcg/levels/generator.go:162.16,164.3 1 0
goldbox-rpg/pkg/pcg/levels/generator.go:167.2,167.34 1 1
goldbox-rpg/pkg/pcg/levels/generator.go:167.34,169.3 1 0
goldbox-rpg/pkg/pcg/levels/generator.go:172.2,173.16 2 1
goldbox-rpg/pkg/pcg/levels/generator.go:173.16,175.3 1 0
goldbox-rpg/pkg/pcg/levels/generator.go:178.2,178.34 1 1
goldbox-rpg/pkg/pcg/levels/generator.go:178.34,180.3 1 0
goldbox-rpg/pkg/pcg/levels/generator.go:183.2,184.16 2 1
goldbox-rpg/pkg/pcg/levels/generator.go:184.16,186.3 1 0
goldbox-rpg/pkg/pcg/levels/generator.go:189.2,189.34 1 1
goldbox-rpg/pkg/pcg/levels/generator.go:189.34,191.3 1 0
goldbox-rpg/pkg/pcg/levels/generator.go:194.2,195.16 2 1
goldbox-rpg/pkg/pcg/levels/generator.go:195.16,197.3 1 0
goldbox-rpg/pkg/pcg/levels/generator.go:200.2,200.34 1 1
goldbox-rpg/pkg/pcg/levels/generator.go:200.34,202.3 1 0
goldbox-rpg/pkg/pcg/levels/generator.go:205.2,206.16 2 1
goldbox-rpg/pkg/pcg/levels/generator.go:206.16,208.3 1 0
goldbox-rpg/pkg/pcg/levels/generator.go:211.2,211.34 1 1
goldbox-rpg/pkg/pcg/levels/generator.go:211.34,213.3 1 0
goldbox-rpg/pkg/pcg/levels/generator.go:216.2,217.16 2 1
goldbox-rpg/pkg/pcg/levels/generator.go:217.16,219.3 1 0
goldbox-rpg/pkg/pcg/levels/generator.go:221.2,221.19 1 1
goldbox-rpg/pkg/pcg/levels/generator.go:225.104,232.27 3 1
goldbox-rpg/pkg/pcg/levels/generator.go:233.24,234.37 1 1
goldbox-rpg/pkg/pcg/levels/generator.go:235.23,237.43 1 1
goldbox-rpg/pkg/pcg/levels/generator.go:238.24,240.77 1 1
goldbox-rpg/pkg/pcg/levels/generator.go:241.27,243.37 1 1
goldbox-rpg/pkg/pcg/levels/generator.go:244.10,245.37 1 1
goldbox-rpg/pkg/pcg/levels/generator.go:249.2,249.16 1 1
goldbox-rpg/pkg/pcg/levels/generator.go:249.16,251.3 1 0
goldbox-rpg/pkg/pcg/levels/generator.go:252.2,252.17 1 1
goldbox-rpg/pkg/pcg/levels/generator.go:252.17,254.3 1 0
goldbox-rpg/pkg/pcg/levels/generator.go:256.2,256.22 1 1
goldbox-rpg/pkg/pcg/levels/generator.go:260.155,270.32 5 1
goldbox-rpg/pkg/pcg/levels/generator.go:270.32,283.3 3 1
goldbox-rpg/pkg/pcg/levels/generator.go:286.2,288.25 2 1
goldbox-rpg/pkg/pcg/levels/generator.go:292.103,293.22 1 1
goldbox-rpg/pkg/pcg/levels/generator.go:293.22,295.3 1 1
goldbox-rpg/pkg/pcg/levels/generator.go:298.2,301.38 3 1
goldbox-rpg/pkg/pcg/levels/generator.go:301.38,312.3 7 1
goldbox-rpg/pkg/pcg/levels/generator.go:312.8,312.47 1 1
goldbox-rpg/pkg/pcg/levels/generator.go:312.47,323.3 7 1
goldbox-rpg/pkg/pcg/levels/generator.go:323.8,326.3 1 1
goldbox-rpg/pkg/pcg/levels/generator.go:328.2,328.14 1 1
goldbox-rpg/pkg/pcg/levels/generator.go:332.105,334.16 1 1
goldbox-rpg/pkg/pcg/levels/generator.go:334.16,336.3 1 1
goldbox-rpg/pkg/pcg/levels/generator.go:339.2,339.22 1 1
goldbox-rpg/pkg/pcg/levels/generator.go:339.22,341.3 1 1
goldbox-rpg/pkg/pcg/levels/generator.go:344.2,344.40 1 1
goldbox-rpg/pkg/pcg/levels/generator.go:344.40,346.3 1 1
goldbox-rpg/pkg/pcg/levels/generator.go:349.2,349.31 1 1
goldbox-rpg/pkg/pcg/levels/generator.go:349.31,351.3 1 1
goldbox-rpg/pkg/pcg/levels/generator.go:354.2,355.9 2 1
goldbox-rpg/pkg/pcg/levels/generator.go:356.18,357.28 1 1
goldbox-rpg/pkg/pcg/levels/generator.go:358.18,359.30 1 0
goldbox-rpg/pkg/pcg/levels/generator.go:360.19,361.28 1 0
goldbox-rpg/pkg/pcg/levels/generator.go:362.19,363.26 1 1
goldbox-rpg/pkg/pcg/levels/generator.go:364.19,365.26 1 0
goldbox-rpg/pkg/pcg/levels/generator.go:366.10,367.28 1 0
goldbox-rpg/pkg/pcg/levels/generator.go:372.109,376.35 3 1
goldbox-rpg/pkg/pcg/levels/generator.go:376.35,377.40 1 1
goldbox-rpg/pkg/pcg/levels/generator.go:377.40,379.4 1 1
goldbox-rpg/pkg/pcg/levels/generator.go:380.3,380.36 1 1
goldbox-rpg/pkg/pcg/levels/generator.go:380.36,382.4 1 1
goldbox-rpg/pkg/pcg/levels/generator.go:386.2,386.42 1 1
goldbox-rpg/pkg/pcg/levels/generator.go:386.42,388.3 1 0
goldbox-rpg/pkg/pcg/levels/generator.go:391.2,391.38 1 1
goldbox-rpg/pkg/pcg/levels/generator.go:391.38,393.3 1 0
goldbox-rpg/pkg/pcg/levels/generator.go:397.141,398.41 1 1
goldbox-rpg/pkg/pcg/levels/generator.go:398.41,400.14 2 1
goldbox-rpg/pkg/pcg/levels/generator.go:400.14,403.4 1 0
goldbox-rpg/pkg/pcg/levels/generator.go:405.3,406.17 2 1
goldbox-rpg/pkg/pcg/levels/generator.go:406.17,408.4 1 0
goldbox-rpg/pkg/pcg/levels/generator.go:411.3,414.51 4 1
goldbox-rpg/pkg/pcg/levels/generator.go:417.2,424.12 2 1
goldbox-rpg/pkg/pcg/levels/generator.go:428.142,436.41 4 1
goldbox-rpg/pkg/pcg/levels/generator.go:436.41,443.17 2 1
goldbox-rpg/pkg/pcg/levels/generator.go:443.17,445.4 1 0
goldbox-rpg/pkg/pcg/levels/generator.go:447.3,457.4 3 1
goldbox-rpg/pkg/pcg/levels/generator.go:460.2,460.23 1 1
goldbox-rpg/pkg/pcg/levels/generator.go:472.102,476.36 2 1
goldbox-rpg/pkg/pcg/levels/generator.go:476.36,486.3 3 1
goldbox-rpg/pkg/pcg/levels/generator.go:489.2,489.20 1 1
goldbox-rpg/pkg/pcg/levels/generator.go:489.20,500.3 3 1
goldbox-rpg/pkg/pcg/levels/generator.go:502.2,502.20 1 1
goldbox-rpg/pkg/pcg/levels/generator.go:506.91,508.25 1 1
goldbox-rpg/pkg/pcg/levels/generator.go:509.9,513.4 1 1
goldbox-rpg/pkg/pcg/levels/generator.go:514.9,518.4 1 1
goldbox-rpg/pkg/pcg/levels/generator.go:519.9,523.4 1 1
goldbox-rpg/pkg/pcg/levels/generator.go:524.10,528.4 1 1
goldbox-rpg/pkg/pcg/levels/generator.go:533.146,536.35 2 1
goldbox-rpg/pkg/pcg/levels/generator.go:536.35,537.38 1 1
goldbox-rpg/pkg/pcg/levels/generator.go:537.38,539.4 1 0
goldbox-rpg/pkg/pcg/levels/generator.go:543.2,543.68 1 1
goldbox-rpg/pkg/pcg/levels/generator.go:543.68,546.44 2 1
goldbox-rpg/pkg/pcg/levels/generator.go:546.44,557.4 2 1
goldbox-rpg/pkg/pcg/levels/generator.go:560.2,567.12 2 1
goldbox-rpg/pkg/pcg/levels/generator.go:571.106,576.29 3 1
goldbox-rpg/pkg/pcg/levels/generator.go:576.29,577.26 1 1
goldbox-rpg/pkg/pcg/levels/generator.go:577.26,579.4 1 0
goldbox-rpg/pkg/pcg/levels/generator.go:583.2,585.29 3 1
goldbox-rpg/pkg/pcg/levels/generator.go:585.29,586.40 1 1
goldbox-rpg/pkg/pcg/levels/generator.go:586.40,588.4 1 1
goldbox-rpg/pkg/pcg/levels/generator.go:589.3,589.36 1 1
goldbox-rpg/pkg/pcg/levels/generator.go:589.36,591.4 1 1
goldbox-rpg/pkg/pcg/levels/generator.go:594.2,594.18 1 1
goldbox-rpg/pkg/pcg/levels/generator.go:594.18,596.3 1 0
goldbox-rpg/pkg/pcg/levels/generator.go:597.2,597.14 1 1
goldbox-rpg/pkg/pcg/levels/generator.go:597.14,599.3 1 0
goldbox-rpg/pkg/pcg/levels/generator.go:601.2,610.12 2 1
goldbox-rpg/pkg/pcg/levels/generator.go:614.121,615.23 1 1
goldbox-rpg/pkg/pcg/levels/generator.go:615.23,617.3 1 1
goldbox-rpg/pkg/pcg/levels/generator.go:619.2,623.29 3 1
goldbox-rpg/pkg/pcg/levels/generator.go:623.29,624.24 1 1
goldbox-rpg/pkg/pcg/levels/generator.go:624.24,626.9 2 1
goldbox-rpg/pkg/pcg/levels/generator.go:630.2,630.24 1 1
goldbox-rpg/pkg/pcg/levels/generator.go:630.24,632.3 1 0
goldbox-rpg/pkg/pcg/levels/generator.go:635.2,635.52 1 1
goldbox-rpg/pkg/pcg/levels/generator.go:635.52,637.3 1 1
goldbox-rpg/pkg/pcg/levels/generator.go:641.169,653.30 2 1
goldbox-rpg/pkg/pcg/levels/generator.go:653.30,655.30 2 1
goldbox-rpg/pkg/pcg/levels/generator.go:655.30,661.4 1 1
goldbox-rpg/pkg/pcg/levels/generator.go:665.2,665.29 1 1
goldbox-rpg/pkg/pcg/levels/generator.go:665.29,666.68 1 1
goldbox-rpg/pkg/pcg/levels/generator.go:666.68,667.71 1 1
goldbox-rpg/pkg/pcg/levels/generator.go:667.71,669.5 1 1
goldbox-rpg/pkg/pcg/levels/generator.go:674.2,674.37 1 1
goldbox-rpg/pkg/pcg/levels/generator.go:674.37,675.37 1 1
goldbox-rpg/pkg/pcg/levels/generator.go:675.37,676.67 1 1
goldbox-rpg/pkg/pcg/levels/generator.go:676.67,682.5 1 1
goldbox-rpg/pkg/pcg/levels/generator.go:687.2,694.19 7 1
goldbox-rpg/pkg/pcg/levels/generator.go:698.163,700.13 2 1
goldbox-rpg/pkg/pcg/levels/generator.go:700.13,702.3 1 0
goldbox-rpg/pkg/pcg/levels/generator.go:704.2,707.85 3 1
goldbox-rpg/pkg/pcg/levels/rooms.go:22.162,33.37 2 1
goldbox-rpg/pkg/pcg/levels/rooms.go:33.37,35.37 2 1
goldbox-rpg/pkg/pcg/levels/rooms.go:35.37,37.71 1 1
goldbox-rpg/pkg/pcg/levels/rooms.go:37.71,43.5 1 1
goldbox-rpg/pkg/pcg/levels/rooms.go:43.10,49.5 1 1
goldbox-rpg/pkg/pcg/levels/rooms.go:54.2,57.36 3 1
goldbox-rpg/pkg/pcg/levels/rooms.go:57.36,60.3 2 1
goldbox-rpg/pkg/pcg/levels/rooms.go:63.2,70.18 5 1
goldbox-rpg/pkg/pcg/levels/rooms.go:73.149,89.2 5 1
goldbox-rpg/pkg/pcg/levels/rooms.go:91.109,96.33 3 1
goldbox-rpg/pkg/pcg/levels/rooms.go:96.33,101.15 3 1
goldbox-rpg/pkg/pcg/levels/rooms.go:102.10,104.9 2 1
goldbox-rpg/pkg/pcg/levels/rooms.go:105.10,107.37 2 1
goldbox-rpg/pkg/pcg/levels/rooms.go:108.10,110.25 2 1
goldbox-rpg/pkg/pcg/levels/rooms.go:111.10,113.37 2 1
goldbox-rpg/pkg/pcg/levels/rooms.go:116.3,116.73 1 1
goldbox-rpg/pkg/pcg/levels/rooms.go:119.2,119.14 1 1
goldbox-rpg/pkg/pcg/levels/rooms.go:122.97,125.15 2 1
goldbox-rpg/pkg/pcg/levels/rooms.go:126.24,127.50 1 1
goldbox-rpg/pkg/pcg/levels/rooms.go:128.23,129.51 1 1
goldbox-rpg/pkg/pcg/levels/rooms.go:130.24,131.47 1 1
goldbox-rpg/pkg/pcg/levels/rooms.go:132.27,133.56 1 1
goldbox-rpg/pkg/pcg/levels/rooms.go:134.24,135.52 1 0
goldbox-rpg/pkg/pcg/levels/rooms.go:136.23,137.51 1 0
goldbox-rpg/pkg/pcg/levels/rooms.go:138.26,139.77 1 1
goldbox-rpg/pkg/pcg/levels/rooms.go:140.10,141.48 1 0
goldbox-rpg/pkg/pcg/levels/rooms.go:145.2,145.21 1 1
goldbox-rpg/pkg/pcg/levels/rooms.go:145.21,147.3 1 0
goldbox-rpg/pkg/pcg/levels/rooms.go:149.2,149.16 1 1
goldbox-rpg/pkg/pcg/levels/rooms.go:161.164,172.37 2 1
goldbox-rpg/pkg/pcg/levels/rooms.go:172.37,174.37 2 1
goldbox-rpg/pkg/pcg/levels/rooms.go:174.37,175.71 1 1
goldbox-rpg/pkg/pcg/levels/rooms.go:175.71,181.5 1 1
goldbox-rpg/pkg/pcg/levels/rooms.go:181.10,187.5 1 1
goldbox-rpg/pkg/pcg/levels/rooms.go:191.2,195.37 3 1
goldbox-rpg/pkg/pcg/levels/rooms.go:195.37,210.3 4 1
goldbox-rpg/pkg/pcg/levels/rooms.go:213.2,213.20 1 1
goldbox-rpg/pkg/pcg/levels/rooms.go:213.20,222.3 1 1
goldbox-rpg/pkg/pcg/levels/rooms.go:225.2,232.18 4 1
goldbox-rpg/pkg/pcg/levels/rooms.go:235.92,236.9 1 1
goldbox-rpg/pkg/pcg/levels/rooms.go:237.22,238.18 1 0
goldbox-rpg/pkg/pcg/levels/rooms.go:239.23,240.20 1 1
goldbox-rpg/pkg/pcg/levels/rooms.go:241.23,242.16 1 1
goldbox-rpg/pkg/pcg/levels/rooms.go:243.10,244.16 1 0
goldbox-rpg/pkg/pcg/levels/rooms.go:248.101,251.20 2 1
goldbox-rpg/pkg/pcg/levels/rooms.go:251.20,253.3 1 1
goldbox-rpg/pkg/pcg/levels/rooms.go:254.2,254.20 1 1
goldbox-rpg/pkg/pcg/levels/rooms.go:254.20,256.3 1 1
goldbox-rpg/pkg/pcg/levels/rooms.go:257.2,257.21 1 1
goldbox-rpg/pkg/pcg/levels/rooms.go:257.21,259.3 1 0
goldbox-rpg/pkg/pcg/levels/rooms.go:261.2,261.17 1 1
goldbox-rpg/pkg/pcg/levels/rooms.go:273.162,284.37 2 0
goldbox-rpg/pkg/pcg/levels/rooms.go:284.37,286.37 2 0
goldbox-rpg/pkg/pcg/levels/rooms.go:286.37,287.71 1 0
goldbox-rpg/pkg/pcg/levels/rooms.go:287.71,293.5 1 0
goldbox-rpg/pkg/pcg/levels/rooms.go:293.10,299.5 1 0
goldbox-rpg/pkg/pcg/levels/rooms.go:303.2,324.18 10 0
goldbox-rpg/pkg/pcg/levels/rooms.go:327.111,330.15 2 0
goldbox-rpg/pkg/pcg/levels/rooms.go:331.24,332.68 1 0
goldbox-rpg/pkg/pcg/levels/rooms.go:333.27,334.72 1 0
goldbox-rpg/pkg/pcg/levels/rooms.go:335.24,336.75 1 0
goldbox-rpg/pkg/pcg/levels/rooms.go:337.10,338.68 1 0
goldbox-rpg/pkg/pcg/levels/rooms.go:341.2,341.40 1 0
goldbox-rpg/pkg/pcg/levels/rooms.go:344.147,349.20 3 0
goldbox-rpg/pkg/pcg/levels/rooms.go:350.24,351.37 1 0
goldbox-rpg/pkg/pcg/levels/rooms.go:351.37,362.4 3 0
goldbox-rpg/pkg/pcg/levels/rooms.go:363.25,364.37 1 0
goldbox-rpg/pkg/pcg/levels/rooms.go:364.37,375.4 3 0
goldbox-rpg/pkg/pcg/levels/rooms.go:376.10,386.5 3 0
goldbox-rpg/pkg/pcg/levels/rooms.go:389.2,389.17 1 0
goldbox-rpg/pkg/pcg/levels/rooms.go:401.160,412.37 2 1
goldbox-rpg/pkg/pcg/levels/rooms.go:412.37,414.37 2 1
goldbox-rpg/pkg/pcg/levels/rooms.go:414.37,415.71 1 1
goldbox-rpg/pkg/pcg/levels/rooms.go:415.71,421.5 1 1
goldbox-rpg/pkg/pcg/levels/rooms.go:421.10,427.5 1 1
goldbox-rpg/pkg/pcg/levels/rooms.go:431.2,447.34 5 1
goldbox-rpg/pkg/pcg/levels/rooms.go:447.34,461.3 4 1
goldbox-rpg/pkg/pcg/levels/rooms.go:464.2,472.18 5 1
goldbox-rpg/pkg/pcg/levels/rooms.go:475.91,476.15 1 1
goldbox-rpg/pkg/pcg/levels/rooms.go:477.24,478.18 1 1
goldbox-rpg/pkg/pcg/levels/rooms.go:479.23,480.23 1 1
goldbox-rpg/pkg/pcg/levels/rooms.go:481.23,482.16 1 1
goldbox-rpg/pkg/pcg/levels/rooms.go:483.27,484.23 1 1
goldbox-rpg/pkg/pcg/levels/rooms.go:485.24,486.20 1 1
goldbox-rpg/pkg/pcg/levels/rooms.go:487.26,488.26 1 1
goldbox-rpg/pkg/pcg/levels/rooms.go:489.10,490.20 1 1
goldbox-rpg/pkg/pcg/levels/rooms.go:494.77,495.15 1 1
goldbox-rpg/pkg/pcg/levels/rooms.go:496.24,497.25 1 1
goldbox-rpg/pkg/pcg/levels/rooms.go:498.23,499.23 1 1
goldbox-rpg/pkg/pcg/levels/rooms.go:500.24,501.23 1 1
goldbox-rpg/pkg/pcg/levels/rooms.go:502.26,503.30 1 1
goldbox-rpg/pkg/pcg/levels/rooms.go:504.10,505.18 1 1
goldbox-rpg/pkg/pcg/levels/rooms.go:509.90,515.2 1 1
goldbox-rpg/pkg/pcg/levels/rooms.go:525.164,530.2 1 1
goldbox-rpg/pkg/pcg/levels/rooms.go:538.160,543.2 1 1
goldbox-rpg/pkg/pcg/levels/rooms.go:552.162,558.2 1 0
goldbox-rpg/pkg/pcg/levels/rooms.go:566.160,573.2 1 0
goldbox-rpg/pkg/pcg/levels/rooms.go:581.160,587.2 1 1
goldbox-rpg/pkg/pcg/levels/rooms.go:595.160,601.2 1 0
goldbox-rpg/pkg/pcg/levels/rooms.go:610.161,616.2 1 0
goldbox-rpg/pkg/pcg/levels/rooms.go:619.123,621.18 2 1
goldbox-rpg/pkg/pcg/levels/rooms.go:622.18,623.38 1 1
goldbox-rpg/pkg/pcg/levels/rooms.go:624.14,625.34 1 1
goldbox-rpg/pkg/pcg/levels/rooms.go:626.16,627.36 1 0
goldbox-rpg/pkg/pcg/levels/rooms.go:628.14,629.34 1 0
goldbox-rpg/pkg/pcg/levels/rooms.go:630.14,631.34 1 1
goldbox-rpg/pkg/pcg/levels/rooms.go:632.14,633.34 1 0
goldbox-rpg/pkg/pcg/levels/rooms.go:634.15,635.35 1 0
goldbox-rpg/pkg/pcg/levels/rooms.go:636.10,637.36 1 0
goldbox-rpg/pkg/pcg/levels/rooms.go:640.2,650.37 2 1
goldbox-rpg/pkg/pcg/levels/rooms.go:650.37,652.37 2 1
goldbox-rpg/pkg/pcg/levels/rooms.go:652.37,653.71 1 1
goldbox-rpg/pkg/pcg/levels/rooms.go:653.71,659.5 1 1
goldbox-rpg/pkg/pcg/levels/rooms.go:659.10,665.5 1 1
goldbox-rpg/pkg/pcg/levels/rooms.go:670.2,675.50 2 1
goldbox-rpg/pkg/pcg/levels/rooms.go:675.50,681.3 1 1
goldbox-rpg/pkg/pcg/levels/rooms.go:683.2,683.18 1 1
goldbox-rpg/pkg/pcg/levels/demo/main.go:27.30,32.2 1 1
goldbox-rpg/pkg/pcg/levels/demo/main.go:34.13,35.45 1 0
goldbox-rpg/pkg/pcg/levels/demo/main.go:35.45,38.3 2 0
goldbox-rpg/pkg/pcg/levels/demo/main.go:43.29,68.16 6 1
goldbox-rpg/pkg/pcg/levels/demo/main.go:68.16,70.3 1 0
goldbox-rpg/pkg/pcg/levels/demo/main.go:73.2,75.12 2 1
goldbox-rpg/pkg/pcg/levels/demo/main.go:79.55,86.46 5 1
goldbox-rpg/pkg/pcg/levels/demo/main.go:86.46,87.46 1 1
goldbox-rpg/pkg/pcg/levels/demo/main.go:87.46,88.34 1 1
goldbox-rpg/pkg/pcg/levels/demo/main.go:88.34,90.5 1 1
goldbox-rpg/pkg/pcg/levels/demo/main.go:90.10,92.5 1 1
goldbox-rpg/pkg/pcg/levels/demo/main.go:94.3,94.18 1 1
goldbox-rpg/pkg/pcg/levels/demo/main.go:97.2,97.63 1 1
goldbox-rpg/pkg/retry/retry.go:39.39,48.2 1 1
goldbox-rpg/pkg/retry/retry.go:51.39,60.2 1 1
goldbox-rpg/pkg/retry/retry.go:63.42,72.2 1 1
goldbox-rpg/pkg/retry/retry.go:81.46,86.2 1 1
goldbox-rpg/pkg/retry/retry.go:89.93,96.84 2 1
goldbox-rpg/pkg/retry/retry.go:96.84,103.3 3 1
goldbox-rpg/pkg/retry/retry.go:105.2,111.15 2 1
goldbox-rpg/pkg/retry/retry.go:115.118,124.63 3 1
goldbox-rpg/pkg/retry/retry.go:124.63,134.56 3 1
goldbox-rpg/pkg/retry/retry.go:134.56,142.4 2 0
goldbox-rpg/pkg/retry/retry.go:144.3,144.87 1 1
goldbox-rpg/pkg/retry/retry.go:144.87,152.4 2 0
goldbox-rpg/pkg/retry/retry.go:154.3,154.21 1 1
goldbox-rpg/pkg/retry/retry.go:154.21,161.4 2 1
goldbox-rpg/pkg/retry/retry.go:163.3,163.53 1 1
goldbox-rpg/pkg/retry/retry.go:163.53,170.9 2 1
goldbox-rpg/pkg/retry/retry.go:173.3,173.62 1 1
goldbox-rpg/pkg/retry/retry.go:173.62,181.4 2 1
goldbox-rpg/pkg/retry/retry.go:184.2,193.17 3 1
goldbox-rpg/pkg/retry/retry.go:197.66,202.2 1 1
goldbox-rpg/pkg/retry/retry.go:205.84,206.22 1 1
goldbox-rpg/pkg/retry/retry.go:206.22,209.3 2 0
goldbox-rpg/pkg/retry/retry.go:210.2,210.12 1 1
goldbox-rpg/pkg/retry/retry.go:214.168,220.16 4 1
goldbox-rpg/pkg/retry/retry.go:220.16,221.18 1 1
goldbox-rpg/pkg/retry/retry.go:221.18,223.4 1 1
goldbox-rpg/pkg/retry/retry.go:224.3,224.13 1 1
goldbox-rpg/pkg/retry/retry.go:227.2,228.12 2 1
goldbox-rpg/pkg/retry/retry.go:232.93,233.37 1 1
goldbox-rpg/pkg/retry/retry.go:233.37,236.3 2 1
goldbox-rpg/pkg/retry/retry.go:238.2,238.29 1 1
goldbox-rpg/pkg/retry/retry.go:238.29,241.3 2 0
goldbox-rpg/pkg/retry/retry.go:243.2,243.14 1 1
goldbox-rpg/pkg/retry/retry.go:247.94,254.9 5 1
goldbox-rpg/pkg/retry/retry.go:255.17,256.13 1 1
goldbox-rpg/pkg/retry/retry.go:257.20,259.19 2 1
goldbox-rpg/pkg/retry/retry.go:264.57,266.2 1 1
goldbox-rpg/pkg/retry/retry.go:269.47,270.16 1 1
goldbox-rpg/pkg/retry/retry.go:270.16,272.3 1 1
goldbox-rpg/pkg/retry/retry.go:275.2,275.56 1 1
goldbox-rpg/pkg/retry/retry.go:275.56,276.35 1 1
goldbox-rpg/pkg/retry/retry.go:276.35,278.4 1 1
goldbox-rpg/pkg/retry/retry.go:283.2,283.13 1 1
goldbox-rpg/pkg/retry/retry.go:287.61,292.40 2 1
goldbox-rpg/pkg/retry/retry.go:292.40,294.3 1 1
goldbox-rpg/pkg/retry/retry.go:297.2,297.35 1 1
goldbox-rpg/pkg/retry/retry.go:297.35,303.16 4 1
goldbox-rpg/pkg/retry/retry.go:303.16,305.4 1 0
goldbox-rpg/pkg/retry/retry.go:308.2,308.29 1 1
goldbox-rpg/pkg/retry/retry.go:314.37,319.38 2 1
goldbox-rpg/pkg/retry/retry.go:319.38,321.3 1 1
goldbox-rpg/pkg/retry/retry.go:323.2,323.49 1 1
goldbox-rpg/pkg/retry/retry.go:336.80,338.2 1 1
goldbox-rpg/pkg/retry/retry.go:341.87,343.2 1 1
goldbox-rpg/pkg/retry/retry.go:346.90,348.2 1 1
goldbox-rpg/pkg/integration/resilient.go:22.119,28.2 1 1
goldbox-rpg/pkg/integration/resilient.go:31.104,33.54 1 1
goldbox-rpg/pkg/integration/resilient.go:33.54,35.3 1 1
goldbox-rpg/pkg/integration/resilient.go:38.2,38.50 1 1
goldbox-rpg/pkg/integration/resilient.go:42.64,47.34 3 1
goldbox-rpg/pkg/integration/resilient.go:47.34,49.3 1 1
goldbox-rpg/pkg/integration/resilient.go:51.2,51.14 1 1
goldbox-rpg/pkg/integration/resilient.go:78.99,80.2 1 1
goldbox-rpg/pkg/integration/resilient.go:83.96,85.2 1 1
goldbox-rpg/pkg/integration/resilient.go:88.95,90.2 1 1
goldbox-rpg/pkg/integration/resilient.go:93.134,97.2 2 1
goldbox-rpg/pkg/integration/resilient.go:100.85,110.2 2 1
goldbox-rpg/pkg/integration/resilient.go:113.83,122.2 2 1
goldbox-rpg/pkg/integration/resilient.go:125.126,133.33 2 1
goldbox-rpg/pkg/integration/resilient.go:133.33,135.3 1 1
goldbox-rpg/pkg/integration/resilient.go:137.2,137.41 1 1
goldbox-rpg/pkg/integration/resilient.go:141.72,142.37 1 1
goldbox-rpg/pkg/integration/resilient.go:142.37,144.3 1 1
goldbox-rpg/pkg/integration/resilient.go:148.95,149.37 1 1
goldbox-rpg/pkg/integration/resilient.go:149.37,151.3 1 1
goldbox-rpg/pkg/integration/resilient.go:156.33,172.2 3 0
goldbox-rpg/pkg/pcg/balancer.go:153.65,154.19 1 1
goldbox-rpg/pkg/pcg/balancer.go:154.19,156.3 1 1
goldbox-rpg/pkg/pcg/balancer.go:158.2,162.50 3 1
goldbox-rpg/pkg/pcg/balancer.go:162.50,166.3 1 1
goldbox-rpg/pkg/pcg/balancer.go:168.2,186.17 3 1
goldbox-rpg/pkg/pcg/balancer.go:190.112,196.59 4 1
goldbox-rpg/pkg/pcg/balancer.go:196.59,199.3 2 1
goldbox-rpg/pkg/pcg/balancer.go:202.2,202.22 1 1
goldbox-rpg/pkg/pcg/balancer.go:202.22,204.3 1 0
goldbox-rpg/pkg/pcg/balancer.go:207.2,208.13 2 1
goldbox-rpg/pkg/pcg/balancer.go:208.13,211.3 2 0
goldbox-rpg/pkg/pcg/balancer.go:214.2,219.16 4 1
goldbox-rpg/pkg/pcg/balancer.go:219.16,222.3 2 0
goldbox-rpg/pkg/pcg/balancer.go:225.2,228.70 2 1
goldbox-rpg/pkg/pcg/balancer.go:228.70,231.3 2 0
goldbox-rpg/pkg/pcg/balancer.go:234.2,265.20 8 1
goldbox-rpg/pkg/pcg/balancer.go:269.105,279.41 3 1
goldbox-rpg/pkg/pcg/balancer.go:279.41,282.3 2 1
goldbox-rpg/pkg/pcg/balancer.go:284.2,287.29 2 1
goldbox-rpg/pkg/pcg/balancer.go:287.29,290.3 2 1
goldbox-rpg/pkg/pcg/balancer.go:293.2,293.52 1 1
goldbox-rpg/pkg/pcg/balancer.go:293.52,295.3 1 1
goldbox-rpg/pkg/pcg/balancer.go:297.2,297.43 1 1
goldbox-rpg/pkg/pcg/balancer.go:301.130,302.29 1 1
goldbox-rpg/pkg/pcg/balancer.go:303.25,304.62 1 1
goldbox-rpg/pkg/pcg/balancer.go:305.29,306.66 1 1
goldbox-rpg/pkg/pcg/balancer.go:307.26,308.64 1 1
goldbox-rpg/pkg/pcg/balancer.go:309.24,310.61 1 1
goldbox-rpg/pkg/pcg/balancer.go:311.26,312.64 1 0
goldbox-rpg/pkg/pcg/balancer.go:313.10,314.71 1 0
goldbox-rpg/pkg/pcg/balancer.go:319.118,321.9 2 1
goldbox-rpg/pkg/pcg/balancer.go:321.9,323.3 1 0
goldbox-rpg/pkg/pcg/balancer.go:326.2,329.39 2 1
goldbox-rpg/pkg/pcg/balancer.go:329.39,330.45 1 1
goldbox-rpg/pkg/pcg/balancer.go:330.45,334.4 3 1
goldbox-rpg/pkg/pcg/balancer.go:337.3,337.46 1 1
goldbox-rpg/pkg/pcg/balancer.go:337.46,341.4 3 1
goldbox-rpg/pkg/pcg/balancer.go:345.2,345.42 1 1
goldbox-rpg/pkg/pcg/balancer.go:345.42,346.47 1 1
goldbox-rpg/pkg/pcg/balancer.go:346.47,350.4 3 1
goldbox-rpg/pkg/pcg/balancer.go:353.2,353.28 1 1
goldbox-rpg/pkg/pcg/balancer.go:357.122,359.9 2 1
goldbox-rpg/pkg/pcg/balancer.go:359.9,361.3 1 0
goldbox-rpg/pkg/pcg/balancer.go:364.2,373.19 6 1
goldbox-rpg/pkg/pcg/balancer.go:373.19,376.3 2 1
goldbox-rpg/pkg/pcg/balancer.go:379.2,379.19 1 1
goldbox-rpg/pkg/pcg/balancer.go:379.19,382.3 2 1
goldbox-rpg/pkg/pcg/balancer.go:384.2,384.26 1 1
goldbox-rpg/pkg/pcg/balancer.go:388.120,390.9 2 1
goldbox-rpg/pkg/pcg/balancer.go:390.9,392.3 1 0
goldbox-rpg/pkg/pcg/balancer.go:395.2,402.30 5 1
goldbox-rpg/pkg/pcg/balancer.go:406.117,408.9 2 1
goldbox-rpg/pkg/pcg/balancer.go:408.9,410.3 1 0
goldbox-rpg/pkg/pcg/balancer.go:413.2,416.28 2 1
goldbox-rpg/pkg/pcg/balancer.go:416.28,420.3 3 1
goldbox-rpg/pkg/pcg/balancer.go:422.2,422.27 1 1
goldbox-rpg/pkg/pcg/balancer.go:426.120,430.2 1 0
goldbox-rpg/pkg/pcg/balancer.go:433.127,438.2 2 0
goldbox-rpg/pkg/pcg/balancer.go:441.111,452.2 6 1
goldbox-rpg/pkg/pcg/balancer.go:455.46,467.2 1 1
goldbox-rpg/pkg/pcg/balancer.go:470.57,524.2 7 1
goldbox-rpg/pkg/pcg/balancer.go:527.59,601.2 7 1
goldbox-rpg/pkg/pcg/balancer.go:604.58,638.2 5 1
goldbox-rpg/pkg/pcg/balancer.go:644.81,645.29 1 1
goldbox-rpg/pkg/pcg/balancer.go:645.29,647.3 1 1
goldbox-rpg/pkg/pcg/balancer.go:649.2,649.28 1 1
goldbox-rpg/pkg/pcg/balancer.go:649.28,651.3 1 1
goldbox-rpg/pkg/pcg/balancer.go:653.2,653.33 1 1
goldbox-rpg/pkg/pcg/balancer.go:653.33,655.3 1 1
goldbox-rpg/pkg/pcg/balancer.go:657.2,657.12 1 1
goldbox-rpg/pkg/pcg/balancer.go:661.87,672.2 1 0
goldbox-rpg/pkg/pcg/balancer.go:675.96,676.47 1 1
goldbox-rpg/pkg/pcg/balancer.go:676.47,678.14 2 1
goldbox-rpg/pkg/pcg/balancer.go:678.14,679.12 1 1
goldbox-rpg/pkg/pcg/balancer.go:683.3,684.14 2 1
goldbox-rpg/pkg/pcg/balancer.go:684.14,685.12 1 0
goldbox-rpg/pkg/pcg/balancer.go:689.3,689.62 1 1
goldbox-rpg/pkg/pcg/balancer.go:689.62,692.4 1 1
goldbox-rpg/pkg/pcg/balancer.go:695.3,695.66 1 1
goldbox-rpg/pkg/pcg/balancer.go:695.66,698.4 1 1
goldbox-rpg/pkg/pcg/balancer.go:701.2,701.12 1 1
goldbox-rpg/pkg/pcg/balancer.go:705.131,709.88 2 1
goldbox-rpg/pkg/pcg/balancer.go:709.88,711.3 1 1
goldbox-rpg/pkg/pcg/balancer.go:714.2,715.36 2 1
goldbox-rpg/pkg/pcg/balancer.go:715.36,717.3 1 1
goldbox-rpg/pkg/pcg/balancer.go:718.2,720.32 2 1
goldbox-rpg/pkg/pcg/balancer.go:720.32,722.3 1 1
goldbox-rpg/pkg/pcg/balancer.go:725.2,728.31 3 1
goldbox-rpg/pkg/pcg/balancer.go:732.117,735.45 2 1
goldbox-rpg/pkg/pcg/balancer.go:735.45,738.3 1 1
goldbox-rpg/pkg/pcg/balancer.go:740.2,740.45 1 1
goldbox-rpg/pkg/pcg/balancer.go:740.45,743.3 1 1
goldbox-rpg/pkg/pcg/balancer.go:745.2,745.54 1 1
goldbox-rpg/pkg/pcg/balancer.go:745.54,748.3 1 1
goldbox-rpg/pkg/pcg/balancer.go:750.2,750.56 1 1
goldbox-rpg/pkg/pcg/balancer.go:750.56,753.3 1 1
goldbox-rpg/pkg/pcg/balancer.go:755.2,755.17 1 1
goldbox-rpg/pkg/pcg/balancer.go:759.128,765.24 4 1
goldbox-rpg/pkg/pcg/balancer.go:765.24,767.3 1 0
goldbox-rpg/pkg/pcg/balancer.go:768.2,774.14 4 1
goldbox-rpg/pkg/pcg/balancer.go:774.14,776.3 1 1
goldbox-rpg/pkg/pcg/balancer.go:779.2,779.37 1 1
goldbox-rpg/pkg/pcg/balancer.go:779.37,781.3 1 1
goldbox-rpg/pkg/pcg/balancer.go:781.8,783.3 1 0
goldbox-rpg/pkg/pcg/balancer.go:785.2,788.40 2 1
goldbox-rpg/pkg/pcg/balancer.go:788.40,790.3 1 1
goldbox-rpg/pkg/pcg/balancer.go:790.8,792.3 1 1
goldbox-rpg/pkg/pcg/balancer.go:795.2,796.39 2 1
goldbox-rpg/pkg/pcg/balancer.go:800.78,801.47 1 1
goldbox-rpg/pkg/pcg/balancer.go:801.47,808.41 4 1
goldbox-rpg/pkg/pcg/balancer.go:808.41,810.4 1 1
goldbox-rpg/pkg/pcg/balancer.go:810.9,813.4 1 1
goldbox-rpg/pkg/pcg/balancer.go:816.3,816.39 1 1
goldbox-rpg/pkg/pcg/balancer.go:816.39,818.4 1 1
goldbox-rpg/pkg/pcg/balancer.go:821.3,822.61 2 1
goldbox-rpg/pkg/pcg/balancer.go:822.61,824.4 1 0
goldbox-rpg/pkg/pcg/balancer.go:826.3,826.66 1 1
goldbox-rpg/pkg/pcg/balancer.go:831.102,844.2 6 1
goldbox-rpg/pkg/pcg/balancer.go:847.98,862.2 7 1
goldbox-rpg/pkg/pcg/balancer.go:865.109,876.66 8 1
goldbox-rpg/pkg/pcg/balancer.go:876.66,883.3 1 1
goldbox-rpg/pkg/pcg/balancer.go:885.2,885.17 1 1
goldbox-rpg/pkg/pcg/balancer.go:889.48,891.2 1 1
goldbox-rpg/pkg/pcg/balancer.go:894.57,917.50 6 1
goldbox-rpg/pkg/pcg/balancer.go:917.50,919.3 1 1
goldbox-rpg/pkg/pcg/balancer.go:920.2,920.52 1 1
goldbox-rpg/pkg/pcg/balancer.go:920.52,922.3 1 1
goldbox-rpg/pkg/pcg/balancer.go:923.2,923.54 1 1
goldbox-rpg/pkg/pcg/balancer.go:923.54,925.3 1 1
goldbox-rpg/pkg/pcg/balancer.go:927.2,927.21 1 1
goldbox-rpg/pkg/pcg/bootstrap.go:85.97,86.19 1 1
goldbox-rpg/pkg/pcg/bootstrap.go:86.19,88.3 1 1
goldbox-rpg/pkg/pcg/bootstrap.go:90.2,98.3 2 1
goldbox-rpg/pkg/pcg/bootstrap.go:103.84,107.58 2 1
goldbox-rpg/pkg/pcg/bootstrap.go:107.58,109.3 1 1
goldbox-rpg/pkg/pcg/bootstrap.go:112.2,113.16 2 1
goldbox-rpg/pkg/pcg/bootstrap.go:113.16,115.3 1 0
goldbox-rpg/pkg/pcg/bootstrap.go:118.2,119.56 2 1
goldbox-rpg/pkg/pcg/bootstrap.go:119.56,121.3 1 1
goldbox-rpg/pkg/pcg/bootstrap.go:124.2,124.55 1 1
goldbox-rpg/pkg/pcg/bootstrap.go:124.55,126.3 1 1
goldbox-rpg/pkg/pcg/bootstrap.go:129.2,129.52 1 1
goldbox-rpg/pkg/pcg/bootstrap.go:129.52,131.3 1 1
goldbox-rpg/pkg/pcg/bootstrap.go:134.2,134.38 1 1
goldbox-rpg/pkg/pcg/bootstrap.go:138.63,142.58 2 1
goldbox-rpg/pkg/pcg/bootstrap.go:142.58,144.3 1 1
goldbox-rpg/pkg/pcg/bootstrap.go:147.2,148.16 2 1
goldbox-rpg/pkg/pcg/bootstrap.go:148.16,150.3 1 0
goldbox-rpg/pkg/pcg/bootstrap.go:153.2,154.56 2 1
goldbox-rpg/pkg/pcg/bootstrap.go:154.56,156.3 1 1
goldbox-rpg/pkg/pcg/bootstrap.go:159.2,160.30 2 1
goldbox-rpg/pkg/pcg/bootstrap.go:160.30,162.3 1 1
goldbox-rpg/pkg/pcg/bootstrap.go:164.2,164.19 1 1
goldbox-rpg/pkg/pcg/bootstrap.go:169.55,176.37 2 1
goldbox-rpg/pkg/pcg/bootstrap.go:176.37,178.54 2 1
goldbox-rpg/pkg/pcg/bootstrap.go:178.54,180.4 1 1
goldbox-rpg/pkg/pcg/bootstrap.go:183.2,183.13 1 1
goldbox-rpg/pkg/pcg/bootstrap.go:187.48,198.2 1 1
goldbox-rpg/pkg/pcg/bootstrap.go:202.84,225.20 5 1
goldbox-rpg/pkg/pcg/bootstrap.go:225.20,227.3 1 1
goldbox-rpg/pkg/pcg/bootstrap.go:228.2,241.54 4 1
goldbox-rpg/pkg/pcg/bootstrap.go:241.54,248.3 2 0
goldbox-rpg/pkg/pcg/bootstrap.go:251.2,251.31 1 1
goldbox-rpg/pkg/pcg/bootstrap.go:251.31,256.57 2 1
goldbox-rpg/pkg/pcg/bootstrap.go:256.57,263.4 2 0
goldbox-rpg/pkg/pcg/bootstrap.go:267.2,271.55 2 1
goldbox-rpg/pkg/pcg/bootstrap.go:271.55,278.3 2 1
goldbox-rpg/pkg/pcg/bootstrap.go:280.2,295.21 4 1
goldbox-rpg/pkg/pcg/bootstrap.go:299.55,316.39 3 1
goldbox-rpg/pkg/pcg/bootstrap.go:316.39,319.3 2 1
goldbox-rpg/pkg/pcg/bootstrap.go:321.2,322.12 2 1
goldbox-rpg/pkg/pcg/bootstrap.go:326.52,339.2 3 1
goldbox-rpg/pkg/pcg/bootstrap.go:342.55,353.2 3 1
goldbox-rpg/pkg/pcg/bootstrap.go:356.57,367.2 3 1
goldbox-rpg/pkg/pcg/bootstrap.go:370.53,381.2 3 1
goldbox-rpg/pkg/pcg/bootstrap.go:384.55,393.2 2 1
goldbox-rpg/pkg/pcg/bootstrap.go:396.73,413.2 5 1
goldbox-rpg/pkg/pcg/bootstrap.go:417.51,418.29 1 1
goldbox-rpg/pkg/pcg/bootstrap.go:419.23,420.11 1 1
goldbox-rpg/pkg/pcg/bootstrap.go:421.24,422.11 1 1
goldbox-rpg/pkg/pcg/bootstrap.go:423.22,424.11 1 1
goldbox-rpg/pkg/pcg/bootstrap.go:425.10,426.11 1 0
goldbox-rpg/pkg/pcg/bootstrap.go:430.52,431.29 1 1
goldbox-rpg/pkg/pcg/bootstrap.go:432.23,433.11 1 1
goldbox-rpg/pkg/pcg/bootstrap.go:434.24,435.11 1 1
goldbox-rpg/pkg/pcg/bootstrap.go:436.22,437.11 1 1
goldbox-rpg/pkg/pcg/bootstrap.go:438.10,439.11 1 0
goldbox-rpg/pkg/pcg/bootstrap.go:443.52,445.34 2 1
goldbox-rpg/pkg/pcg/bootstrap.go:446.24,447.14 1 1
goldbox-rpg/pkg/pcg/bootstrap.go:448.26,449.18 1 1
goldbox-rpg/pkg/pcg/bootstrap.go:450.26,451.18 1 1
goldbox-rpg/pkg/pcg/bootstrap.go:452.10,453.18 1 0
goldbox-rpg/pkg/pcg/bootstrap.go:457.50,458.29 1 1
goldbox-rpg/pkg/pcg/bootstrap.go:459.23,460.11 1 1
goldbox-rpg/pkg/pcg/bootstrap.go:461.24,462.12 1 1
goldbox-rpg/pkg/pcg/bootstrap.go:463.22,464.12 1 1
goldbox-rpg/pkg/pcg/bootstrap.go:465.10,466.12 1 0
goldbox-rpg/pkg/pcg/bootstrap.go:471.56,481.27 3 1
goldbox-rpg/pkg/pcg/bootstrap.go:481.27,482.49 1 1
goldbox-rpg/pkg/pcg/bootstrap.go:482.49,484.4 1 1
goldbox-rpg/pkg/pcg/bootstrap.go:488.2,488.43 1 1
goldbox-rpg/pkg/pcg/bootstrap.go:488.43,490.3 1 0
goldbox-rpg/pkg/pcg/bootstrap.go:492.2,492.42 1 1
goldbox-rpg/pkg/pcg/bootstrap.go:492.42,494.3 1 0
goldbox-rpg/pkg/pcg/bootstrap.go:497.2,497.48 1 1
goldbox-rpg/pkg/pcg/bootstrap.go:497.48,499.3 1 0
goldbox-rpg/pkg/pcg/bootstrap.go:501.2,506.12 2 1
goldbox-rpg/pkg/pcg/bootstrap.go:510.44,514.79 3 1
goldbox-rpg/pkg/pcg/bootstrap.go:514.79,516.3 1 0
goldbox-rpg/pkg/pcg/bootstrap.go:518.2,519.81 2 1
goldbox-rpg/pkg/pcg/bootstrap.go:519.81,521.3 1 0
goldbox-rpg/pkg/pcg/bootstrap.go:523.2,524.81 2 1
goldbox-rpg/pkg/pcg/bootstrap.go:524.81,526.3 1 0
goldbox-rpg/pkg/pcg/bootstrap.go:528.2,528.12 1 1
goldbox-rpg/pkg/pcg/bootstrap.go:531.104,533.16 2 1
goldbox-rpg/pkg/pcg/bootstrap.go:533.16,535.3 1 0
goldbox-rpg/pkg/pcg/bootstrap.go:537.2,537.86 1 1
goldbox-rpg/pkg/pcg/bootstrap.go:537.86,539.3 1 0
goldbox-rpg/pkg/pcg/bootstrap.go:541.2,541.12 1 1
goldbox-rpg/pkg/pcg/bootstrap.go:544.65,579.2 1 1
goldbox-rpg/pkg/pcg/bootstrap.go:581.69,619.2 1 1
goldbox-rpg/pkg/pcg/bootstrap.go:621.69,660.2 1 1
goldbox-rpg/pkg/pcg/bootstrap.go:663.43,773.16 4 1
goldbox-rpg/pkg/pcg/bootstrap.go:773.16,775.3 1 0
goldbox-rpg/pkg/pcg/bootstrap.go:777.2,777.93 1 1
goldbox-rpg/pkg/pcg/bootstrap.go:777.93,779.3 1 0
goldbox-rpg/pkg/pcg/bootstrap.go:781.2,781.12 1 1
goldbox-rpg/pkg/pcg/bootstrap.go:784.49,788.69 2 1
goldbox-rpg/pkg/pcg/bootstrap.go:788.69,790.3 1 0
goldbox-rpg/pkg/pcg/bootstrap.go:792.2,793.16 2 1
goldbox-rpg/pkg/pcg/bootstrap.go:793.16,795.3 1 0
goldbox-rpg/pkg/pcg/bootstrap.go:797.2,797.62 1 1
goldbox-rpg/pkg/pcg/bootstrap.go:797.62,799.3 1 0
goldbox-rpg/pkg/pcg/bootstrap.go:801.2,801.12 1 1
goldbox-rpg/pkg/pcg/bootstrap.go:805.55,812.2 1 1
goldbox-rpg/pkg/pcg/bootstrap.go:815.54,822.2 1 1
goldbox-rpg/pkg/pcg/bootstrap.go:835.81,836.29 1 1
goldbox-rpg/pkg/pcg/bootstrap.go:836.29,838.3 1 0
goldbox-rpg/pkg/pcg/bootstrap.go:841.2,841.57 1 1
goldbox-rpg/pkg/pcg/character.go:14.13,17.2 1 1
goldbox-rpg/pkg/pcg/character.go:28.59,34.19 2 1
goldbox-rpg/pkg/pcg/character.go:34.19,40.3 2 1
goldbox-rpg/pkg/pcg/character.go:42.2,54.18 3 1
goldbox-rpg/pkg/pcg/character.go:59.101,68.44 2 1
goldbox-rpg/pkg/pcg/character.go:68.44,71.3 2 1
goldbox-rpg/pkg/pcg/character.go:73.2,85.16 6 1
goldbox-rpg/pkg/pcg/character.go:85.16,88.3 2 0
goldbox-rpg/pkg/pcg/character.go:90.2,95.17 2 1
goldbox-rpg/pkg/pcg/character.go:99.51,102.2 2 1
goldbox-rpg/pkg/pcg/character.go:105.89,107.9 2 1
goldbox-rpg/pkg/pcg/character.go:107.9,110.3 2 1
goldbox-rpg/pkg/pcg/character.go:112.2,113.56 2 1
goldbox-rpg/pkg/pcg/character.go:117.95,128.2 1 1
goldbox-rpg/pkg/pcg/character.go:131.93,132.32 1 1
goldbox-rpg/pkg/pcg/character.go:132.32,135.3 2 1
goldbox-rpg/pkg/pcg/character.go:136.2,136.34 1 1
goldbox-rpg/pkg/pcg/character.go:136.34,139.3 2 0
goldbox-rpg/pkg/pcg/character.go:140.2,140.33 1 1
goldbox-rpg/pkg/pcg/character.go:140.33,143.3 2 0
goldbox-rpg/pkg/pcg/character.go:144.2,144.30 1 1
goldbox-rpg/pkg/pcg/character.go:144.30,147.3 2 0
goldbox-rpg/pkg/pcg/character.go:148.2,148.15 1 1
goldbox-rpg/pkg/pcg/character.go:152.130,171.16 6 1
goldbox-rpg/pkg/pcg/character.go:171.16,178.3 2 0
goldbox-rpg/pkg/pcg/character.go:180.2,189.16 3 1
goldbox-rpg/pkg/pcg/character.go:189.16,196.3 2 0
goldbox-rpg/pkg/pcg/character.go:198.2,220.17 4 1
goldbox-rpg/pkg/pcg/character.go:224.132,236.19 4 1
goldbox-rpg/pkg/pcg/character.go:237.22,238.33 1 1
goldbox-rpg/pkg/pcg/character.go:239.22,240.33 1 1
goldbox-rpg/pkg/pcg/character.go:241.25,242.33 1 1
goldbox-rpg/pkg/pcg/character.go:243.24,244.33 1 0
goldbox-rpg/pkg/pcg/character.go:245.23,246.33 1 0
goldbox-rpg/pkg/pcg/character.go:247.24,248.33 1 0
goldbox-rpg/pkg/pcg/character.go:249.24,250.33 1 0
goldbox-rpg/pkg/pcg/character.go:251.10,252.33 1 0
goldbox-rpg/pkg/pcg/character.go:255.2,255.33 1 1
goldbox-rpg/pkg/pcg/character.go:255.33,263.13 5 1
goldbox-rpg/pkg/pcg/character.go:263.13,267.4 2 1
goldbox-rpg/pkg/pcg/character.go:269.3,270.17 2 1
goldbox-rpg/pkg/pcg/character.go:270.17,272.4 1 0
goldbox-rpg/pkg/pcg/character.go:274.3,274.27 1 1
goldbox-rpg/pkg/pcg/character.go:278.2,280.18 2 1
goldbox-rpg/pkg/pcg/character.go:284.146,295.16 3 1
goldbox-rpg/pkg/pcg/character.go:295.16,297.3 1 0
goldbox-rpg/pkg/pcg/character.go:298.2,302.16 3 1
goldbox-rpg/pkg/pcg/character.go:302.16,304.3 1 0
goldbox-rpg/pkg/pcg/character.go:305.2,307.21 2 1
goldbox-rpg/pkg/pcg/character.go:311.47,313.2 1 1
goldbox-rpg/pkg/pcg/character.go:316.45,318.2 1 1
goldbox-rpg/pkg/pcg/character.go:321.65,322.22 1 1
goldbox-rpg/pkg/pcg/character.go:322.22,324.3 1 1
goldbox-rpg/pkg/pcg/character.go:326.2,326.53 1 1
goldbox-rpg/pkg/pcg/character.go:326.53,328.3 1 1
goldbox-rpg/pkg/pcg/character.go:330.2,330.55 1 1
goldbox-rpg/pkg/pcg/character.go:330.55,332.3 1 1
goldbox-rpg/pkg/pcg/character.go:335.2,335.89 1 1
goldbox-rpg/pkg/pcg/character.go:335.89,336.83 1 1
goldbox-rpg/pkg/pcg/character.go:336.83,338.4 1 1
goldbox-rpg/pkg/pcg/character.go:340.3,340.82 1 1
goldbox-rpg/pkg/pcg/character.go:340.82,342.4 1 1
goldbox-rpg/pkg/pcg/character.go:344.3,344.76 1 1
goldbox-rpg/pkg/pcg/character.go:344.76,346.4 1 1
goldbox-rpg/pkg/pcg/character.go:349.2,349.12 1 1
goldbox-rpg/pkg/pcg/character.go:353.96,390.2 11 1
goldbox-rpg/pkg/pcg/character.go:393.66,400.2 2 1
goldbox-rpg/pkg/pcg/character.go:402.54,409.2 2 1
goldbox-rpg/pkg/pcg/character.go:411.73,420.32 3 1
goldbox-rpg/pkg/pcg/character.go:420.32,422.3 1 0
goldbox-rpg/pkg/pcg/character.go:424.2,427.30 3 1
goldbox-rpg/pkg/pcg/character.go:427.30,429.17 2 1
goldbox-rpg/pkg/pcg/character.go:429.17,432.4 2 1
goldbox-rpg/pkg/pcg/character.go:435.2,435.15 1 1
goldbox-rpg/pkg/pcg/character.go:438.72,450.28 5 1
goldbox-rpg/pkg/pcg/character.go:450.28,452.17 2 1
goldbox-rpg/pkg/pcg/character.go:452.17,455.4 2 1
goldbox-rpg/pkg/pcg/character.go:458.2,458.14 1 1
goldbox-rpg/pkg/pcg/character.go:461.85,474.28 5 1
goldbox-rpg/pkg/pcg/character.go:474.28,476.3 1 1
goldbox-rpg/pkg/pcg/character.go:478.2,478.16 1 1
goldbox-rpg/pkg/pcg/character.go:481.61,493.38 5 1
goldbox-rpg/pkg/pcg/character.go:493.38,495.17 2 1
goldbox-rpg/pkg/pcg/character.go:495.17,498.4 2 1
goldbox-rpg/pkg/pcg/character.go:501.2,501.19 1 1
goldbox-rpg/pkg/pcg/character.go:504.76,511.2 2 1
goldbox-rpg/pkg/pcg/character.go:513.114,524.58 4 1
goldbox-rpg/pkg/pcg/character.go:524.58,526.17 2 1
goldbox-rpg/pkg/pcg/character.go:526.17,534.4 3 1
goldbox-rpg/pkg/pcg/character.go:537.2,537.20 1 1
goldbox-rpg/pkg/pcg/character.go:540.102,549.74 4 1
goldbox-rpg/pkg/pcg/character.go:549.74,551.17 2 1
goldbox-rpg/pkg/pcg/character.go:551.17,561.4 4 1
goldbox-rpg/pkg/pcg/character.go:564.2,564.25 1 1
goldbox-rpg/pkg/pcg/character.go:567.80,583.60 2 1
goldbox-rpg/pkg/pcg/character.go:583.60,585.3 1 1
goldbox-rpg/pkg/pcg/character.go:586.2,586.23 1 0
goldbox-rpg/pkg/pcg/character.go:590.102,599.62 2 1
goldbox-rpg/pkg/pcg/character.go:599.62,601.3 1 1
goldbox-rpg/pkg/pcg/character.go:602.2,602.22 1 1
goldbox-rpg/pkg/pcg/character.go:605.116,617.2 1 1
goldbox-rpg/pkg/pcg/character.go:619.82,625.2 2 1
goldbox-rpg/pkg/pcg/character.go:627.113,630.2 1 1
goldbox-rpg/pkg/pcg/character.go:633.119,645.18 2 1
goldbox-rpg/pkg/pcg/character.go:646.26,648.42 2 1
goldbox-rpg/pkg/pcg/character.go:649.29,651.42 2 1
goldbox-rpg/pkg/pcg/character.go:652.25,654.36 2 1
goldbox-rpg/pkg/pcg/character.go:655.26,657.42 2 1
goldbox-rpg/pkg/pcg/character.go:661.2,661.21 1 1
goldbox-rpg/pkg/pcg/character.go:662.44,664.42 2 1
goldbox-rpg/pkg/pcg/character.go:665.41,666.42 1 0
goldbox-rpg/pkg/pcg/character.go:669.2,669.13 1 1
goldbox-rpg/pkg/pcg/character.go:683.87,692.2 5 1
goldbox-rpg/pkg/pcg/character.go:694.76,700.2 4 1
goldbox-rpg/pkg/pcg/character.go:702.73,703.18 1 1
goldbox-rpg/pkg/pcg/character.go:704.21,705.17 1 0
goldbox-rpg/pkg/pcg/character.go:706.26,707.19 1 0
goldbox-rpg/pkg/pcg/character.go:708.26,709.23 1 0
goldbox-rpg/pkg/pcg/character.go:710.21,711.23 1 1
goldbox-rpg/pkg/pcg/character.go:712.26,713.18 1 1
goldbox-rpg/pkg/pcg/character.go:714.23,715.19 1 0
goldbox-rpg/pkg/pcg/character.go:716.23,717.19 1 0
goldbox-rpg/pkg/pcg/character.go:718.10,719.17 1 1
goldbox-rpg/pkg/pcg/character.go:723.90,724.18 1 1
goldbox-rpg/pkg/pcg/character.go:725.26,726.27 1 1
goldbox-rpg/pkg/pcg/character.go:727.25,728.24 1 1
goldbox-rpg/pkg/pcg/character.go:729.27,730.26 1 0
goldbox-rpg/pkg/pcg/character.go:731.26,732.25 1 0
goldbox-rpg/pkg/pcg/character.go:733.29,734.27 1 1
goldbox-rpg/pkg/pcg/character.go:735.26,736.27 1 1
goldbox-rpg/pkg/pcg/character.go:737.25,738.25 1 0
goldbox-rpg/pkg/pcg/character.go:739.28,740.27 1 0
goldbox-rpg/pkg/pcg/character.go:741.10,746.44 2 1
goldbox-rpg/pkg/pcg/character.go:751.116,752.19 1 1
goldbox-rpg/pkg/pcg/character.go:753.22,754.20 1 1
goldbox-rpg/pkg/pcg/character.go:754.20,756.4 1 1
goldbox-rpg/pkg/pcg/character.go:757.3,757.28 1 1
goldbox-rpg/pkg/pcg/character.go:758.25,759.31 1 1
goldbox-rpg/pkg/pcg/character.go:760.24,761.20 1 0
goldbox-rpg/pkg/pcg/character.go:761.20,763.4 1 0
goldbox-rpg/pkg/pcg/character.go:764.3,764.30 1 0
goldbox-rpg/pkg/pcg/character.go:765.24,766.30 1 0
goldbox-rpg/pkg/pcg/character.go:767.22,769.20 1 1
goldbox-rpg/pkg/pcg/character.go:769.20,771.4 1 1
goldbox-rpg/pkg/pcg/character.go:772.3,772.30 1 1
goldbox-rpg/pkg/pcg/character.go:773.10,774.30 1 0
goldbox-rpg/pkg/pcg/character.go:778.78,779.17 1 1
goldbox-rpg/pkg/pcg/character.go:780.24,781.25 1 0
goldbox-rpg/pkg/pcg/character.go:782.23,783.28 1 0
goldbox-rpg/pkg/pcg/character.go:784.26,785.28 1 1
goldbox-rpg/pkg/pcg/character.go:786.26,787.29 1 0
goldbox-rpg/pkg/pcg/character.go:788.27,789.27 1 1
goldbox-rpg/pkg/pcg/character.go:790.25,791.26 1 0
goldbox-rpg/pkg/pcg/character.go:792.24,793.28 1 0
goldbox-rpg/pkg/pcg/character.go:794.10,795.17 1 0
goldbox-rpg/pkg/pcg/character.go:799.96,803.2 0 1
goldbox-rpg/pkg/pcg/character.go:806.67,809.19 2 1
goldbox-rpg/pkg/pcg/character.go:809.19,811.3 1 1
goldbox-rpg/pkg/pcg/character.go:814.2,814.35 1 1
goldbox-rpg/pkg/pcg/character.go:817.75,829.49 2 1
goldbox-rpg/pkg/pcg/character.go:829.49,833.3 2 1
goldbox-rpg/pkg/pcg/character.go:834.2,834.11 1 0
goldbox-rpg/pkg/pcg/character.go:837.66,842.2 3 1
goldbox-rpg/pkg/pcg/character.go:844.71,847.2 1 1
goldbox-rpg/pkg/pcg/character.go:849.66,854.2 3 1
goldbox-rpg/pkg/pcg/character.go:856.73,859.14 2 1
goldbox-rpg/pkg/pcg/character.go:859.14,861.3 1 0
goldbox-rpg/pkg/pcg/character.go:862.2,862.13 1 1
goldbox-rpg/pkg/pcg/character.go:865.56,868.2 1 1
goldbox-rpg/pkg/pcg/dialogue.go:132.69,133.19 1 1
goldbox-rpg/pkg/pcg/dialogue.go:133.19,135.3 1 1
goldbox-rpg/pkg/pcg/dialogue.go:137.2,147.18 4 1
goldbox-rpg/pkg/pcg/dialogue.go:151.106,156.22 3 1
goldbox-rpg/pkg/pcg/dialogue.go:156.22,158.3 1 1
goldbox-rpg/pkg/pcg/dialogue.go:161.2,162.9 2 1
goldbox-rpg/pkg/pcg/dialogue.go:162.9,172.3 1 1
goldbox-rpg/pkg/pcg/dialogue.go:174.2,186.16 4 1
goldbox-rpg/pkg/pcg/dialogue.go:186.16,188.3 1 0
goldbox-rpg/pkg/pcg/dialogue.go:190.2,199.22 3 1
goldbox-rpg/pkg/pcg/dialogue.go:203.52,205.2 1 1
goldbox-rpg/pkg/pcg/dialogue.go:208.50,210.2 1 1
goldbox-rpg/pkg/pcg/dialogue.go:213.70,214.21 1 1
goldbox-rpg/pkg/pcg/dialogue.go:214.21,216.3 1 1
goldbox-rpg/pkg/pcg/dialogue.go:219.2,219.82 1 1
goldbox-rpg/pkg/pcg/dialogue.go:219.82,220.62 1 1
goldbox-rpg/pkg/pcg/dialogue.go:220.62,222.4 1 1
goldbox-rpg/pkg/pcg/dialogue.go:224.3,224.71 1 1
goldbox-rpg/pkg/pcg/dialogue.go:224.71,226.4 1 1
goldbox-rpg/pkg/pcg/dialogue.go:228.3,228.77 1 1
goldbox-rpg/pkg/pcg/dialogue.go:228.77,230.4 1 1
goldbox-rpg/pkg/pcg/dialogue.go:233.2,233.12 1 1
goldbox-rpg/pkg/pcg/dialogue.go:237.121,240.16 2 1
goldbox-rpg/pkg/pcg/dialogue.go:240.16,242.3 1 0
goldbox-rpg/pkg/pcg/dialogue.go:245.2,254.45 4 1
goldbox-rpg/pkg/pcg/dialogue.go:254.45,258.31 3 1
goldbox-rpg/pkg/pcg/dialogue.go:258.31,260.4 1 1
goldbox-rpg/pkg/pcg/dialogue.go:263.3,263.52 1 1
goldbox-rpg/pkg/pcg/dialogue.go:263.52,264.68 1 1
goldbox-rpg/pkg/pcg/dialogue.go:264.68,270.19 4 1
goldbox-rpg/pkg/pcg/dialogue.go:270.19,272.14 2 0
goldbox-rpg/pkg/pcg/dialogue.go:275.5,282.57 3 1
goldbox-rpg/pkg/pcg/dialogue.go:287.2,296.8 1 1
goldbox-rpg/pkg/pcg/dialogue.go:300.149,303.25 2 1
goldbox-rpg/pkg/pcg/dialogue.go:303.25,305.3 1 0
goldbox-rpg/pkg/pcg/dialogue.go:307.2,311.16 3 1
goldbox-rpg/pkg/pcg/dialogue.go:311.16,313.3 1 0
goldbox-rpg/pkg/pcg/dialogue.go:316.2,317.16 2 1
goldbox-rpg/pkg/pcg/dialogue.go:317.16,319.3 1 0
goldbox-rpg/pkg/pcg/dialogue.go:321.2,328.19 2 1
goldbox-rpg/pkg/pcg/dialogue.go:332.113,337.76 2 1
goldbox-rpg/pkg/pcg/dialogue.go:337.76,339.17 2 1
goldbox-rpg/pkg/pcg/dialogue.go:339.17,342.4 2 1
goldbox-rpg/pkg/pcg/dialogue.go:343.3,343.23 1 0
goldbox-rpg/pkg/pcg/dialogue.go:346.2,346.22 1 1
goldbox-rpg/pkg/pcg/dialogue.go:350.136,355.15 3 1
goldbox-rpg/pkg/pcg/dialogue.go:355.15,357.3 1 1
goldbox-rpg/pkg/pcg/dialogue.go:359.2,360.24 2 1
goldbox-rpg/pkg/pcg/dialogue.go:360.24,362.3 1 0
goldbox-rpg/pkg/pcg/dialogue.go:364.2,364.37 1 1
goldbox-rpg/pkg/pcg/dialogue.go:364.37,367.34 2 1
goldbox-rpg/pkg/pcg/dialogue.go:367.34,369.4 1 1
goldbox-rpg/pkg/pcg/dialogue.go:369.9,376.4 1 0
goldbox-rpg/pkg/pcg/dialogue.go:378.3,386.42 3 1
goldbox-rpg/pkg/pcg/dialogue.go:390.2,390.15 1 1
goldbox-rpg/pkg/pcg/dialogue.go:390.15,396.3 1 1
goldbox-rpg/pkg/pcg/dialogue.go:398.2,398.23 1 1
goldbox-rpg/pkg/pcg/dialogue.go:402.88,406.23 2 1
goldbox-rpg/pkg/pcg/dialogue.go:406.23,408.3 1 1
goldbox-rpg/pkg/pcg/dialogue.go:409.2,409.35 1 1
goldbox-rpg/pkg/pcg/dialogue.go:409.35,411.3 1 1
goldbox-rpg/pkg/pcg/dialogue.go:413.2,419.13 4 1
goldbox-rpg/pkg/pcg/dialogue.go:423.105,425.46 1 1
goldbox-rpg/pkg/pcg/dialogue.go:425.46,427.3 1 1
goldbox-rpg/pkg/pcg/dialogue.go:427.8,427.52 1 1
goldbox-rpg/pkg/pcg/dialogue.go:427.52,429.3 1 1
goldbox-rpg/pkg/pcg/dialogue.go:432.2,432.68 1 1
goldbox-rpg/pkg/pcg/dialogue.go:432.68,434.3 1 1
goldbox-rpg/pkg/pcg/dialogue.go:437.2,437.43 1 1
goldbox-rpg/pkg/pcg/dialogue.go:437.43,438.28 1 1
goldbox-rpg/pkg/pcg/dialogue.go:438.28,440.4 1 1
goldbox-rpg/pkg/pcg/dialogue.go:443.2,443.13 1 1
goldbox-rpg/pkg/pcg/dialogue.go:447.65,457.2 2 1
goldbox-rpg/pkg/pcg/dialogue.go:460.65,469.2 2 1
goldbox-rpg/pkg/pcg/dialogue.go:472.80,473.37 1 1
goldbox-rpg/pkg/pcg/dialogue.go:473.37,475.3 1 1
goldbox-rpg/pkg/pcg/dialogue.go:476.2,476.13 1 1
goldbox-rpg/pkg/pcg/dialogue.go:480.78,483.46 2 1
goldbox-rpg/pkg/pcg/dialogue.go:483.46,485.3 1 1
goldbox-rpg/pkg/pcg/dialogue.go:485.8,485.52 1 1
goldbox-rpg/pkg/pcg/dialogue.go:485.52,487.3 1 0
goldbox-rpg/pkg/pcg/dialogue.go:487.8,487.53 1 1
goldbox-rpg/pkg/pcg/dialogue.go:487.53,489.3 1 1
goldbox-rpg/pkg/pcg/dialogue.go:491.2,491.13 1 1
goldbox-rpg/pkg/pcg/dialogue.go:495.102,499.13 3 1
goldbox-rpg/pkg/pcg/dialogue.go:499.13,501.3 1 0
goldbox-rpg/pkg/pcg/dialogue.go:503.2,504.20 2 1
goldbox-rpg/pkg/pcg/dialogue.go:504.20,506.3 1 0
goldbox-rpg/pkg/pcg/dialogue.go:508.2,511.16 3 1
goldbox-rpg/pkg/pcg/dialogue.go:511.16,513.3 1 1
goldbox-rpg/pkg/pcg/dialogue.go:516.2,520.29 3 0
goldbox-rpg/pkg/pcg/dialogue.go:520.29,522.3 1 0
goldbox-rpg/pkg/pcg/dialogue.go:524.2,524.22 1 0
goldbox-rpg/pkg/pcg/dialogue.go:529.52,571.2 3 1
goldbox-rpg/pkg/pcg/dialogue.go:573.62,603.2 2 1
goldbox-rpg/pkg/pcg/dialogue.go:605.55,611.44 2 1
goldbox-rpg/pkg/pcg/dialogue.go:611.44,619.3 3 1
goldbox-rpg/pkg/pcg/dialogue.go:622.90,626.40 2 1
goldbox-rpg/pkg/pcg/dialogue.go:626.40,628.21 2 1
goldbox-rpg/pkg/pcg/dialogue.go:628.21,630.4 1 1
goldbox-rpg/pkg/pcg/dialogue.go:634.89,636.21 1 1
goldbox-rpg/pkg/pcg/dialogue.go:637.18,644.4 1 1
goldbox-rpg/pkg/pcg/dialogue.go:645.17,652.4 1 1
goldbox-rpg/pkg/pcg/dialogue.go:653.20,660.4 1 1
goldbox-rpg/pkg/pcg/dialogue.go:661.10,668.4 1 1
goldbox-rpg/pkg/pcg/dialogue.go:672.87,678.24 4 1
goldbox-rpg/pkg/pcg/dialogue.go:678.24,680.3 1 1
goldbox-rpg/pkg/pcg/dialogue.go:680.8,680.29 1 1
goldbox-rpg/pkg/pcg/dialogue.go:680.29,682.3 1 1
goldbox-rpg/pkg/pcg/dialogue.go:682.8,682.28 1 1
goldbox-rpg/pkg/pcg/dialogue.go:682.28,684.3 1 1
goldbox-rpg/pkg/pcg/dialogue.go:684.8,684.55 1 1
goldbox-rpg/pkg/pcg/dialogue.go:684.55,686.3 1 1
goldbox-rpg/pkg/pcg/dialogue.go:687.2,687.17 1 1
goldbox-rpg/pkg/pcg/dialogue.go:691.106,692.43 1 1
goldbox-rpg/pkg/pcg/dialogue.go:692.43,693.63 1 1
goldbox-rpg/pkg/pcg/dialogue.go:693.63,695.4 1 1
goldbox-rpg/pkg/pcg/dialogue.go:697.2,697.12 1 1
goldbox-rpg/pkg/pcg/dialogue.go:701.98,702.43 1 1
goldbox-rpg/pkg/pcg/dialogue.go:702.43,703.63 1 1
goldbox-rpg/pkg/pcg/dialogue.go:703.63,705.4 1 1
goldbox-rpg/pkg/pcg/dialogue.go:707.2,707.14 1 1
goldbox-rpg/pkg/pcg/dialogue.go:710.90,714.81 2 1
goldbox-rpg/pkg/pcg/dialogue.go:714.81,716.3 1 1
goldbox-rpg/pkg/pcg/dialogue.go:716.8,716.87 1 1
goldbox-rpg/pkg/pcg/dialogue.go:716.87,718.3 1 1
goldbox-rpg/pkg/pcg/dialogue.go:718.8,718.88 1 1
goldbox-rpg/pkg/pcg/dialogue.go:718.88,720.3 1 1
goldbox-rpg/pkg/pcg/dialogue.go:722.2,722.30 1 1
goldbox-rpg/pkg/pcg/dialogue.go:725.75,736.2 3 1
goldbox-rpg/pkg/pcg/dialogue.go:738.24,739.11 1 1
goldbox-rpg/pkg/pcg/dialogue.go:739.11,741.3 1 1
goldbox-rpg/pkg/pcg/dialogue.go:742.2,742.10 1 1
goldbox-rpg/pkg/pcg/dungeon.go:87.67,88.19 1 1
goldbox-rpg/pkg/pcg/dungeon.go:88.19,90.3 1 1
goldbox-rpg/pkg/pcg/dungeon.go:92.2,96.3 1 1
goldbox-rpg/pkg/pcg/dungeon.go:101.105,103.9 2 1
goldbox-rpg/pkg/pcg/dungeon.go:103.9,105.3 1 1
goldbox-rpg/pkg/pcg/dungeon.go:108.2,108.44 1 1
goldbox-rpg/pkg/pcg/dungeon.go:108.44,110.3 1 0
goldbox-rpg/pkg/pcg/dungeon.go:113.2,122.16 4 1
goldbox-rpg/pkg/pcg/dungeon.go:122.16,124.3 1 0
goldbox-rpg/pkg/pcg/dungeon.go:126.2,127.21 2 1
goldbox-rpg/pkg/pcg/dungeon.go:131.152,144.61 2 1
goldbox-rpg/pkg/pcg/dungeon.go:144.61,148.17 3 1
goldbox-rpg/pkg/pcg/dungeon.go:148.17,150.4 1 0
goldbox-rpg/pkg/pcg/dungeon.go:152.3,152.39 1 1
goldbox-rpg/pkg/pcg/dungeon.go:156.2,156.74 1 1
goldbox-rpg/pkg/pcg/dungeon.go:156.74,158.3 1 0
goldbox-rpg/pkg/pcg/dungeon.go:161.2,165.21 4 1
goldbox-rpg/pkg/pcg/dungeon.go:169.174,178.49 2 1
goldbox-rpg/pkg/pcg/dungeon.go:178.49,180.49 2 1
goldbox-rpg/pkg/pcg/dungeon.go:180.49,187.4 1 1
goldbox-rpg/pkg/pcg/dungeon.go:191.2,212.26 7 1
goldbox-rpg/pkg/pcg/dungeon.go:216.133,227.73 6 1
goldbox-rpg/pkg/pcg/dungeon.go:227.73,247.38 8 1
goldbox-rpg/pkg/pcg/dungeon.go:247.38,248.47 1 1
goldbox-rpg/pkg/pcg/dungeon.go:248.47,250.10 2 1
goldbox-rpg/pkg/pcg/dungeon.go:254.3,254.16 1 1
goldbox-rpg/pkg/pcg/dungeon.go:254.16,258.4 3 1
goldbox-rpg/pkg/pcg/dungeon.go:261.2,261.14 1 1
goldbox-rpg/pkg/pcg/dungeon.go:265.115,282.37 3 1
goldbox-rpg/pkg/pcg/dungeon.go:282.37,284.37 2 1
goldbox-rpg/pkg/pcg/dungeon.go:284.37,293.4 1 1
goldbox-rpg/pkg/pcg/dungeon.go:296.2,296.13 1 1
goldbox-rpg/pkg/pcg/dungeon.go:300.80,301.68 1 1
goldbox-rpg/pkg/pcg/dungeon.go:301.68,302.68 1 1
goldbox-rpg/pkg/pcg/dungeon.go:302.68,303.67 1 1
goldbox-rpg/pkg/pcg/dungeon.go:303.67,310.5 1 1
goldbox-rpg/pkg/pcg/dungeon.go:316.99,317.36 1 1
goldbox-rpg/pkg/pcg/dungeon.go:317.36,334.3 10 1
goldbox-rpg/pkg/pcg/dungeon.go:338.86,340.13 1 1
goldbox-rpg/pkg/pcg/dungeon.go:340.13,342.3 1 1
goldbox-rpg/pkg/pcg/dungeon.go:343.2,343.13 1 1
goldbox-rpg/pkg/pcg/dungeon.go:343.13,345.3 1 1
goldbox-rpg/pkg/pcg/dungeon.go:347.2,347.28 1 1
goldbox-rpg/pkg/pcg/dungeon.go:347.28,348.68 1 1
goldbox-rpg/pkg/pcg/dungeon.go:348.68,355.4 1 1
goldbox-rpg/pkg/pcg/dungeon.go:358.2,358.28 1 1
goldbox-rpg/pkg/pcg/dungeon.go:358.28,359.68 1 1
goldbox-rpg/pkg/pcg/dungeon.go:359.68,366.4 1 1
goldbox-rpg/pkg/pcg/dungeon.go:371.85,372.16 1 1
goldbox-rpg/pkg/pcg/dungeon.go:372.16,374.3 1 1
goldbox-rpg/pkg/pcg/dungeon.go:377.2,389.15 2 1
goldbox-rpg/pkg/pcg/dungeon.go:390.19,392.31 2 1
goldbox-rpg/pkg/pcg/dungeon.go:393.20,395.29 2 0
goldbox-rpg/pkg/pcg/dungeon.go:398.2,398.43 1 1
goldbox-rpg/pkg/pcg/dungeon.go:402.87,404.2 1 1
goldbox-rpg/pkg/pcg/dungeon.go:407.105,409.39 2 1
goldbox-rpg/pkg/pcg/dungeon.go:409.39,411.3 1 1
goldbox-rpg/pkg/pcg/dungeon.go:412.2,415.37 2 1
goldbox-rpg/pkg/pcg/dungeon.go:415.37,420.17 4 1
goldbox-rpg/pkg/pcg/dungeon.go:420.17,422.4 1 0
goldbox-rpg/pkg/pcg/dungeon.go:424.3,424.65 1 1
goldbox-rpg/pkg/pcg/dungeon.go:428.2,428.47 1 1
goldbox-rpg/pkg/pcg/dungeon.go:428.47,430.17 2 0
goldbox-rpg/pkg/pcg/dungeon.go:430.17,432.4 1 0
goldbox-rpg/pkg/pcg/dungeon.go:435.2,435.12 1 1
goldbox-rpg/pkg/pcg/dungeon.go:439.133,442.16 2 1
goldbox-rpg/pkg/pcg/dungeon.go:442.16,444.3 1 0
goldbox-rpg/pkg/pcg/dungeon.go:446.2,447.16 2 1
goldbox-rpg/pkg/pcg/dungeon.go:447.16,449.3 1 0
goldbox-rpg/pkg/pcg/dungeon.go:452.2,478.24 5 1
goldbox-rpg/pkg/pcg/dungeon.go:482.121,486.35 2 1
goldbox-rpg/pkg/pcg/dungeon.go:486.35,488.63 1 1
goldbox-rpg/pkg/pcg/dungeon.go:488.63,490.4 1 1
goldbox-rpg/pkg/pcg/dungeon.go:493.2,493.29 1 1
goldbox-rpg/pkg/pcg/dungeon.go:493.29,495.3 1 0
goldbox-rpg/pkg/pcg/dungeon.go:498.2,504.29 4 1
goldbox-rpg/pkg/pcg/dungeon.go:504.29,514.76 5 1
goldbox-rpg/pkg/pcg/dungeon.go:514.76,515.108 1 1
goldbox-rpg/pkg/pcg/dungeon.go:515.108,517.5 1 1
goldbox-rpg/pkg/pcg/dungeon.go:519.3,519.13 1 0
goldbox-rpg/pkg/pcg/dungeon.go:522.2,522.111 1 0
goldbox-rpg/pkg/pcg/dungeon.go:528.74,545.2 5 1
goldbox-rpg/pkg/pcg/dungeon.go:548.104,553.44 4 1
goldbox-rpg/pkg/pcg/dungeon.go:553.44,555.3 1 1
goldbox-rpg/pkg/pcg/dungeon.go:557.2,557.19 1 1
goldbox-rpg/pkg/pcg/dungeon.go:561.117,571.15 2 1
goldbox-rpg/pkg/pcg/dungeon.go:572.23,574.33 2 1
goldbox-rpg/pkg/pcg/dungeon.go:575.20,577.33 2 1
goldbox-rpg/pkg/pcg/dungeon.go:578.20,580.33 2 1
goldbox-rpg/pkg/pcg/dungeon.go:583.2,583.45 1 1
goldbox-rpg/pkg/pcg/dungeon.go:587.101,589.2 1 1
goldbox-rpg/pkg/pcg/dungeon.go:592.137,593.21 1 0
goldbox-rpg/pkg/pcg/dungeon.go:593.21,595.3 1 0
goldbox-rpg/pkg/pcg/dungeon.go:598.2,601.93 3 0
goldbox-rpg/pkg/pcg/dungeon.go:605.74,607.39 2 1
goldbox-rpg/pkg/pcg/dungeon.go:607.39,609.3 1 1
goldbox-rpg/pkg/pcg/dungeon.go:610.2,610.14 1 1
goldbox-rpg/pkg/pcg/dungeon.go:616.51,618.2 1 1
goldbox-rpg/pkg/pcg/dungeon.go:621.49,623.2 1 1
goldbox-rpg/pkg/pcg/dungeon.go:626.69,628.9 2 1
goldbox-rpg/pkg/pcg/dungeon.go:628.9,630.3 1 1
goldbox-rpg/pkg/pcg/dungeon.go:632.2,632.67 1 1
goldbox-rpg/pkg/pcg/dungeon.go:632.67,634.3 1 1
goldbox-rpg/pkg/pcg/dungeon.go:636.2,636.69 1 1
goldbox-rpg/pkg/pcg/dungeon.go:636.69,638.3 1 1
goldbox-rpg/pkg/pcg/dungeon.go:640.2,640.71 1 1
goldbox-rpg/pkg/pcg/dungeon.go:640.71,642.3 1 1
goldbox-rpg/pkg/pcg/dungeon.go:644.2,644.73 1 1
goldbox-rpg/pkg/pcg/dungeon.go:644.73,646.3 1 1
goldbox-rpg/pkg/pcg/dungeon.go:648.2,648.95 1 1
goldbox-rpg/pkg/pcg/dungeon.go:648.95,650.3 1 1
goldbox-rpg/pkg/pcg/dungeon.go:652.2,652.12 1 1
goldbox-rpg/pkg/pcg/events.go:103.120,104.19 1 1
goldbox-rpg/pkg/pcg/events.go:104.19,107.3 2 0
goldbox-rpg/pkg/pcg/events.go:109.2,109.24 1 1
goldbox-rpg/pkg/pcg/events.go:109.24,111.3 1 0
goldbox-rpg/pkg/pcg/events.go:113.2,124.16 3 1
goldbox-rpg/pkg/pcg/events.go:128.64,150.2 12 1
goldbox-rpg/pkg/pcg/events.go:153.81,157.2 3 1
goldbox-rpg/pkg/pcg/events.go:160.75,164.2 3 1
goldbox-rpg/pkg/pcg/events.go:167.65,169.21 2 1
goldbox-rpg/pkg/pcg/events.go:169.21,172.3 2 1
goldbox-rpg/pkg/pcg/events.go:173.2,177.50 4 1
goldbox-rpg/pkg/pcg/events.go:181.45,183.22 2 1
goldbox-rpg/pkg/pcg/events.go:183.22,186.3 2 1
goldbox-rpg/pkg/pcg/events.go:187.2,190.9 3 1
goldbox-rpg/pkg/pcg/events.go:191.33,191.33 0 0
goldbox-rpg/pkg/pcg/events.go:192.10,192.10 0 1
goldbox-rpg/pkg/pcg/events.go:195.2,195.50 1 1
goldbox-rpg/pkg/pcg/events.go:199.52,219.2 7 1
goldbox-rpg/pkg/pcg/events.go:222.147,239.2 3 1
goldbox-rpg/pkg/pcg/events.go:242.80,257.2 3 1
goldbox-rpg/pkg/pcg/events.go:260.73,275.2 3 1
goldbox-rpg/pkg/pcg/events.go:278.73,280.9 2 1
goldbox-rpg/pkg/pcg/events.go:280.9,283.3 2 0
goldbox-rpg/pkg/pcg/events.go:285.2,293.80 2 1
goldbox-rpg/pkg/pcg/events.go:293.80,295.3 1 1
goldbox-rpg/pkg/pcg/events.go:298.74,300.9 2 1
goldbox-rpg/pkg/pcg/events.go:300.9,303.3 2 0
goldbox-rpg/pkg/pcg/events.go:305.2,312.50 2 1
goldbox-rpg/pkg/pcg/events.go:312.50,314.3 1 1
goldbox-rpg/pkg/pcg/events.go:317.71,319.9 2 1
goldbox-rpg/pkg/pcg/events.go:319.9,322.3 2 0
goldbox-rpg/pkg/pcg/events.go:324.2,331.50 2 1
goldbox-rpg/pkg/pcg/events.go:331.50,333.3 1 1
goldbox-rpg/pkg/pcg/events.go:336.77,340.9 3 0
goldbox-rpg/pkg/pcg/events.go:340.9,343.3 2 0
goldbox-rpg/pkg/pcg/events.go:345.2,345.48 1 0
goldbox-rpg/pkg/pcg/events.go:348.71,353.9 3 0
goldbox-rpg/pkg/pcg/events.go:353.9,356.3 2 0
goldbox-rpg/pkg/pcg/events.go:358.2,358.57 1 0
goldbox-rpg/pkg/pcg/events.go:361.69,366.9 3 0
goldbox-rpg/pkg/pcg/events.go:366.9,369.3 2 0
goldbox-rpg/pkg/pcg/events.go:371.2,371.36 1 0
goldbox-rpg/pkg/pcg/events.go:375.64,379.6 3 1
goldbox-rpg/pkg/pcg/events.go:379.6,380.10 1 1
goldbox-rpg/pkg/pcg/events.go:381.21,382.10 1 1
goldbox-rpg/pkg/pcg/events.go:383.28,384.10 1 0
goldbox-rpg/pkg/pcg/events.go:385.19,386.28 1 0
goldbox-rpg/pkg/pcg/events.go:391.50,392.26 1 1
goldbox-rpg/pkg/pcg/events.go:392.26,394.3 1 0
goldbox-rpg/pkg/pcg/events.go:397.2,398.19 2 1
goldbox-rpg/pkg/pcg/events.go:398.19,401.3 2 0
goldbox-rpg/pkg/pcg/events.go:404.2,408.16 4 1
goldbox-rpg/pkg/pcg/events.go:411.77,415.54 2 1
goldbox-rpg/pkg/pcg/events.go:415.54,418.3 2 1
goldbox-rpg/pkg/pcg/events.go:421.2,421.105 1 1
goldbox-rpg/pkg/pcg/events.go:421.105,423.3 1 0
goldbox-rpg/pkg/pcg/events.go:425.2,425.97 1 1
goldbox-rpg/pkg/pcg/events.go:425.97,427.3 1 0
goldbox-rpg/pkg/pcg/events.go:429.2,429.105 1 1
goldbox-rpg/pkg/pcg/events.go:429.105,431.3 1 0
goldbox-rpg/pkg/pcg/events.go:433.2,433.103 1 1
goldbox-rpg/pkg/pcg/events.go:433.103,435.3 1 0
goldbox-rpg/pkg/pcg/events.go:437.2,437.101 1 1
goldbox-rpg/pkg/pcg/events.go:437.101,439.3 1 0
goldbox-rpg/pkg/pcg/events.go:442.92,446.49 4 1
goldbox-rpg/pkg/pcg/events.go:446.49,449.3 2 1
goldbox-rpg/pkg/pcg/events.go:451.2,463.52 3 1
goldbox-rpg/pkg/pcg/events.go:466.89,473.2 2 0
goldbox-rpg/pkg/pcg/events.go:475.85,482.2 2 0
goldbox-rpg/pkg/pcg/events.go:484.89,491.2 2 0
goldbox-rpg/pkg/pcg/events.go:493.88,500.2 2 0
goldbox-rpg/pkg/pcg/events.go:502.87,509.2 2 0
goldbox-rpg/pkg/pcg/events.go:512.89,528.13 5 1
goldbox-rpg/pkg/pcg/events.go:528.13,535.3 5 1
goldbox-rpg/pkg/pcg/events.go:535.8,537.3 1 0
goldbox-rpg/pkg/pcg/events.go:540.86,545.2 2 1
goldbox-rpg/pkg/pcg/events.go:547.82,552.2 2 1
goldbox-rpg/pkg/pcg/events.go:554.86,559.2 2 0
goldbox-rpg/pkg/pcg/events.go:561.85,566.2 2 0
goldbox-rpg/pkg/pcg/events.go:568.84,573.2 2 1
goldbox-rpg/pkg/pcg/events.go:575.85,579.2 2 1
goldbox-rpg/pkg/pcg/events.go:581.76,583.29 1 1
goldbox-rpg/pkg/pcg/events.go:583.29,590.3 2 1
goldbox-rpg/pkg/pcg/events.go:590.8,590.36 1 1
goldbox-rpg/pkg/pcg/events.go:590.36,597.3 2 1
goldbox-rpg/pkg/pcg/events.go:599.2,599.28 1 1
goldbox-rpg/pkg/pcg/events.go:599.28,606.3 2 1
goldbox-rpg/pkg/pcg/events.go:609.115,621.2 3 0
goldbox-rpg/pkg/pcg/events.go:623.83,627.86 2 1
goldbox-rpg/pkg/pcg/events.go:627.86,633.3 2 1
goldbox-rpg/pkg/pcg/events.go:635.2,635.81 1 1
goldbox-rpg/pkg/pcg/events.go:635.81,641.3 2 1
goldbox-rpg/pkg/pcg/events.go:645.84,650.2 2 1
goldbox-rpg/pkg/pcg/events.go:652.121,662.13 3 1
goldbox-rpg/pkg/pcg/events.go:662.13,664.3 1 1
goldbox-rpg/pkg/pcg/events.go:665.2,666.16 2 1
goldbox-rpg/pkg/pcg/events.go:670.70,677.2 5 1
goldbox-rpg/pkg/pcg/events.go:680.53,684.2 3 1
goldbox-rpg/pkg/pcg/events.go:687.51,691.2 3 1
goldbox-rpg/pkg/pcg/events.go:694.48,698.2 3 1
goldbox-rpg/pkg/pcg/faction.go:24.67,25.19 1 1
goldbox-rpg/pkg/pcg/faction.go:25.19,27.3 1 1
goldbox-rpg/pkg/pcg/faction.go:29.2,33.3 1 1
goldbox-rpg/pkg/pcg/faction.go:38.105,39.44 1 1
goldbox-rpg/pkg/pcg/faction.go:39.44,41.3 1 0
goldbox-rpg/pkg/pcg/faction.go:44.2,48.9 4 1
goldbox-rpg/pkg/pcg/faction.go:48.9,60.3 1 1
goldbox-rpg/pkg/pcg/faction.go:60.8,62.34 1 1
goldbox-rpg/pkg/pcg/faction.go:62.34,64.4 1 1
goldbox-rpg/pkg/pcg/faction.go:65.3,65.34 1 1
goldbox-rpg/pkg/pcg/faction.go:65.34,67.4 1 1
goldbox-rpg/pkg/pcg/faction.go:68.3,68.38 1 1
goldbox-rpg/pkg/pcg/faction.go:68.38,70.4 1 0
goldbox-rpg/pkg/pcg/faction.go:73.2,83.16 4 1
goldbox-rpg/pkg/pcg/faction.go:83.16,85.3 1 0
goldbox-rpg/pkg/pcg/faction.go:87.2,94.27 3 1
goldbox-rpg/pkg/pcg/faction.go:98.51,100.2 1 1
goldbox-rpg/pkg/pcg/faction.go:103.49,105.2 1 1
goldbox-rpg/pkg/pcg/faction.go:108.69,109.22 1 1
goldbox-rpg/pkg/pcg/faction.go:109.22,111.3 1 1
goldbox-rpg/pkg/pcg/faction.go:113.2,113.53 1 1
goldbox-rpg/pkg/pcg/faction.go:113.53,115.3 1 1
goldbox-rpg/pkg/pcg/faction.go:118.2,118.80 1 1
goldbox-rpg/pkg/pcg/faction.go:118.80,119.66 1 1
goldbox-rpg/pkg/pcg/faction.go:119.66,120.73 1 1
goldbox-rpg/pkg/pcg/faction.go:120.73,122.5 1 1
goldbox-rpg/pkg/pcg/faction.go:124.4,124.78 1 1
goldbox-rpg/pkg/pcg/faction.go:124.78,126.5 1 1
goldbox-rpg/pkg/pcg/faction.go:130.2,130.12 1 1
goldbox-rpg/pkg/pcg/faction.go:134.127,148.43 2 1
goldbox-rpg/pkg/pcg/faction.go:148.43,150.17 2 1
goldbox-rpg/pkg/pcg/faction.go:150.17,152.4 1 0
goldbox-rpg/pkg/pcg/faction.go:153.3,153.53 1 1
goldbox-rpg/pkg/pcg/faction.go:157.2,157.70 1 1
goldbox-rpg/pkg/pcg/faction.go:157.70,159.3 1 0
goldbox-rpg/pkg/pcg/faction.go:162.2,162.68 1 1
goldbox-rpg/pkg/pcg/faction.go:162.68,164.3 1 0
goldbox-rpg/pkg/pcg/faction.go:167.2,167.67 1 1
goldbox-rpg/pkg/pcg/faction.go:167.67,169.3 1 0
goldbox-rpg/pkg/pcg/faction.go:172.2,172.66 1 1
goldbox-rpg/pkg/pcg/faction.go:172.66,174.3 1 0
goldbox-rpg/pkg/pcg/faction.go:177.2,182.20 5 1
goldbox-rpg/pkg/pcg/faction.go:186.117,218.2 5 1
goldbox-rpg/pkg/pcg/faction.go:221.132,224.37 2 1
goldbox-rpg/pkg/pcg/faction.go:224.37,225.42 1 1
goldbox-rpg/pkg/pcg/faction.go:225.42,228.4 2 1
goldbox-rpg/pkg/pcg/faction.go:232.2,234.12 2 1
goldbox-rpg/pkg/pcg/faction.go:238.122,261.2 5 1
goldbox-rpg/pkg/pcg/faction.go:265.57,270.28 4 1
goldbox-rpg/pkg/pcg/faction.go:270.28,274.3 1 1
goldbox-rpg/pkg/pcg/faction.go:276.2,279.40 1 1
goldbox-rpg/pkg/pcg/faction.go:282.58,292.2 7 1
goldbox-rpg/pkg/pcg/faction.go:294.61,301.2 2 1
goldbox-rpg/pkg/pcg/faction.go:303.67,309.2 2 1
goldbox-rpg/pkg/pcg/faction.go:311.55,318.2 2 1
goldbox-rpg/pkg/pcg/faction.go:320.61,333.29 5 1
goldbox-rpg/pkg/pcg/faction.go:333.29,335.23 2 1
goldbox-rpg/pkg/pcg/faction.go:335.23,338.4 2 1
goldbox-rpg/pkg/pcg/faction.go:341.2,341.14 1 1
goldbox-rpg/pkg/pcg/faction.go:344.74,354.38 5 1
goldbox-rpg/pkg/pcg/faction.go:354.38,356.23 2 1
goldbox-rpg/pkg/pcg/faction.go:356.23,359.4 2 1
goldbox-rpg/pkg/pcg/faction.go:362.2,362.19 1 1
goldbox-rpg/pkg/pcg/faction.go:365.67,372.35 5 1
goldbox-rpg/pkg/pcg/faction.go:372.35,385.3 2 1
goldbox-rpg/pkg/pcg/faction.go:387.2,387.16 1 1
goldbox-rpg/pkg/pcg/faction.go:390.57,397.2 3 1
goldbox-rpg/pkg/pcg/faction.go:400.62,402.2 1 1
goldbox-rpg/pkg/pcg/faction.go:406.72,408.22 1 1
goldbox-rpg/pkg/pcg/faction.go:409.27,411.24 2 1
goldbox-rpg/pkg/pcg/faction.go:412.27,414.22 2 1
goldbox-rpg/pkg/pcg/faction.go:415.28,417.25 2 1
goldbox-rpg/pkg/pcg/faction.go:418.26,420.66 2 1
goldbox-rpg/pkg/pcg/faction.go:424.93,426.32 1 1
goldbox-rpg/pkg/pcg/faction.go:426.32,428.3 1 0
goldbox-rpg/pkg/pcg/faction.go:429.2,429.32 1 1
goldbox-rpg/pkg/pcg/faction.go:429.32,431.3 1 1
goldbox-rpg/pkg/pcg/faction.go:434.88,439.48 2 1
goldbox-rpg/pkg/pcg/faction.go:439.48,441.3 1 1
goldbox-rpg/pkg/pcg/faction.go:444.2,444.44 1 1
goldbox-rpg/pkg/pcg/faction.go:444.44,446.3 1 1
goldbox-rpg/pkg/pcg/faction.go:449.2,449.82 1 1
goldbox-rpg/pkg/pcg/faction.go:449.82,451.3 1 1
goldbox-rpg/pkg/pcg/faction.go:454.2,454.82 1 1
goldbox-rpg/pkg/pcg/faction.go:454.82,456.3 1 0
goldbox-rpg/pkg/pcg/faction.go:459.2,459.82 1 1
goldbox-rpg/pkg/pcg/faction.go:459.82,461.3 1 1
goldbox-rpg/pkg/pcg/faction.go:463.2,463.17 1 1
goldbox-rpg/pkg/pcg/faction.go:466.93,467.20 1 1
goldbox-rpg/pkg/pcg/faction.go:467.20,469.3 1 1
goldbox-rpg/pkg/pcg/faction.go:469.8,469.27 1 1
goldbox-rpg/pkg/pcg/faction.go:469.27,471.3 1 1
goldbox-rpg/pkg/pcg/faction.go:471.8,471.28 1 1
goldbox-rpg/pkg/pcg/faction.go:471.28,473.3 1 1
goldbox-rpg/pkg/pcg/faction.go:473.8,473.28 1 1
goldbox-rpg/pkg/pcg/faction.go:473.28,475.3 1 1
goldbox-rpg/pkg/pcg/faction.go:475.8,475.28 1 1
goldbox-rpg/pkg/pcg/faction.go:475.28,477.3 1 1
goldbox-rpg/pkg/pcg/faction.go:478.2,478.26 1 1
goldbox-rpg/pkg/pcg/faction.go:481.103,485.82 2 1
goldbox-rpg/pkg/pcg/faction.go:485.82,487.3 1 1
goldbox-rpg/pkg/pcg/faction.go:490.2,490.82 1 1
goldbox-rpg/pkg/pcg/faction.go:490.82,492.3 1 1
goldbox-rpg/pkg/pcg/faction.go:494.2,494.38 1 1
goldbox-rpg/pkg/pcg/faction.go:497.88,505.2 3 1
goldbox-rpg/pkg/pcg/faction.go:507.68,517.34 4 1
goldbox-rpg/pkg/pcg/faction.go:517.34,520.3 2 1
goldbox-rpg/pkg/pcg/faction.go:522.2,522.16 1 1
goldbox-rpg/pkg/pcg/faction.go:525.88,527.36 1 1
goldbox-rpg/pkg/pcg/faction.go:527.36,529.29 1 1
goldbox-rpg/pkg/pcg/faction.go:529.29,533.4 2 1
goldbox-rpg/pkg/pcg/faction.go:538.130,541.42 1 1
goldbox-rpg/pkg/pcg/faction.go:541.42,543.39 2 1
goldbox-rpg/pkg/pcg/faction.go:543.39,558.4 2 1
goldbox-rpg/pkg/pcg/faction.go:560.2,560.12 1 1
goldbox-rpg/pkg/pcg/faction.go:563.129,565.43 1 1
goldbox-rpg/pkg/pcg/faction.go:565.43,566.70 1 1
goldbox-rpg/pkg/pcg/faction.go:566.70,583.4 2 1
goldbox-rpg/pkg/pcg/faction.go:585.2,585.12 1 1
goldbox-rpg/pkg/pcg/faction.go:588.128,590.43 1 1
goldbox-rpg/pkg/pcg/faction.go:590.43,591.69 1 1
goldbox-rpg/pkg/pcg/faction.go:591.69,606.4 2 0
goldbox-rpg/pkg/pcg/faction.go:608.2,608.12 1 1
goldbox-rpg/pkg/pcg/faction.go:613.65,619.2 2 1
goldbox-rpg/pkg/pcg/faction.go:621.64,627.2 2 1
goldbox-rpg/pkg/pcg/faction.go:629.63,635.2 2 0
goldbox-rpg/pkg/pcg/faction.go:637.59,644.2 2 0
goldbox-rpg/pkg/pcg/faction.go:646.60,653.2 2 0
goldbox-rpg/pkg/pcg/faction_territory.go:22.71,23.19 1 1
goldbox-rpg/pkg/pcg/faction_territory.go:23.19,25.3 1 0
goldbox-rpg/pkg/pcg/faction_territory.go:26.2,28.3 1 1
goldbox-rpg/pkg/pcg/faction_territory.go:65.45,79.35 6 1
goldbox-rpg/pkg/pcg/faction_territory.go:79.35,81.3 1 1
goldbox-rpg/pkg/pcg/faction_territory.go:83.2,83.21 1 1
goldbox-rpg/pkg/pcg/faction_territory.go:83.21,85.3 1 0
goldbox-rpg/pkg/pcg/faction_territory.go:88.2,90.35 2 1
goldbox-rpg/pkg/pcg/faction_territory.go:90.35,95.3 2 1
goldbox-rpg/pkg/pcg/faction_territory.go:98.2,105.34 3 1
goldbox-rpg/pkg/pcg/faction_territory.go:114.16,125.20 7 1
goldbox-rpg/pkg/pcg/faction_territory.go:125.20,127.3 1 1
goldbox-rpg/pkg/pcg/faction_territory.go:130.2,130.38 1 1
goldbox-rpg/pkg/pcg/faction_territory.go:130.38,133.23 3 1
goldbox-rpg/pkg/pcg/faction_territory.go:133.23,135.4 1 1
goldbox-rpg/pkg/pcg/faction_territory.go:138.2,138.20 1 1
goldbox-rpg/pkg/pcg/faction_territory.go:147.14,152.53 3 1
goldbox-rpg/pkg/pcg/faction_territory.go:152.53,159.57 2 1
goldbox-rpg/pkg/pcg/faction_territory.go:159.57,160.9 1 1
goldbox-rpg/pkg/pcg/faction_territory.go:163.3,163.31 1 1
goldbox-rpg/pkg/pcg/faction_territory.go:163.31,169.4 1 0
goldbox-rpg/pkg/pcg/faction_territory.go:172.2,191.3 5 1
goldbox-rpg/pkg/pcg/faction_territory.go:199.8,201.21 2 1
goldbox-rpg/pkg/pcg/faction_territory.go:201.21,203.3 1 1
goldbox-rpg/pkg/pcg/faction_territory.go:205.2,205.41 1 1
goldbox-rpg/pkg/pcg/faction_territory.go:205.41,207.25 2 1
goldbox-rpg/pkg/pcg/faction_territory.go:207.25,209.4 1 1
goldbox-rpg/pkg/pcg/faction_territory.go:211.2,211.14 1 1
goldbox-rpg/pkg/pcg/faction_territory.go:215.66,218.12 3 1
goldbox-rpg/pkg/pcg/faction_territory.go:218.12,220.3 1 1
goldbox-rpg/pkg/pcg/faction_territory.go:221.2,221.12 1 1
goldbox-rpg/pkg/pcg/faction_territory.go:221.12,223.3 1 1
goldbox-rpg/pkg/pcg/faction_territory.go:224.2,224.16 1 1
goldbox-rpg/pkg/pcg/faction_territory.go:228.101,230.16 1 1
goldbox-rpg/pkg/pcg/faction_territory.go:230.16,233.3 1 1
goldbox-rpg/pkg/pcg/faction_territory.go:236.2,236.65 1 1
goldbox-rpg/pkg/pcg/faction_territory.go:236.65,238.3 1 1
goldbox-rpg/pkg/pcg/faction_territory.go:241.2,241.65 1 1
goldbox-rpg/pkg/pcg/faction_territory.go:241.65,243.3 1 1
goldbox-rpg/pkg/pcg/faction_territory.go:246.2,253.39 2 1
goldbox-rpg/pkg/pcg/faction_territory.go:257.98,261.23 3 1
goldbox-rpg/pkg/pcg/faction_territory.go:262.28,263.49 1 1
goldbox-rpg/pkg/pcg/faction_territory.go:264.25,265.51 1 1
goldbox-rpg/pkg/pcg/faction_territory.go:266.29,267.38 1 1
goldbox-rpg/pkg/pcg/faction_territory.go:268.28,269.38 1 1
goldbox-rpg/pkg/pcg/faction_territory.go:270.32,271.38 1 1
goldbox-rpg/pkg/pcg/faction_territory.go:272.29,273.36 1 1
goldbox-rpg/pkg/pcg/faction_territory.go:274.10,275.36 1 0
goldbox-rpg/pkg/pcg/faction_territory.go:280.102,284.23 3 1
goldbox-rpg/pkg/pcg/faction_territory.go:285.28,286.60 1 1
goldbox-rpg/pkg/pcg/faction_territory.go:287.25,288.62 1 1
goldbox-rpg/pkg/pcg/faction_territory.go:289.29,290.45 1 1
goldbox-rpg/pkg/pcg/faction_territory.go:291.28,292.45 1 1
goldbox-rpg/pkg/pcg/faction_territory.go:293.32,294.60 1 1
goldbox-rpg/pkg/pcg/faction_territory.go:295.29,296.45 1 1
goldbox-rpg/pkg/pcg/faction_territory.go:297.10,298.44 1 0
goldbox-rpg/pkg/pcg/faction_territory.go:303.96,306.23 2 1
goldbox-rpg/pkg/pcg/faction_territory.go:307.28,308.49 1 1
goldbox-rpg/pkg/pcg/faction_territory.go:309.25,310.51 1 1
goldbox-rpg/pkg/pcg/faction_territory.go:311.29,312.51 1 1
goldbox-rpg/pkg/pcg/faction_territory.go:313.28,314.38 1 1
goldbox-rpg/pkg/pcg/faction_territory.go:315.32,316.40 1 1
goldbox-rpg/pkg/pcg/faction_territory.go:317.29,318.38 1 1
goldbox-rpg/pkg/pcg/faction_territory.go:319.10,320.38 1 0
goldbox-rpg/pkg/pcg/faction_territory.go:328.18,331.31 2 1
goldbox-rpg/pkg/pcg/faction_territory.go:331.31,334.40 2 1
goldbox-rpg/pkg/pcg/faction_territory.go:334.40,336.4 1 0
goldbox-rpg/pkg/pcg/faction_territory.go:337.3,337.34 1 1
goldbox-rpg/pkg/pcg/faction_territory.go:337.34,339.4 1 1
goldbox-rpg/pkg/pcg/faction_territory.go:343.2,343.23 1 1
goldbox-rpg/pkg/pcg/faction_territory.go:344.29,346.26 1 1
goldbox-rpg/pkg/pcg/faction_territory.go:346.26,348.4 1 1
goldbox-rpg/pkg/pcg/faction_territory.go:349.32,350.46 1 1
goldbox-rpg/pkg/pcg/faction_territory.go:353.2,353.18 1 1
goldbox-rpg/pkg/pcg/faction_territory.go:357.104,359.85 1 1
goldbox-rpg/pkg/pcg/faction_territory.go:359.85,361.3 1 1
goldbox-rpg/pkg/pcg/faction_territory.go:363.2,363.31 1 1
goldbox-rpg/pkg/pcg/faction_territory.go:367.109,380.42 5 1
goldbox-rpg/pkg/pcg/faction_territory.go:380.42,382.3 1 1
goldbox-rpg/pkg/pcg/faction_territory.go:384.2,384.50 1 1
goldbox-rpg/pkg/pcg/faction_territory.go:391.22,395.40 3 1
goldbox-rpg/pkg/pcg/faction_territory.go:395.40,396.45 1 1
goldbox-rpg/pkg/pcg/faction_territory.go:396.45,401.34 3 1
goldbox-rpg/pkg/pcg/faction_territory.go:401.34,411.5 2 1
goldbox-rpg/pkg/pcg/faction_territory.go:415.2,415.16 1 1
goldbox-rpg/pkg/pcg/faction_territory.go:419.90,423.27 3 1
goldbox-rpg/pkg/pcg/faction_territory.go:423.27,425.3 1 0
goldbox-rpg/pkg/pcg/faction_territory.go:426.2,426.78 1 1
goldbox-rpg/pkg/pcg/faction_territory.go:430.96,432.40 1 1
goldbox-rpg/pkg/pcg/faction_territory.go:432.40,434.3 1 1
goldbox-rpg/pkg/pcg/faction_territory.go:435.2,435.14 1 1
goldbox-rpg/pkg/pcg/faction_territory.go:439.73,441.74 1 1
goldbox-rpg/pkg/pcg/faction_territory.go:441.74,443.3 1 1
goldbox-rpg/pkg/pcg/faction_territory.go:445.2,445.40 1 1
goldbox-rpg/pkg/pcg/faction_territory.go:445.40,447.3 1 1
goldbox-rpg/pkg/pcg/faction_territory.go:448.2,448.31 1 1
goldbox-rpg/pkg/pcg/faction_territory.go:455.25,458.40 2 1
goldbox-rpg/pkg/pcg/faction_territory.go:458.40,467.36 2 1
goldbox-rpg/pkg/pcg/faction_territory.go:467.36,468.44 1 1
goldbox-rpg/pkg/pcg/faction_territory.go:468.44,470.5 1 1
goldbox-rpg/pkg/pcg/faction_territory.go:470.10,473.30 2 1
goldbox-rpg/pkg/pcg/faction_territory.go:473.30,475.6 1 1
goldbox-rpg/pkg/pcg/faction_territory.go:480.3,481.28 2 1
goldbox-rpg/pkg/pcg/faction_territory.go:484.2,484.19 1 1
goldbox-rpg/pkg/pcg/faction_territory.go:492.11,495.35 2 1
goldbox-rpg/pkg/pcg/faction_territory.go:495.35,496.35 1 1
goldbox-rpg/pkg/pcg/faction_territory.go:496.35,498.26 2 1
goldbox-rpg/pkg/pcg/faction_territory.go:498.26,500.5 1 1
goldbox-rpg/pkg/pcg/faction_territory.go:504.2,504.34 1 1
goldbox-rpg/pkg/pcg/faction_territory.go:504.34,506.3 1 0
goldbox-rpg/pkg/pcg/faction_territory.go:509.2,511.45 3 1
goldbox-rpg/pkg/pcg/faction_territory.go:515.89,516.26 1 1
goldbox-rpg/pkg/pcg/faction_territory.go:516.26,518.3 1 0
goldbox-rpg/pkg/pcg/faction_territory.go:521.2,522.33 2 1
goldbox-rpg/pkg/pcg/faction_territory.go:522.33,523.18 1 1
goldbox-rpg/pkg/pcg/faction_territory.go:523.18,526.4 2 1
goldbox-rpg/pkg/pcg/faction_territory.go:526.9,526.26 1 1
goldbox-rpg/pkg/pcg/faction_territory.go:526.26,528.4 1 1
goldbox-rpg/pkg/pcg/faction_territory.go:532.2,532.16 1 1
goldbox-rpg/pkg/pcg/faction_territory.go:532.16,534.3 1 0
goldbox-rpg/pkg/pcg/faction_territory.go:535.2,536.29 2 1
goldbox-rpg/pkg/pcg/faction_territory.go:540.35,543.20 3 1
goldbox-rpg/pkg/pcg/faction_territory.go:543.20,545.3 1 1
goldbox-rpg/pkg/pcg/faction_territory.go:546.2,546.29 1 1
goldbox-rpg/pkg/pcg/manager.go:28.74,29.19 1 1
goldbox-rpg/pkg/pcg/manager.go:29.19,31.3 1 1
goldbox-rpg/pkg/pcg/manager.go:33.2,49.3 7 1
goldbox-rpg/pkg/pcg/manager.go:53.55,56.2 2 1
goldbox-rpg/pkg/pcg/manager.go:59.58,64.84 3 1
goldbox-rpg/pkg/pcg/manager.go:64.84,66.3 1 0
goldbox-rpg/pkg/pcg/manager.go:69.2,70.86 2 1
goldbox-rpg/pkg/pcg/manager.go:70.86,72.3 1 0
goldbox-rpg/pkg/pcg/manager.go:75.2,76.82 2 1
goldbox-rpg/pkg/pcg/manager.go:76.82,78.3 1 0
goldbox-rpg/pkg/pcg/manager.go:81.2,82.85 2 1
goldbox-rpg/pkg/pcg/manager.go:82.85,84.3 1 0
goldbox-rpg/pkg/pcg/manager.go:90.2,90.12 1 1
goldbox-rpg/pkg/pcg/manager.go:94.160,124.16 9 0
goldbox-rpg/pkg/pcg/manager.go:124.16,126.3 1 0
goldbox-rpg/pkg/pcg/manager.go:126.8,128.3 1 0
goldbox-rpg/pkg/pcg/manager.go:130.2,136.21 2 0
goldbox-rpg/pkg/pcg/manager.go:140.176,168.16 7 0
goldbox-rpg/pkg/pcg/manager.go:168.16,170.3 1 0
goldbox-rpg/pkg/pcg/manager.go:170.8,172.3 1 0
goldbox-rpg/pkg/pcg/manager.go:174.2,181.19 2 0
goldbox-rpg/pkg/pcg/manager.go:185.161,208.2 3 0
goldbox-rpg/pkg/pcg/manager.go:211.140,229.2 2 0
goldbox-rpg/pkg/pcg/manager.go:232.97,233.29 1 1
goldbox-rpg/pkg/pcg/manager.go:234.21,235.47 1 1
goldbox-rpg/pkg/pcg/manager.go:236.18,237.44 1 1
goldbox-rpg/pkg/pcg/manager.go:238.19,239.45 1 1
goldbox-rpg/pkg/pcg/manager.go:240.19,241.45 1 1
goldbox-rpg/pkg/pcg/manager.go:242.10,243.81 1 1
goldbox-rpg/pkg/pcg/manager.go:248.96,251.16 2 0
goldbox-rpg/pkg/pcg/manager.go:251.16,253.3 1 0
goldbox-rpg/pkg/pcg/manager.go:255.2,255.33 1 0
goldbox-rpg/pkg/pcg/manager.go:255.33,257.3 1 0
goldbox-rpg/pkg/pcg/manager.go:260.2,260.36 1 0
goldbox-rpg/pkg/pcg/manager.go:260.36,265.3 1 0
goldbox-rpg/pkg/pcg/manager.go:268.2,268.29 1 0
goldbox-rpg/pkg/pcg/manager.go:269.19,270.52 1 0
goldbox-rpg/pkg/pcg/manager.go:271.18,272.51 1 0
goldbox-rpg/pkg/pcg/manager.go:273.20,274.26 1 0
goldbox-rpg/pkg/pcg/manager.go:274.26,275.71 1 0
goldbox-rpg/pkg/pcg/manager.go:275.71,277.5 1 0
goldbox-rpg/pkg/pcg/manager.go:279.3,279.13 1 0
goldbox-rpg/pkg/pcg/manager.go:280.10,281.77 1 0
goldbox-rpg/pkg/pcg/manager.go:286.139,296.21 4 0
goldbox-rpg/pkg/pcg/manager.go:297.26,298.88 1 0
goldbox-rpg/pkg/pcg/manager.go:299.24,300.97 1 0
goldbox-rpg/pkg/pcg/manager.go:301.25,302.84 1 0
goldbox-rpg/pkg/pcg/manager.go:303.25,304.80 1 0
goldbox-rpg/pkg/pcg/manager.go:305.10,306.87 1 0
goldbox-rpg/pkg/pcg/manager.go:311.73,324.2 5 0
goldbox-rpg/pkg/pcg/manager.go:327.48,329.2 1 1
goldbox-rpg/pkg/pcg/manager.go:332.56,334.2 1 1
goldbox-rpg/pkg/pcg/manager.go:337.67,339.2 1 1
goldbox-rpg/pkg/pcg/manager.go:342.63,344.2 1 1
goldbox-rpg/pkg/pcg/manager.go:347.70,349.2 1 0
goldbox-rpg/pkg/pcg/manager.go:352.108,354.2 1 0
goldbox-rpg/pkg/pcg/manager.go:357.57,359.2 1 0
goldbox-rpg/pkg/pcg/manager.go:362.39,365.2 2 0
goldbox-rpg/pkg/pcg/manager.go:368.46,371.2 2 0
goldbox-rpg/pkg/pcg/manager.go:375.92,388.2 3 0
goldbox-rpg/pkg/pcg/manager.go:390.89,392.30 1 0
goldbox-rpg/pkg/pcg/manager.go:392.30,394.3 1 0
goldbox-rpg/pkg/pcg/manager.go:396.2,399.35 2 0
goldbox-rpg/pkg/pcg/manager.go:399.35,400.61 1 0
goldbox-rpg/pkg/pcg/manager.go:400.61,405.4 1 0
goldbox-rpg/pkg/pcg/manager.go:408.2,415.12 2 0
goldbox-rpg/pkg/pcg/manager.go:420.75,430.2 1 0
goldbox-rpg/pkg/pcg/manager.go:432.67,435.2 1 0
goldbox-rpg/pkg/pcg/manager.go:437.51,438.22 1 0
goldbox-rpg/pkg/pcg/manager.go:438.22,440.3 1 0
goldbox-rpg/pkg/pcg/manager.go:443.2,443.33 1 0
goldbox-rpg/pkg/pcg/manager.go:443.33,445.3 1 0
goldbox-rpg/pkg/pcg/manager.go:447.2,450.43 3 0
goldbox-rpg/pkg/pcg/manager.go:450.43,452.33 1 0
goldbox-rpg/pkg/pcg/manager.go:452.33,455.4 2 0
goldbox-rpg/pkg/pcg/manager.go:458.2,458.16 1 0
goldbox-rpg/pkg/pcg/manager.go:458.16,460.3 1 0
goldbox-rpg/pkg/pcg/manager.go:462.2,462.27 1 0
goldbox-rpg/pkg/pcg/manager.go:466.115,469.16 2 0
goldbox-rpg/pkg/pcg/manager.go:469.16,471.3 1 0
goldbox-rpg/pkg/pcg/manager.go:473.2,473.21 1 0
goldbox-rpg/pkg/pcg/manager.go:474.16,476.58 2 0
goldbox-rpg/pkg/pcg/manager.go:476.58,478.4 1 0
goldbox-rpg/pkg/pcg/manager.go:479.3,479.21 1 0
goldbox-rpg/pkg/pcg/manager.go:480.15,482.57 2 0
goldbox-rpg/pkg/pcg/manager.go:482.57,484.4 1 0
goldbox-rpg/pkg/pcg/manager.go:485.3,485.20 1 0
goldbox-rpg/pkg/pcg/manager.go:486.16,488.58 2 0
goldbox-rpg/pkg/pcg/manager.go:488.58,490.4 1 0
goldbox-rpg/pkg/pcg/manager.go:491.3,491.21 1 0
goldbox-rpg/pkg/pcg/manager.go:492.14,494.60 2 0
goldbox-rpg/pkg/pcg/manager.go:494.60,496.4 1 0
goldbox-rpg/pkg/pcg/manager.go:497.3,497.23 1 0
goldbox-rpg/pkg/pcg/manager.go:498.10,499.85 1 0
goldbox-rpg/pkg/pcg/manager.go:504.125,506.60 1 0
goldbox-rpg/pkg/pcg/manager.go:506.60,508.17 2 0
goldbox-rpg/pkg/pcg/manager.go:508.17,510.4 1 0
goldbox-rpg/pkg/pcg/manager.go:511.3,511.29 1 0
goldbox-rpg/pkg/pcg/manager.go:514.2,514.46 1 0
goldbox-rpg/pkg/pcg/metrics.go:169.56,182.2 1 1
goldbox-rpg/pkg/pcg/metrics.go:185.42,193.2 1 1
goldbox-rpg/pkg/pcg/metrics.go:196.50,206.2 1 1
goldbox-rpg/pkg/pcg/metrics.go:209.48,220.2 1 1
goldbox-rpg/pkg/pcg/metrics.go:223.46,235.2 1 1
goldbox-rpg/pkg/pcg/metrics.go:238.55,255.2 1 1
goldbox-rpg/pkg/pcg/metrics.go:258.48,264.2 1 1
goldbox-rpg/pkg/pcg/metrics.go:267.96,275.63 5 1
goldbox-rpg/pkg/pcg/metrics.go:275.63,278.3 2 1
goldbox-rpg/pkg/pcg/metrics.go:278.8,280.3 1 1
goldbox-rpg/pkg/pcg/metrics.go:284.67,289.2 3 1
goldbox-rpg/pkg/pcg/metrics.go:292.47,297.2 3 1
goldbox-rpg/pkg/pcg/metrics.go:300.48,305.2 3 1
goldbox-rpg/pkg/pcg/metrics.go:308.64,320.2 3 1
goldbox-rpg/pkg/pcg/metrics.go:323.80,328.2 3 1
goldbox-rpg/pkg/pcg/metrics.go:331.86,336.2 3 1
goldbox-rpg/pkg/pcg/metrics.go:339.75,344.2 3 1
goldbox-rpg/pkg/pcg/metrics.go:347.57,352.16 4 1
goldbox-rpg/pkg/pcg/metrics.go:352.16,354.3 1 1
goldbox-rpg/pkg/pcg/metrics.go:356.2,356.55 1 1
goldbox-rpg/pkg/pcg/metrics.go:360.38,370.2 8 1
goldbox-rpg/pkg/pcg/metrics.go:375.140,380.16 3 1
goldbox-rpg/pkg/pcg/metrics.go:380.16,383.3 2 1
goldbox-rpg/pkg/pcg/metrics.go:383.8,390.3 4 1
goldbox-rpg/pkg/pcg/metrics.go:394.81,400.2 4 1
goldbox-rpg/pkg/pcg/metrics.go:403.119,408.2 3 1
goldbox-rpg/pkg/pcg/metrics.go:411.128,416.2 3 0
goldbox-rpg/pkg/pcg/metrics.go:419.74,475.2 24 1
goldbox-rpg/pkg/pcg/metrics.go:478.68,482.2 3 1
goldbox-rpg/pkg/pcg/metrics.go:485.78,487.2 1 0
goldbox-rpg/pkg/pcg/metrics.go:490.77,492.2 1 0
goldbox-rpg/pkg/pcg/metrics.go:495.71,497.2 1 0
goldbox-rpg/pkg/pcg/metrics.go:500.71,507.78 3 1
goldbox-rpg/pkg/pcg/metrics.go:507.78,509.75 2 1
goldbox-rpg/pkg/pcg/metrics.go:509.75,510.38 1 1
goldbox-rpg/pkg/pcg/metrics.go:510.38,512.5 1 0
goldbox-rpg/pkg/pcg/metrics.go:514.3,515.53 2 1
goldbox-rpg/pkg/pcg/metrics.go:515.53,517.4 1 0
goldbox-rpg/pkg/pcg/metrics.go:521.2,521.84 1 1
goldbox-rpg/pkg/pcg/metrics.go:521.84,522.37 1 1
goldbox-rpg/pkg/pcg/metrics.go:522.37,523.56 1 1
goldbox-rpg/pkg/pcg/metrics.go:523.56,525.5 1 0
goldbox-rpg/pkg/pcg/metrics.go:530.2,531.23 2 1
goldbox-rpg/pkg/pcg/metrics.go:531.23,533.3 1 0
goldbox-rpg/pkg/pcg/metrics.go:535.2,535.44 1 1
goldbox-rpg/pkg/pcg/metrics.go:539.67,543.51 3 1
goldbox-rpg/pkg/pcg/metrics.go:543.51,545.3 1 1
goldbox-rpg/pkg/pcg/metrics.go:547.2,550.60 3 1
goldbox-rpg/pkg/pcg/metrics.go:550.60,553.3 2 1
goldbox-rpg/pkg/pcg/metrics.go:555.2,555.16 1 1
goldbox-rpg/pkg/pcg/metrics.go:555.16,557.3 1 0
goldbox-rpg/pkg/pcg/metrics.go:559.2,559.36 1 1
goldbox-rpg/pkg/pcg/metrics.go:563.71,581.2 5 1
goldbox-rpg/pkg/pcg/metrics.go:584.70,588.53 3 1
goldbox-rpg/pkg/pcg/metrics.go:588.53,590.3 1 1
goldbox-rpg/pkg/pcg/metrics.go:592.2,596.61 4 1
goldbox-rpg/pkg/pcg/metrics.go:596.61,599.3 2 1
goldbox-rpg/pkg/pcg/metrics.go:601.2,602.65 2 1
goldbox-rpg/pkg/pcg/metrics.go:602.65,605.3 2 1
goldbox-rpg/pkg/pcg/metrics.go:607.2,607.16 1 1
goldbox-rpg/pkg/pcg/metrics.go:607.16,609.3 1 0
goldbox-rpg/pkg/pcg/metrics.go:611.2,613.27 3 1
goldbox-rpg/pkg/pcg/metrics.go:613.27,615.3 1 1
goldbox-rpg/pkg/pcg/metrics.go:618.2,618.52 1 1
goldbox-rpg/pkg/pcg/metrics.go:622.69,632.55 6 1
goldbox-rpg/pkg/pcg/metrics.go:632.55,635.3 2 0
goldbox-rpg/pkg/pcg/metrics.go:637.2,637.15 1 1
goldbox-rpg/pkg/pcg/metrics.go:637.15,639.56 2 0
goldbox-rpg/pkg/pcg/metrics.go:639.56,641.4 1 0
goldbox-rpg/pkg/pcg/metrics.go:645.2,647.58 3 1
goldbox-rpg/pkg/pcg/metrics.go:647.58,648.34 1 0
goldbox-rpg/pkg/pcg/metrics.go:648.34,650.4 1 0
goldbox-rpg/pkg/pcg/metrics.go:653.2,653.30 1 1
goldbox-rpg/pkg/pcg/metrics.go:653.30,655.3 1 0
goldbox-rpg/pkg/pcg/metrics.go:657.2,657.44 1 1
goldbox-rpg/pkg/pcg/metrics.go:661.79,662.18 1 1
goldbox-rpg/pkg/pcg/metrics.go:662.18,664.3 1 1
goldbox-rpg/pkg/pcg/metrics.go:664.8,664.25 1 1
goldbox-rpg/pkg/pcg/metrics.go:664.25,666.3 1 1
goldbox-rpg/pkg/pcg/metrics.go:666.8,666.25 1 1
goldbox-rpg/pkg/pcg/metrics.go:666.25,668.3 1 1
goldbox-rpg/pkg/pcg/metrics.go:668.8,668.25 1 1
goldbox-rpg/pkg/pcg/metrics.go:668.25,670.3 1 1
goldbox-rpg/pkg/pcg/metrics.go:670.8,672.3 1 1
goldbox-rpg/pkg/pcg/metrics.go:676.78,696.2 8 1
goldbox-rpg/pkg/pcg/metrics.go:699.95,702.33 2 1
goldbox-rpg/pkg/pcg/metrics.go:702.33,704.3 1 0
goldbox-rpg/pkg/pcg/metrics.go:706.2,706.29 1 1
goldbox-rpg/pkg/pcg/metrics.go:706.29,708.3 1 1
goldbox-rpg/pkg/pcg/metrics.go:710.2,710.33 1 1
goldbox-rpg/pkg/pcg/metrics.go:710.33,712.3 1 0
goldbox-rpg/pkg/pcg/metrics.go:714.2,714.32 1 1
goldbox-rpg/pkg/pcg/metrics.go:714.32,716.3 1 0
goldbox-rpg/pkg/pcg/metrics.go:718.2,718.31 1 1
goldbox-rpg/pkg/pcg/metrics.go:718.31,720.3 1 0
goldbox-rpg/pkg/pcg/metrics.go:722.2,722.24 1 1
goldbox-rpg/pkg/pcg/metrics.go:726.122,729.33 2 1
goldbox-rpg/pkg/pcg/metrics.go:729.33,731.3 1 0
goldbox-rpg/pkg/pcg/metrics.go:733.2,733.31 1 1
goldbox-rpg/pkg/pcg/metrics.go:733.31,735.3 1 0
goldbox-rpg/pkg/pcg/metrics.go:737.2,737.34 1 1
goldbox-rpg/pkg/pcg/metrics.go:737.34,739.3 1 0
goldbox-rpg/pkg/pcg/metrics.go:741.2,741.15 1 1
goldbox-rpg/pkg/pcg/metrics.go:745.72,758.2 3 1
goldbox-rpg/pkg/pcg/metrics.go:761.77,771.2 7 1
goldbox-rpg/pkg/pcg/metrics.go:776.88,783.42 4 1
goldbox-rpg/pkg/pcg/metrics.go:783.42,785.3 1 1
goldbox-rpg/pkg/pcg/metrics.go:787.2,792.35 3 1
goldbox-rpg/pkg/pcg/metrics.go:796.75,800.16 2 1
goldbox-rpg/pkg/pcg/metrics.go:800.16,803.3 1 0
goldbox-rpg/pkg/pcg/metrics.go:804.2,805.32 2 1
goldbox-rpg/pkg/pcg/metrics.go:809.74,811.21 2 1
goldbox-rpg/pkg/pcg/metrics.go:811.21,814.3 2 1
goldbox-rpg/pkg/pcg/metrics.go:817.2,818.30 2 1
goldbox-rpg/pkg/pcg/metrics.go:818.30,820.3 1 1
goldbox-rpg/pkg/pcg/metrics.go:822.2,823.52 2 1
goldbox-rpg/pkg/pcg/metrics.go:827.97,835.2 3 1
goldbox-rpg/pkg/pcg/metrics.go:838.67,844.2 4 1
goldbox-rpg/pkg/pcg/metrics.go:847.136,851.15 3 1
goldbox-rpg/pkg/pcg/metrics.go:851.15,852.43 1 1
goldbox-rpg/pkg/pcg/metrics.go:852.43,854.4 1 1
goldbox-rpg/pkg/pcg/metrics.go:854.9,857.4 1 1
goldbox-rpg/pkg/pcg/metrics.go:859.3,859.39 1 1
goldbox-rpg/pkg/pcg/metrics.go:859.39,861.4 1 1
goldbox-rpg/pkg/pcg/metrics.go:862.8,864.3 1 1
goldbox-rpg/pkg/pcg/metrics.go:866.2,866.38 1 1
goldbox-rpg/pkg/pcg/metrics.go:870.116,876.2 4 1
goldbox-rpg/pkg/pcg/metrics.go:879.60,888.45 6 1
goldbox-rpg/pkg/pcg/metrics.go:888.45,891.3 2 1
goldbox-rpg/pkg/pcg/metrics.go:893.2,893.52 1 1
goldbox-rpg/pkg/pcg/metrics.go:893.52,895.16 2 1
goldbox-rpg/pkg/pcg/metrics.go:895.16,897.4 1 1
goldbox-rpg/pkg/pcg/metrics.go:902.77,906.37 3 1
goldbox-rpg/pkg/pcg/metrics.go:906.37,908.3 1 1
goldbox-rpg/pkg/pcg/metrics.go:908.8,910.3 1 0
goldbox-rpg/pkg/pcg/metrics.go:912.2,912.36 1 1
goldbox-rpg/pkg/pcg/metrics.go:916.92,921.36 3 1
goldbox-rpg/pkg/pcg/metrics.go:921.36,923.3 1 1
goldbox-rpg/pkg/pcg/metrics.go:926.2,926.48 1 1
goldbox-rpg/pkg/pcg/metrics.go:926.48,928.3 1 1
goldbox-rpg/pkg/pcg/metrics.go:929.2,932.52 2 1
goldbox-rpg/pkg/pcg/metrics.go:932.52,934.3 1 1
goldbox-rpg/pkg/pcg/metrics.go:936.2,936.36 1 1
goldbox-rpg/pkg/pcg/metrics.go:940.42,954.2 1 1
goldbox-rpg/pkg/pcg/narrative.go:184.71,185.19 1 1
goldbox-rpg/pkg/pcg/narrative.go:185.19,187.3 1 0
goldbox-rpg/pkg/pcg/narrative.go:189.2,199.11 3 1
goldbox-rpg/pkg/pcg/narrative.go:203.107,205.9 2 1
goldbox-rpg/pkg/pcg/narrative.go:205.9,207.3 1 1
goldbox-rpg/pkg/pcg/narrative.go:209.2,209.44 1 1
goldbox-rpg/pkg/pcg/narrative.go:209.44,211.3 1 1
goldbox-rpg/pkg/pcg/narrative.go:214.2,223.16 4 1
goldbox-rpg/pkg/pcg/narrative.go:223.16,225.3 1 0
goldbox-rpg/pkg/pcg/narrative.go:227.2,228.23 2 1
goldbox-rpg/pkg/pcg/narrative.go:232.164,252.16 5 1
goldbox-rpg/pkg/pcg/narrative.go:252.16,254.3 1 0
goldbox-rpg/pkg/pcg/narrative.go:255.2,265.36 5 1
goldbox-rpg/pkg/pcg/narrative.go:265.36,268.3 2 1
goldbox-rpg/pkg/pcg/narrative.go:271.2,279.23 6 1
goldbox-rpg/pkg/pcg/narrative.go:283.145,297.32 3 1
goldbox-rpg/pkg/pcg/narrative.go:297.32,300.3 2 1
goldbox-rpg/pkg/pcg/narrative.go:303.2,306.22 3 1
goldbox-rpg/pkg/pcg/narrative.go:310.119,314.90 2 1
goldbox-rpg/pkg/pcg/narrative.go:314.90,317.3 2 1
goldbox-rpg/pkg/pcg/narrative.go:320.2,327.39 5 1
goldbox-rpg/pkg/pcg/narrative.go:327.39,331.3 3 1
goldbox-rpg/pkg/pcg/narrative.go:333.2,333.19 1 1
goldbox-rpg/pkg/pcg/narrative.go:337.113,356.2 4 1
goldbox-rpg/pkg/pcg/narrative.go:361.53,420.2 7 1
goldbox-rpg/pkg/pcg/narrative.go:423.111,425.15 1 1
goldbox-rpg/pkg/pcg/narrative.go:426.17,427.44 1 1
goldbox-rpg/pkg/pcg/narrative.go:428.18,429.39 1 1
goldbox-rpg/pkg/pcg/narrative.go:430.17,431.39 1 0
goldbox-rpg/pkg/pcg/narrative.go:432.10,433.44 1 0
goldbox-rpg/pkg/pcg/narrative.go:438.82,439.65 1 1
goldbox-rpg/pkg/pcg/narrative.go:439.65,441.3 1 1
goldbox-rpg/pkg/pcg/narrative.go:442.2,442.38 1 0
goldbox-rpg/pkg/pcg/narrative.go:446.96,447.14 1 1
goldbox-rpg/pkg/pcg/narrative.go:448.33,449.46 1 1
goldbox-rpg/pkg/pcg/narrative.go:450.22,451.45 1 1
goldbox-rpg/pkg/pcg/narrative.go:452.10,453.46 1 1
goldbox-rpg/pkg/pcg/narrative.go:458.67,459.21 1 1
goldbox-rpg/pkg/pcg/narrative.go:459.21,461.3 1 0
goldbox-rpg/pkg/pcg/narrative.go:462.2,462.39 1 1
goldbox-rpg/pkg/pcg/narrative.go:465.91,466.21 1 1
goldbox-rpg/pkg/pcg/narrative.go:466.21,468.3 1 0
goldbox-rpg/pkg/pcg/narrative.go:470.2,471.24 2 1
goldbox-rpg/pkg/pcg/narrative.go:471.24,473.3 1 0
goldbox-rpg/pkg/pcg/narrative.go:476.2,479.41 3 1
goldbox-rpg/pkg/pcg/narrative.go:479.41,482.3 2 1
goldbox-rpg/pkg/pcg/narrative.go:484.2,484.25 1 1
goldbox-rpg/pkg/pcg/narrative.go:488.102,496.2 5 1
goldbox-rpg/pkg/pcg/narrative.go:498.78,507.2 2 1
goldbox-rpg/pkg/pcg/narrative.go:509.83,511.2 1 1
goldbox-rpg/pkg/pcg/narrative.go:513.108,520.2 2 1
goldbox-rpg/pkg/pcg/narrative.go:522.103,530.2 3 1
goldbox-rpg/pkg/pcg/narrative.go:532.107,534.2 1 1
goldbox-rpg/pkg/pcg/narrative.go:536.91,542.2 3 1
goldbox-rpg/pkg/pcg/narrative.go:544.121,551.2 2 1
goldbox-rpg/pkg/pcg/narrative.go:553.121,560.2 1 1
goldbox-rpg/pkg/pcg/narrative.go:563.72,564.16 1 1
goldbox-rpg/pkg/pcg/narrative.go:565.15,566.28 1 1
goldbox-rpg/pkg/pcg/narrative.go:567.16,568.28 1 1
goldbox-rpg/pkg/pcg/narrative.go:569.14,570.28 1 1
goldbox-rpg/pkg/pcg/narrative.go:571.10,572.11 1 0
goldbox-rpg/pkg/pcg/narrative.go:576.68,577.16 1 1
goldbox-rpg/pkg/pcg/narrative.go:578.15,579.11 1 1
goldbox-rpg/pkg/pcg/narrative.go:580.16,581.11 1 1
goldbox-rpg/pkg/pcg/narrative.go:582.14,583.11 1 1
goldbox-rpg/pkg/pcg/narrative.go:584.10,585.11 1 0
goldbox-rpg/pkg/pcg/narrative.go:589.84,590.16 1 1
goldbox-rpg/pkg/pcg/narrative.go:591.15,592.28 1 1
goldbox-rpg/pkg/pcg/narrative.go:593.16,594.28 1 1
goldbox-rpg/pkg/pcg/narrative.go:595.14,596.28 1 1
goldbox-rpg/pkg/pcg/narrative.go:597.10,598.11 1 0
goldbox-rpg/pkg/pcg/narrative.go:603.150,612.2 1 1
goldbox-rpg/pkg/pcg/narrative.go:614.117,618.40 3 1
goldbox-rpg/pkg/pcg/narrative.go:618.40,629.3 2 1
goldbox-rpg/pkg/pcg/narrative.go:631.2,631.18 1 1
goldbox-rpg/pkg/pcg/narrative.go:634.81,653.2 5 1
goldbox-rpg/pkg/pcg/narrative.go:655.170,668.2 1 1
goldbox-rpg/pkg/pcg/narrative.go:670.102,674.36 2 1
goldbox-rpg/pkg/pcg/narrative.go:674.36,687.3 2 1
goldbox-rpg/pkg/pcg/narrative.go:689.2,689.15 1 1
goldbox-rpg/pkg/pcg/narrative.go:695.53,697.2 1 1
goldbox-rpg/pkg/pcg/narrative.go:700.51,702.2 1 1
goldbox-rpg/pkg/pcg/narrative.go:705.71,707.9 2 1
goldbox-rpg/pkg/pcg/narrative.go:707.9,709.3 1 1
goldbox-rpg/pkg/pcg/narrative.go:711.2,713.38 3 1
goldbox-rpg/pkg/pcg/narrative.go:713.38,714.47 1 1
goldbox-rpg/pkg/pcg/narrative.go:714.47,716.9 2 1
goldbox-rpg/pkg/pcg/narrative.go:719.2,719.18 1 1
goldbox-rpg/pkg/pcg/narrative.go:719.18,721.3 1 1
goldbox-rpg/pkg/pcg/narrative.go:723.2,723.33 1 1
goldbox-rpg/pkg/pcg/narrative.go:723.33,725.3 1 1
goldbox-rpg/pkg/pcg/narrative.go:727.2,727.12 1 1
goldbox-rpg/pkg/pcg/quest.go:18.13,21.2 1 1
goldbox-rpg/pkg/pcg/quest.go:33.67,39.19 2 1
goldbox-rpg/pkg/pcg/quest.go:39.19,45.3 2 1
goldbox-rpg/pkg/pcg/quest.go:47.2,54.55 2 1
goldbox-rpg/pkg/pcg/quest.go:54.55,60.3 1 0
goldbox-rpg/pkg/pcg/quest.go:62.2,68.18 2 1
goldbox-rpg/pkg/pcg/quest.go:73.107,80.44 2 1
goldbox-rpg/pkg/pcg/quest.go:80.44,87.3 2 1
goldbox-rpg/pkg/pcg/quest.go:90.2,100.9 5 1
goldbox-rpg/pkg/pcg/quest.go:100.9,114.3 2 1
goldbox-rpg/pkg/pcg/quest.go:117.2,118.16 2 1
goldbox-rpg/pkg/pcg/quest.go:118.16,126.3 2 0
goldbox-rpg/pkg/pcg/quest.go:128.2,143.19 3 1
goldbox-rpg/pkg/pcg/quest.go:147.128,155.22 2 1
goldbox-rpg/pkg/pcg/quest.go:155.22,163.3 2 1
goldbox-rpg/pkg/pcg/quest.go:166.2,188.16 6 1
goldbox-rpg/pkg/pcg/quest.go:188.16,197.3 2 0
goldbox-rpg/pkg/pcg/quest.go:199.2,209.33 3 1
goldbox-rpg/pkg/pcg/quest.go:209.33,216.3 1 1
goldbox-rpg/pkg/pcg/quest.go:219.2,230.19 3 1
goldbox-rpg/pkg/pcg/quest.go:234.131,235.22 1 1
goldbox-rpg/pkg/pcg/quest.go:235.22,237.3 1 1
goldbox-rpg/pkg/pcg/quest.go:239.2,242.35 3 1
goldbox-rpg/pkg/pcg/quest.go:242.35,255.17 7 1
goldbox-rpg/pkg/pcg/quest.go:255.17,257.4 1 0
goldbox-rpg/pkg/pcg/quest.go:260.3,260.22 1 1
goldbox-rpg/pkg/pcg/quest.go:260.22,262.4 1 1
goldbox-rpg/pkg/pcg/quest.go:264.3,264.33 1 1
goldbox-rpg/pkg/pcg/quest.go:267.2,272.20 2 1
goldbox-rpg/pkg/pcg/quest.go:276.136,280.38 3 1
goldbox-rpg/pkg/pcg/quest.go:280.38,284.3 3 1
goldbox-rpg/pkg/pcg/quest.go:286.2,286.24 1 1
goldbox-rpg/pkg/pcg/quest.go:290.53,292.2 1 1
goldbox-rpg/pkg/pcg/quest.go:295.51,297.2 1 1
goldbox-rpg/pkg/pcg/quest.go:300.71,301.22 1 1
goldbox-rpg/pkg/pcg/quest.go:301.22,303.3 1 1
goldbox-rpg/pkg/pcg/quest.go:305.2,305.53 1 1
goldbox-rpg/pkg/pcg/quest.go:305.53,307.3 1 1
goldbox-rpg/pkg/pcg/quest.go:309.2,309.55 1 1
goldbox-rpg/pkg/pcg/quest.go:309.55,311.3 1 1
goldbox-rpg/pkg/pcg/quest.go:314.2,314.77 1 1
goldbox-rpg/pkg/pcg/quest.go:314.77,315.61 1 1
goldbox-rpg/pkg/pcg/quest.go:315.61,317.4 1 1
goldbox-rpg/pkg/pcg/quest.go:320.2,320.12 1 1
goldbox-rpg/pkg/pcg/quest.go:324.77,325.30 1 1
goldbox-rpg/pkg/pcg/quest.go:325.30,327.3 1 1
goldbox-rpg/pkg/pcg/quest.go:329.2,329.49 1 1
goldbox-rpg/pkg/pcg/quest.go:329.49,331.3 1 1
goldbox-rpg/pkg/pcg/quest.go:333.2,333.31 1 1
goldbox-rpg/pkg/pcg/quest.go:333.31,335.3 1 1
goldbox-rpg/pkg/pcg/quest.go:337.2,337.12 1 1
goldbox-rpg/pkg/pcg/quest.go:341.75,345.2 3 1
goldbox-rpg/pkg/pcg/quest.go:348.112,353.26 3 1
goldbox-rpg/pkg/pcg/quest.go:354.26,355.73 1 1
goldbox-rpg/pkg/pcg/quest.go:356.21,357.74 1 0
goldbox-rpg/pkg/pcg/quest.go:358.25,359.69 1 0
goldbox-rpg/pkg/pcg/quest.go:362.2,362.45 1 1
goldbox-rpg/pkg/pcg/quest.go:366.58,368.53 2 1
goldbox-rpg/pkg/pcg/quest.go:368.53,370.3 1 1
goldbox-rpg/pkg/pcg/quest.go:372.2,373.16 2 1
goldbox-rpg/pkg/pcg/quest.go:373.16,375.3 1 0
goldbox-rpg/pkg/pcg/quest.go:377.2,377.60 1 1
goldbox-rpg/pkg/pcg/quest.go:377.60,379.3 1 0
goldbox-rpg/pkg/pcg/quest.go:381.2,381.12 1 1
goldbox-rpg/pkg/pcg/quest.go:391.86,393.19 2 1
goldbox-rpg/pkg/pcg/quest.go:394.22,395.16 1 1
goldbox-rpg/pkg/pcg/quest.go:396.21,397.15 1 1
goldbox-rpg/pkg/pcg/quest.go:398.23,399.17 1 1
goldbox-rpg/pkg/pcg/quest.go:400.24,401.18 1 1
goldbox-rpg/pkg/pcg/quest.go:402.23,403.17 1 1
goldbox-rpg/pkg/pcg/quest.go:404.23,405.17 1 1
goldbox-rpg/pkg/pcg/quest.go:406.25,407.19 1 1
goldbox-rpg/pkg/pcg/quest.go:408.25,409.19 1 1
goldbox-rpg/pkg/pcg/quest.go:410.22,411.16 1 1
goldbox-rpg/pkg/pcg/quest.go:412.10,413.18 1 0
goldbox-rpg/pkg/pcg/quest.go:416.2,416.66 1 1
goldbox-rpg/pkg/pcg/quest.go:416.66,418.3 1 1
goldbox-rpg/pkg/pcg/quest.go:420.2,425.3 1 0
goldbox-rpg/pkg/pcg/quest.go:429.92,436.19 2 1
goldbox-rpg/pkg/pcg/quest.go:436.19,439.3 2 1
goldbox-rpg/pkg/pcg/quest.go:442.2,442.31 1 1
goldbox-rpg/pkg/pcg/quest.go:442.31,445.3 2 1
goldbox-rpg/pkg/pcg/quest.go:448.2,448.49 1 1
goldbox-rpg/pkg/pcg/quest.go:452.79,453.19 1 1
goldbox-rpg/pkg/pcg/quest.go:454.22,456.40 2 1
goldbox-rpg/pkg/pcg/quest.go:457.21,459.40 2 1
goldbox-rpg/pkg/pcg/quest.go:460.23,462.40 2 1
goldbox-rpg/pkg/pcg/quest.go:463.24,465.40 2 1
goldbox-rpg/pkg/pcg/quest.go:466.23,468.40 2 1
goldbox-rpg/pkg/pcg/quest.go:469.23,471.40 2 1
goldbox-rpg/pkg/pcg/quest.go:472.25,474.40 2 1
goldbox-rpg/pkg/pcg/quest.go:475.25,477.40 2 1
goldbox-rpg/pkg/pcg/quest.go:478.22,480.40 2 1
goldbox-rpg/pkg/pcg/quest.go:481.10,482.20 1 1
goldbox-rpg/pkg/pcg/quest.go:487.117,508.2 4 1
goldbox-rpg/pkg/pcg/quest.go:511.98,525.13 3 1
goldbox-rpg/pkg/pcg/quest.go:525.13,527.3 1 1
goldbox-rpg/pkg/pcg/quest.go:530.2,538.23 5 1
goldbox-rpg/pkg/pcg/quest.go:538.23,540.3 1 1
goldbox-rpg/pkg/pcg/quest.go:542.2,542.22 1 1
goldbox-rpg/pkg/pcg/quest.go:546.98,547.17 1 1
goldbox-rpg/pkg/pcg/quest.go:548.39,550.40 2 1
goldbox-rpg/pkg/pcg/quest.go:551.37,553.44 2 1
goldbox-rpg/pkg/pcg/quest.go:554.36,556.44 2 1
goldbox-rpg/pkg/pcg/quest.go:557.36,559.48 2 1
goldbox-rpg/pkg/pcg/quest.go:560.24,562.42 2 1
goldbox-rpg/pkg/pcg/quest.go:563.39,565.40 2 1
goldbox-rpg/pkg/pcg/quest.go:566.37,568.44 2 1
goldbox-rpg/pkg/pcg/quest.go:569.10,570.26 1 1
goldbox-rpg/pkg/pcg/quest.go:575.105,576.17 1 1
goldbox-rpg/pkg/pcg/quest.go:577.39,578.20 1 1
goldbox-rpg/pkg/pcg/quest.go:578.20,580.4 1 1
goldbox-rpg/pkg/pcg/quest.go:581.3,581.56 1 1
goldbox-rpg/pkg/pcg/quest.go:582.37,583.20 1 1
goldbox-rpg/pkg/pcg/quest.go:583.20,585.4 1 1
goldbox-rpg/pkg/pcg/quest.go:586.3,586.55 1 0
goldbox-rpg/pkg/pcg/quest.go:587.36,588.53 1 1
goldbox-rpg/pkg/pcg/quest.go:589.36,590.47 1 1
goldbox-rpg/pkg/pcg/quest.go:591.24,592.46 1 1
goldbox-rpg/pkg/pcg/quest.go:593.39,594.47 1 1
goldbox-rpg/pkg/pcg/quest.go:595.37,596.45 1 1
goldbox-rpg/pkg/pcg/quest.go:597.10,598.64 1 1
goldbox-rpg/pkg/pcg/quest.go:603.84,605.16 1 1
goldbox-rpg/pkg/pcg/quest.go:605.16,607.3 1 1
goldbox-rpg/pkg/pcg/quest.go:610.2,610.31 1 1
goldbox-rpg/pkg/pcg/quest.go:614.107,625.28 4 1
goldbox-rpg/pkg/pcg/quest.go:625.28,631.3 2 1
goldbox-rpg/pkg/pcg/quest.go:634.2,634.51 1 1
goldbox-rpg/pkg/pcg/quest.go:634.51,637.3 2 1
goldbox-rpg/pkg/pcg/quest.go:639.2,639.16 1 1
goldbox-rpg/pkg/pcg/quest.go:643.135,649.2 5 1
goldbox-rpg/pkg/pcg/quest.go:652.81,654.2 1 1
goldbox-rpg/pkg/pcg/quest.go:657.75,659.2 1 1
goldbox-rpg/pkg/pcg/quest.go:662.101,666.27 2 1
goldbox-rpg/pkg/pcg/quest.go:667.22,668.24 1 1
goldbox-rpg/pkg/pcg/quest.go:669.18,670.24 1 1
goldbox-rpg/pkg/pcg/quest.go:671.18,672.25 1 0
goldbox-rpg/pkg/pcg/quest.go:673.23,674.25 1 1
goldbox-rpg/pkg/pcg/quest.go:678.2,678.19 1 1
goldbox-rpg/pkg/pcg/quest.go:679.37,680.25 1 1
goldbox-rpg/pkg/pcg/quest.go:681.22,682.25 1 1
goldbox-rpg/pkg/pcg/quest.go:685.2,685.43 1 1
goldbox-rpg/pkg/pcg/quest.go:689.87,702.2 5 1
goldbox-rpg/pkg/pcg/registry.go:22.51,23.19 1 1
goldbox-rpg/pkg/pcg/registry.go:23.19,25.3 1 0
goldbox-rpg/pkg/pcg/registry.go:27.2,30.3 1 1
goldbox-rpg/pkg/pcg/registry.go:35.78,42.38 4 1
goldbox-rpg/pkg/pcg/registry.go:42.38,44.3 1 1
goldbox-rpg/pkg/pcg/registry.go:47.2,47.58 1 1
goldbox-rpg/pkg/pcg/registry.go:47.58,49.3 1 0
goldbox-rpg/pkg/pcg/registry.go:51.2,59.12 3 1
goldbox-rpg/pkg/pcg/registry.go:63.84,67.38 3 0
goldbox-rpg/pkg/pcg/registry.go:67.38,69.3 1 0
goldbox-rpg/pkg/pcg/registry.go:71.2,71.59 1 0
goldbox-rpg/pkg/pcg/registry.go:71.59,73.3 1 0
goldbox-rpg/pkg/pcg/registry.go:75.2,82.12 3 0
goldbox-rpg/pkg/pcg/registry.go:86.90,90.38 3 0
goldbox-rpg/pkg/pcg/registry.go:90.38,92.3 1 0
goldbox-rpg/pkg/pcg/registry.go:94.2,95.13 2 0
goldbox-rpg/pkg/pcg/registry.go:95.13,97.3 1 0
goldbox-rpg/pkg/pcg/registry.go:99.2,99.23 1 0
goldbox-rpg/pkg/pcg/registry.go:103.69,107.38 3 0
goldbox-rpg/pkg/pcg/registry.go:107.38,109.3 1 0
goldbox-rpg/pkg/pcg/registry.go:111.2,112.46 2 0
goldbox-rpg/pkg/pcg/registry.go:112.46,114.3 1 0
goldbox-rpg/pkg/pcg/registry.go:116.2,116.14 1 0
goldbox-rpg/pkg/pcg/registry.go:120.65,125.52 4 0
goldbox-rpg/pkg/pcg/registry.go:125.52,127.32 2 0
goldbox-rpg/pkg/pcg/registry.go:127.32,129.4 1 0
goldbox-rpg/pkg/pcg/registry.go:130.3,130.30 1 0
goldbox-rpg/pkg/pcg/registry.go:133.2,133.15 1 0
goldbox-rpg/pkg/pcg/registry.go:137.150,139.16 2 0
goldbox-rpg/pkg/pcg/registry.go:139.16,141.3 1 0
goldbox-rpg/pkg/pcg/registry.go:144.2,144.51 1 0
goldbox-rpg/pkg/pcg/registry.go:144.51,146.3 1 0
goldbox-rpg/pkg/pcg/registry.go:148.2,159.12 4 0
goldbox-rpg/pkg/pcg/registry.go:159.12,161.17 2 0
goldbox-rpg/pkg/pcg/registry.go:161.17,164.4 2 0
goldbox-rpg/pkg/pcg/registry.go:165.3,165.23 1 0
goldbox-rpg/pkg/pcg/registry.go:168.2,168.9 1 0
goldbox-rpg/pkg/pcg/registry.go:169.30,174.21 2 0
goldbox-rpg/pkg/pcg/registry.go:176.26,182.18 2 0
goldbox-rpg/pkg/pcg/registry.go:184.20,189.24 2 0
goldbox-rpg/pkg/pcg/registry.go:200.69,205.2 1 1
goldbox-rpg/pkg/pcg/registry.go:208.123,210.16 2 0
goldbox-rpg/pkg/pcg/registry.go:210.16,212.3 1 0
goldbox-rpg/pkg/pcg/registry.go:214.2,215.9 2 0
goldbox-rpg/pkg/pcg/registry.go:215.9,217.3 1 0
goldbox-rpg/pkg/pcg/registry.go:219.2,219.21 1 0
goldbox-rpg/pkg/pcg/registry.go:223.117,225.16 2 0
goldbox-rpg/pkg/pcg/registry.go:225.16,227.3 1 0
goldbox-rpg/pkg/pcg/registry.go:230.2,230.28 1 0
goldbox-rpg/pkg/pcg/registry.go:231.18,232.30 1 0
goldbox-rpg/pkg/pcg/registry.go:233.20,234.16 1 0
goldbox-rpg/pkg/pcg/registry.go:235.19,237.20 2 0
goldbox-rpg/pkg/pcg/registry.go:237.20,239.4 1 0
goldbox-rpg/pkg/pcg/registry.go:240.3,240.20 1 0
goldbox-rpg/pkg/pcg/registry.go:241.10,242.80 1 0
goldbox-rpg/pkg/pcg/registry.go:247.117,249.16 2 0
goldbox-rpg/pkg/pcg/registry.go:249.16,251.3 1 0
goldbox-rpg/pkg/pcg/registry.go:253.2,254.9 2 0
goldbox-rpg/pkg/pcg/registry.go:254.9,256.3 1 0
goldbox-rpg/pkg/pcg/registry.go:258.2,258.19 1 0
goldbox-rpg/pkg/pcg/registry.go:262.117,264.16 2 0
goldbox-rpg/pkg/pcg/registry.go:264.16,266.3 1 0
goldbox-rpg/pkg/pcg/registry.go:268.2,269.9 2 0
goldbox-rpg/pkg/pcg/registry.go:269.9,271.3 1 0
goldbox-rpg/pkg/pcg/registry.go:273.2,273.19 1 0
goldbox-rpg/pkg/pcg/registry.go:277.58,284.2 2 0
goldbox-rpg/pkg/pcg/reputation.go:119.67,120.19 1 1
goldbox-rpg/pkg/pcg/reputation.go:120.19,122.3 1 0
goldbox-rpg/pkg/pcg/reputation.go:124.2,141.3 1 1
goldbox-rpg/pkg/pcg/reputation.go:145.118,149.57 3 1
goldbox-rpg/pkg/pcg/reputation.go:149.57,151.3 1 1
goldbox-rpg/pkg/pcg/reputation.go:153.2,163.49 2 1
goldbox-rpg/pkg/pcg/reputation.go:163.49,181.3 4 1
goldbox-rpg/pkg/pcg/reputation.go:183.2,193.12 4 1
goldbox-rpg/pkg/pcg/reputation.go:197.142,202.16 4 1
goldbox-rpg/pkg/pcg/reputation.go:202.16,204.3 1 1
goldbox-rpg/pkg/pcg/reputation.go:206.2,229.12 11 1
goldbox-rpg/pkg/pcg/reputation.go:233.127,235.13 2 1
goldbox-rpg/pkg/pcg/reputation.go:235.13,237.3 1 0
goldbox-rpg/pkg/pcg/reputation.go:239.2,240.13 2 1
goldbox-rpg/pkg/pcg/reputation.go:240.13,242.3 1 0
goldbox-rpg/pkg/pcg/reputation.go:244.2,244.23 1 1
goldbox-rpg/pkg/pcg/reputation.go:244.23,251.3 2 1
goldbox-rpg/pkg/pcg/reputation.go:253.2,253.33 1 1
goldbox-rpg/pkg/pcg/reputation.go:257.88,261.16 3 1
goldbox-rpg/pkg/pcg/reputation.go:261.16,263.3 1 1
goldbox-rpg/pkg/pcg/reputation.go:263.8,265.3 1 1
goldbox-rpg/pkg/pcg/reputation.go:267.2,267.86 1 1
goldbox-rpg/pkg/pcg/reputation.go:267.86,269.3 1 0
goldbox-rpg/pkg/pcg/reputation.go:270.2,270.86 1 1
goldbox-rpg/pkg/pcg/reputation.go:270.86,272.3 1 0
goldbox-rpg/pkg/pcg/reputation.go:274.2,274.20 1 1
goldbox-rpg/pkg/pcg/reputation.go:278.116,282.37 3 1
goldbox-rpg/pkg/pcg/reputation.go:282.37,283.46 1 1
goldbox-rpg/pkg/pcg/reputation.go:283.46,285.4 1 1
goldbox-rpg/pkg/pcg/reputation.go:286.3,286.46 1 1
goldbox-rpg/pkg/pcg/reputation.go:286.46,288.4 1 0
goldbox-rpg/pkg/pcg/reputation.go:289.8,290.24 1 0
goldbox-rpg/pkg/pcg/reputation.go:290.24,292.4 1 0
goldbox-rpg/pkg/pcg/reputation.go:293.3,293.23 1 0
goldbox-rpg/pkg/pcg/reputation.go:293.23,295.4 1 0
goldbox-rpg/pkg/pcg/reputation.go:298.2,298.17 1 1
goldbox-rpg/pkg/pcg/reputation.go:302.137,308.36 5 1
goldbox-rpg/pkg/pcg/reputation.go:308.36,310.3 1 1
goldbox-rpg/pkg/pcg/reputation.go:311.2,311.36 1 1
goldbox-rpg/pkg/pcg/reputation.go:311.36,313.3 1 1
goldbox-rpg/pkg/pcg/reputation.go:315.2,317.112 3 1
goldbox-rpg/pkg/pcg/reputation.go:321.235,336.2 1 1
goldbox-rpg/pkg/pcg/reputation.go:339.97,344.13 4 1
goldbox-rpg/pkg/pcg/reputation.go:344.13,346.3 1 1
goldbox-rpg/pkg/pcg/reputation.go:348.2,349.13 2 1
goldbox-rpg/pkg/pcg/reputation.go:349.13,351.3 1 1
goldbox-rpg/pkg/pcg/reputation.go:354.2,355.27 2 1
goldbox-rpg/pkg/pcg/reputation.go:359.93,364.13 4 0
goldbox-rpg/pkg/pcg/reputation.go:364.13,366.3 1 0
goldbox-rpg/pkg/pcg/reputation.go:369.2,378.55 2 0
goldbox-rpg/pkg/pcg/reputation.go:378.55,381.3 2 0
goldbox-rpg/pkg/pcg/reputation.go:383.2,383.47 1 0
goldbox-rpg/pkg/pcg/reputation.go:383.47,385.3 1 0
goldbox-rpg/pkg/pcg/reputation.go:387.2,387.21 1 0
goldbox-rpg/pkg/pcg/reputation.go:391.123,396.2 3 1
goldbox-rpg/pkg/pcg/reputation.go:399.129,401.13 2 1
goldbox-rpg/pkg/pcg/reputation.go:401.13,403.3 1 0
goldbox-rpg/pkg/pcg/reputation.go:405.2,406.13 2 1
goldbox-rpg/pkg/pcg/reputation.go:406.13,408.3 1 0
goldbox-rpg/pkg/pcg/reputation.go:411.2,412.34 2 1
goldbox-rpg/pkg/pcg/reputation.go:413.30,414.19 1 0
goldbox-rpg/pkg/pcg/reputation.go:415.30,416.19 1 0
goldbox-rpg/pkg/pcg/reputation.go:417.30,418.19 1 1
goldbox-rpg/pkg/pcg/reputation.go:419.31,420.20 1 1
goldbox-rpg/pkg/pcg/reputation.go:421.30,422.19 1 0
goldbox-rpg/pkg/pcg/reputation.go:423.33,424.21 1 0
goldbox-rpg/pkg/pcg/reputation.go:425.30,426.20 1 0
goldbox-rpg/pkg/pcg/reputation.go:427.28,428.20 1 0
goldbox-rpg/pkg/pcg/reputation.go:429.31,430.20 1 1
goldbox-rpg/pkg/pcg/reputation.go:431.10,432.19 1 0
goldbox-rpg/pkg/pcg/reputation.go:436.2,436.20 1 1
goldbox-rpg/pkg/pcg/reputation.go:437.67,439.20 1 1
goldbox-rpg/pkg/pcg/reputation.go:440.35,442.20 1 1
goldbox-rpg/pkg/pcg/reputation.go:443.73,445.23 1 1
goldbox-rpg/pkg/pcg/reputation.go:445.23,447.4 1 1
goldbox-rpg/pkg/pcg/reputation.go:447.9,447.31 1 0
goldbox-rpg/pkg/pcg/reputation.go:447.31,449.4 1 0
goldbox-rpg/pkg/pcg/reputation.go:449.9,451.4 1 0
goldbox-rpg/pkg/pcg/reputation.go:455.2,455.72 1 1
goldbox-rpg/pkg/pcg/reputation.go:455.72,457.3 1 0
goldbox-rpg/pkg/pcg/reputation.go:459.2,459.24 1 1
goldbox-rpg/pkg/pcg/reputation.go:463.117,471.71 5 1
goldbox-rpg/pkg/pcg/reputation.go:471.71,473.86 2 1
goldbox-rpg/pkg/pcg/reputation.go:473.86,478.4 3 1
goldbox-rpg/pkg/pcg/reputation.go:481.2,481.20 1 1
goldbox-rpg/pkg/pcg/reputation.go:485.48,486.62 1 1
goldbox-rpg/pkg/pcg/reputation.go:486.62,488.3 1 0
goldbox-rpg/pkg/pcg/reputation.go:490.2,496.56 5 1
goldbox-rpg/pkg/pcg/reputation.go:496.56,497.63 1 1
goldbox-rpg/pkg/pcg/reputation.go:497.63,500.63 2 1
goldbox-rpg/pkg/pcg/reputation.go:500.63,501.13 1 0
goldbox-rpg/pkg/pcg/reputation.go:505.4,506.67 1 1
goldbox-rpg/pkg/pcg/reputation.go:506.67,507.13 1 0
goldbox-rpg/pkg/pcg/reputation.go:511.4,512.36 2 1
goldbox-rpg/pkg/pcg/reputation.go:512.36,514.5 1 1
goldbox-rpg/pkg/pcg/reputation.go:514.10,516.5 1 0
goldbox-rpg/pkg/pcg/reputation.go:518.4,519.24 2 1
goldbox-rpg/pkg/pcg/reputation.go:519.24,520.13 1 0
goldbox-rpg/pkg/pcg/reputation.go:524.4,552.18 9 1
goldbox-rpg/pkg/pcg/reputation.go:556.3,557.30 2 1
goldbox-rpg/pkg/pcg/reputation.go:560.2,560.22 1 1
goldbox-rpg/pkg/pcg/reputation.go:560.22,564.3 1 1
goldbox-rpg/pkg/pcg/reputation.go:566.2,566.12 1 1
goldbox-rpg/pkg/pcg/reputation.go:572.87,573.68 1 1
goldbox-rpg/pkg/pcg/reputation.go:573.68,575.3 1 1
goldbox-rpg/pkg/pcg/reputation.go:578.2,579.29 2 1
goldbox-rpg/pkg/pcg/reputation.go:579.29,581.3 1 1
goldbox-rpg/pkg/pcg/reputation.go:582.2,599.19 3 1
goldbox-rpg/pkg/pcg/reputation.go:603.83,604.9 1 1
goldbox-rpg/pkg/pcg/reputation.go:605.21,606.32 1 1
goldbox-rpg/pkg/pcg/reputation.go:607.21,608.32 1 1
goldbox-rpg/pkg/pcg/reputation.go:609.21,610.32 1 1
goldbox-rpg/pkg/pcg/reputation.go:611.20,612.33 1 1
goldbox-rpg/pkg/pcg/reputation.go:613.21,614.32 1 1
goldbox-rpg/pkg/pcg/reputation.go:615.22,616.35 1 1
goldbox-rpg/pkg/pcg/reputation.go:617.22,618.32 1 1
goldbox-rpg/pkg/pcg/reputation.go:619.22,620.30 1 1
goldbox-rpg/pkg/pcg/reputation.go:621.10,622.33 1 1
goldbox-rpg/pkg/pcg/reputation.go:627.101,629.23 1 1
goldbox-rpg/pkg/pcg/reputation.go:629.23,631.3 1 1
goldbox-rpg/pkg/pcg/reputation.go:633.2,636.9 2 1
goldbox-rpg/pkg/pcg/reputation.go:637.47,638.33 1 1
goldbox-rpg/pkg/pcg/reputation.go:639.47,640.32 1 1
goldbox-rpg/pkg/pcg/reputation.go:641.47,642.33 1 0
goldbox-rpg/pkg/pcg/reputation.go:643.45,644.29 1 1
goldbox-rpg/pkg/pcg/reputation.go:645.47,646.31 1 1
goldbox-rpg/pkg/pcg/reputation.go:647.49,648.31 1 0
goldbox-rpg/pkg/pcg/reputation.go:649.49,650.32 1 0
goldbox-rpg/pkg/pcg/reputation.go:651.49,652.33 1 0
goldbox-rpg/pkg/pcg/reputation.go:653.10,654.32 1 1
goldbox-rpg/pkg/pcg/reputation.go:659.99,663.53 2 1
goldbox-rpg/pkg/pcg/reputation.go:663.53,664.98 1 1
goldbox-rpg/pkg/pcg/reputation.go:664.98,666.28 2 1
goldbox-rpg/pkg/pcg/reputation.go:666.28,684.5 4 1
goldbox-rpg/pkg/pcg/reputation.go:689.2,689.51 1 1
goldbox-rpg/pkg/pcg/reputation.go:689.51,690.96 1 1
goldbox-rpg/pkg/pcg/reputation.go:690.96,692.28 2 1
goldbox-rpg/pkg/pcg/reputation.go:692.28,710.5 4 1
goldbox-rpg/pkg/pcg/reputation.go:716.87,718.13 2 1
goldbox-rpg/pkg/pcg/reputation.go:718.13,720.3 1 0
goldbox-rpg/pkg/pcg/reputation.go:723.2,726.40 2 1
goldbox-rpg/pkg/pcg/reputation.go:726.40,727.23 1 1
goldbox-rpg/pkg/pcg/reputation.go:727.23,729.4 1 0
goldbox-rpg/pkg/pcg/reputation.go:733.2,737.108 2 1
goldbox-rpg/pkg/pcg/reputation.go:737.108,752.3 3 1
goldbox-rpg/pkg/pcg/reputation.go:754.2,755.107 1 1
goldbox-rpg/pkg/pcg/reputation.go:755.107,770.3 3 1
goldbox-rpg/pkg/pcg/reputation.go:773.2,773.84 1 1
goldbox-rpg/pkg/pcg/reputation.go:773.84,786.3 2 1
goldbox-rpg/pkg/pcg/reputation.go:790.93,794.2 3 0
goldbox-rpg/pkg/pcg/reputation.go:797.81,801.2 3 0
goldbox-rpg/pkg/pcg/seed.go:19.50,20.19 1 1
goldbox-rpg/pkg/pcg/seed.go:20.19,22.3 1 1
goldbox-rpg/pkg/pcg/seed.go:24.2,27.3 1 1
goldbox-rpg/pkg/pcg/seed.go:31.44,33.2 1 1
goldbox-rpg/pkg/pcg/seed.go:38.86,41.54 2 1
goldbox-rpg/pkg/pcg/seed.go:41.54,43.3 1 1
goldbox-rpg/pkg/pcg/seed.go:46.2,54.13 6 1
goldbox-rpg/pkg/pcg/seed.go:59.91,71.45 3 1
goldbox-rpg/pkg/pcg/seed.go:71.45,72.28 1 1
goldbox-rpg/pkg/pcg/seed.go:73.39,74.48 1 1
goldbox-rpg/pkg/pcg/seed.go:75.44,76.48 1 0
goldbox-rpg/pkg/pcg/seed.go:77.25,78.48 1 0
goldbox-rpg/pkg/pcg/seed.go:79.15,80.48 1 1
goldbox-rpg/pkg/pcg/seed.go:81.13,82.48 1 0
goldbox-rpg/pkg/pcg/seed.go:83.11,85.48 1 0
goldbox-rpg/pkg/pcg/seed.go:89.2,92.49 3 1
goldbox-rpg/pkg/pcg/seed.go:97.108,102.2 3 1
goldbox-rpg/pkg/pcg/seed.go:106.84,117.2 6 1
goldbox-rpg/pkg/pcg/seed.go:126.57,131.2 1 1
goldbox-rpg/pkg/pcg/seed.go:134.55,138.48 3 1
goldbox-rpg/pkg/pcg/seed.go:138.48,140.3 1 1
goldbox-rpg/pkg/pcg/seed.go:153.131,163.2 2 1
goldbox-rpg/pkg/pcg/seed.go:166.65,167.49 1 1
goldbox-rpg/pkg/pcg/seed.go:167.49,169.3 1 1
goldbox-rpg/pkg/pcg/seed.go:171.2,173.15 3 1
goldbox-rpg/pkg/pcg/seed.go:178.54,179.16 1 1
goldbox-rpg/pkg/pcg/seed.go:179.16,181.3 1 1
goldbox-rpg/pkg/pcg/seed.go:182.2,182.31 1 1
goldbox-rpg/pkg/pcg/seed.go:186.71,188.29 2 1
goldbox-rpg/pkg/pcg/seed.go:188.29,190.3 1 1
goldbox-rpg/pkg/pcg/seed.go:191.2,191.16 1 1
goldbox-rpg/pkg/pcg/seed.go:195.64,197.29 2 1
goldbox-rpg/pkg/pcg/seed.go:197.29,199.3 1 1
goldbox-rpg/pkg/pcg/seed.go:200.2,200.14 1 1
goldbox-rpg/pkg/pcg/seed.go:204.68,205.23 1 1
goldbox-rpg/pkg/pcg/seed.go:205.23,207.3 1 1
goldbox-rpg/pkg/pcg/seed.go:208.2,208.43 1 1
goldbox-rpg/pkg/pcg/seed.go:212.52,214.2 1 1
goldbox-rpg/pkg/pcg/seed.go:217.73,219.2 1 1
goldbox-rpg/pkg/pcg/seed.go:222.63,223.16 1 1
goldbox-rpg/pkg/pcg/seed.go:223.16,225.3 1 1
goldbox-rpg/pkg/pcg/seed.go:226.2,226.37 1 1
goldbox-rpg/pkg/pcg/seed.go:230.89,231.55 1 1
goldbox-rpg/pkg/pcg/seed.go:231.55,233.3 1 1
goldbox-rpg/pkg/pcg/seed.go:236.2,237.33 2 1
goldbox-rpg/pkg/pcg/seed.go:237.33,239.3 1 1
goldbox-rpg/pkg/pcg/seed.go:241.2,241.22 1 1
goldbox-rpg/pkg/pcg/seed.go:241.22,243.3 1 1
goldbox-rpg/pkg/pcg/seed.go:246.2,250.33 3 1
goldbox-rpg/pkg/pcg/seed.go:250.33,252.35 2 1
goldbox-rpg/pkg/pcg/seed.go:252.35,254.4 1 1
goldbox-rpg/pkg/pcg/seed.go:258.2,258.32 1 0
goldbox-rpg/pkg/pcg/types_level.go:14.44,16.2 1 1
goldbox-rpg/pkg/pcg/types_level.go:19.53,24.2 1 1
goldbox-rpg/pkg/pcg/validation.go:18.44,20.2 1 0
goldbox-rpg/pkg/pcg/validation.go:23.48,25.2 1 0
goldbox-rpg/pkg/pcg/validation.go:28.54,31.2 2 1
goldbox-rpg/pkg/pcg/validation.go:34.56,36.2 1 1
goldbox-rpg/pkg/pcg/validation.go:39.60,42.18 3 0
goldbox-rpg/pkg/pcg/validation.go:42.18,44.3 1 0
goldbox-rpg/pkg/pcg/validation.go:53.47,57.2 1 1
goldbox-rpg/pkg/pcg/validation.go:60.89,66.53 2 0
goldbox-rpg/pkg/pcg/validation.go:66.53,68.3 1 0
goldbox-rpg/pkg/pcg/validation.go:71.2,71.55 1 0
goldbox-rpg/pkg/pcg/validation.go:71.55,73.3 1 0
goldbox-rpg/pkg/pcg/validation.go:76.2,76.25 1 0
goldbox-rpg/pkg/pcg/validation.go:76.25,78.3 1 0
goldbox-rpg/pkg/pcg/validation.go:80.2,80.15 1 0
goldbox-rpg/pkg/pcg/validation.go:84.83,94.41 4 0
goldbox-rpg/pkg/pcg/validation.go:94.41,95.37 1 0
goldbox-rpg/pkg/pcg/validation.go:95.37,97.9 2 0
goldbox-rpg/pkg/pcg/validation.go:100.2,100.12 1 0
goldbox-rpg/pkg/pcg/validation.go:100.12,102.3 1 0
goldbox-rpg/pkg/pcg/validation.go:105.2,105.50 1 0
goldbox-rpg/pkg/pcg/validation.go:105.50,107.3 1 0
goldbox-rpg/pkg/pcg/validation.go:110.2,110.56 1 0
goldbox-rpg/pkg/pcg/validation.go:110.56,112.3 1 0
goldbox-rpg/pkg/pcg/validation.go:115.2,115.54 1 0
goldbox-rpg/pkg/pcg/validation.go:115.54,117.3 1 0
goldbox-rpg/pkg/pcg/validation.go:119.2,119.15 1 0
goldbox-rpg/pkg/pcg/validation.go:123.77,134.44 4 0
goldbox-rpg/pkg/pcg/validation.go:134.44,135.38 1 0
goldbox-rpg/pkg/pcg/validation.go:135.38,137.9 2 0
goldbox-rpg/pkg/pcg/validation.go:140.2,140.15 1 0
goldbox-rpg/pkg/pcg/validation.go:140.15,142.3 1 0
goldbox-rpg/pkg/pcg/validation.go:145.2,146.44 2 0
goldbox-rpg/pkg/pcg/validation.go:146.44,147.38 1 0
goldbox-rpg/pkg/pcg/validation.go:147.38,149.9 2 0
goldbox-rpg/pkg/pcg/validation.go:152.2,152.15 1 0
goldbox-rpg/pkg/pcg/validation.go:152.15,154.3 1 0
goldbox-rpg/pkg/pcg/validation.go:157.2,157.66 1 0
goldbox-rpg/pkg/pcg/validation.go:157.66,159.3 1 0
goldbox-rpg/pkg/pcg/validation.go:162.2,162.60 1 0
goldbox-rpg/pkg/pcg/validation.go:162.60,164.3 1 0
goldbox-rpg/pkg/pcg/validation.go:166.2,166.15 1 0
goldbox-rpg/pkg/pcg/validation.go:170.79,174.25 2 0
goldbox-rpg/pkg/pcg/validation.go:174.25,176.3 1 0
goldbox-rpg/pkg/pcg/validation.go:178.2,178.39 1 0
goldbox-rpg/pkg/pcg/validation.go:178.39,180.3 1 0
goldbox-rpg/pkg/pcg/validation.go:182.2,182.27 1 0
goldbox-rpg/pkg/pcg/validation.go:182.27,184.3 1 0
goldbox-rpg/pkg/pcg/validation.go:187.2,187.28 1 0
goldbox-rpg/pkg/pcg/validation.go:187.28,189.3 1 0
goldbox-rpg/pkg/pcg/validation.go:191.2,191.44 1 0
goldbox-rpg/pkg/pcg/validation.go:191.44,193.3 1 0
goldbox-rpg/pkg/pcg/validation.go:195.2,195.15 1 0
goldbox-rpg/pkg/pcg/validation.go:199.78,202.20 2 1
goldbox-rpg/pkg/pcg/validation.go:202.20,205.3 2 0
goldbox-rpg/pkg/pcg/validation.go:208.2,208.47 1 1
goldbox-rpg/pkg/pcg/validation.go:208.47,210.3 1 1
goldbox-rpg/pkg/pcg/validation.go:213.2,213.42 1 1
goldbox-rpg/pkg/pcg/validation.go:213.42,215.3 1 0
goldbox-rpg/pkg/pcg/validation.go:217.2,217.36 1 1
goldbox-rpg/pkg/pcg/validation.go:217.36,218.32 1 0
goldbox-rpg/pkg/pcg/validation.go:218.32,220.4 1 0
goldbox-rpg/pkg/pcg/validation.go:224.2,224.18 1 1
goldbox-rpg/pkg/pcg/validation.go:224.18,225.42 1 0
goldbox-rpg/pkg/pcg/validation.go:225.42,227.4 1 0
goldbox-rpg/pkg/pcg/validation.go:230.2,230.15 1 1
goldbox-rpg/pkg/pcg/validation.go:234.69,237.17 2 1
goldbox-rpg/pkg/pcg/validation.go:237.17,240.3 2 0
goldbox-rpg/pkg/pcg/validation.go:243.2,243.38 1 1
goldbox-rpg/pkg/pcg/validation.go:243.38,245.3 1 1
goldbox-rpg/pkg/pcg/validation.go:247.2,247.40 1 1
goldbox-rpg/pkg/pcg/validation.go:247.40,249.3 1 1
goldbox-rpg/pkg/pcg/validation.go:251.2,251.40 1 1
goldbox-rpg/pkg/pcg/validation.go:251.40,253.3 1 1
goldbox-rpg/pkg/pcg/validation.go:256.2,256.20 1 1
goldbox-rpg/pkg/pcg/validation.go:256.20,258.3 1 0
goldbox-rpg/pkg/pcg/validation.go:261.2,261.21 1 1
goldbox-rpg/pkg/pcg/validation.go:261.21,263.3 1 0
goldbox-rpg/pkg/pcg/validation.go:266.2,266.42 1 1
goldbox-rpg/pkg/pcg/validation.go:266.42,268.3 1 0
goldbox-rpg/pkg/pcg/validation.go:271.2,271.67 1 1
goldbox-rpg/pkg/pcg/validation.go:271.67,273.3 1 0
goldbox-rpg/pkg/pcg/validation.go:275.2,275.15 1 1
goldbox-rpg/pkg/pcg/validation.go:279.72,282.18 2 1
goldbox-rpg/pkg/pcg/validation.go:282.18,285.3 2 0
goldbox-rpg/pkg/pcg/validation.go:288.2,288.39 1 1
goldbox-rpg/pkg/pcg/validation.go:288.39,290.3 1 1
goldbox-rpg/pkg/pcg/validation.go:292.2,292.41 1 1
goldbox-rpg/pkg/pcg/validation.go:292.41,294.3 1 1
goldbox-rpg/pkg/pcg/validation.go:297.2,297.43 1 1
goldbox-rpg/pkg/pcg/validation.go:297.43,299.3 1 1
goldbox-rpg/pkg/pcg/validation.go:302.2,302.38 1 1
goldbox-rpg/pkg/pcg/validation.go:302.38,304.3 1 0
goldbox-rpg/pkg/pcg/validation.go:306.2,306.34 1 1
goldbox-rpg/pkg/pcg/validation.go:306.34,307.30 1 0
goldbox-rpg/pkg/pcg/validation.go:307.30,309.4 1 0
goldbox-rpg/pkg/pcg/validation.go:312.2,312.15 1 1
goldbox-rpg/pkg/pcg/validation.go:316.72,319.18 2 1
goldbox-rpg/pkg/pcg/validation.go:319.18,322.3 2 0
goldbox-rpg/pkg/pcg/validation.go:324.2,328.15 4 1
goldbox-rpg/pkg/pcg/validation.go:332.86,333.39 1 1
goldbox-rpg/pkg/pcg/validation.go:333.39,335.3 1 1
goldbox-rpg/pkg/pcg/validation.go:337.2,337.42 1 1
goldbox-rpg/pkg/pcg/validation.go:337.42,339.3 1 1
goldbox-rpg/pkg/pcg/validation.go:341.2,341.48 1 1
goldbox-rpg/pkg/pcg/validation.go:341.48,343.3 1 1
goldbox-rpg/pkg/pcg/validation.go:347.86,353.44 2 1
goldbox-rpg/pkg/pcg/validation.go:353.44,354.34 1 1
goldbox-rpg/pkg/pcg/validation.go:354.34,356.4 1 1
goldbox-rpg/pkg/pcg/validation.go:358.2,358.72 1 0
goldbox-rpg/pkg/pcg/validation.go:362.91,363.32 1 1
goldbox-rpg/pkg/pcg/validation.go:363.32,365.3 1 1
goldbox-rpg/pkg/pcg/validation.go:367.2,367.29 1 1
goldbox-rpg/pkg/pcg/validation.go:367.29,369.3 1 1
goldbox-rpg/pkg/pcg/validation.go:373.73,374.38 1 0
goldbox-rpg/pkg/pcg/validation.go:374.38,376.3 1 0
goldbox-rpg/pkg/pcg/validation.go:378.2,379.29 2 0
goldbox-rpg/pkg/pcg/validation.go:379.29,381.3 1 0
goldbox-rpg/pkg/pcg/validation.go:383.2,384.45 2 0
goldbox-rpg/pkg/pcg/validation.go:388.70,390.2 1 0
goldbox-rpg/pkg/pcg/validation.go:393.78,395.38 2 0
goldbox-rpg/pkg/pcg/validation.go:395.38,396.38 1 0
goldbox-rpg/pkg/pcg/validation.go:396.38,397.36 1 0
goldbox-rpg/pkg/pcg/validation.go:397.36,399.5 1 0
goldbox-rpg/pkg/pcg/validation.go:402.2,402.22 1 0
goldbox-rpg/pkg/pcg/validation.go:406.101,414.21 6 0
goldbox-rpg/pkg/pcg/validation.go:414.21,419.41 4 0
goldbox-rpg/pkg/pcg/validation.go:419.41,423.4 3 0
goldbox-rpg/pkg/pcg/validation.go:426.2,426.23 1 0
goldbox-rpg/pkg/pcg/validation.go:430.61,437.2 1 0
goldbox-rpg/pkg/pcg/validation.go:440.172,443.33 2 0
goldbox-rpg/pkg/pcg/validation.go:443.33,449.99 2 0
goldbox-rpg/pkg/pcg/validation.go:449.99,451.4 1 0
goldbox-rpg/pkg/pcg/validation.go:454.2,454.17 1 0
goldbox-rpg/pkg/pcg/validation.go:458.84,460.2 1 0
goldbox-rpg/pkg/pcg/validator.go:89.67,90.19 1 1
goldbox-rpg/pkg/pcg/validator.go:90.19,93.3 2 1
goldbox-rpg/pkg/pcg/validator.go:95.2,106.18 4 1
goldbox-rpg/pkg/pcg/validator.go:110.130,115.13 4 1
goldbox-rpg/pkg/pcg/validator.go:115.13,118.3 2 1
goldbox-rpg/pkg/pcg/validator.go:120.2,128.29 4 1
goldbox-rpg/pkg/pcg/validator.go:128.29,129.10 1 1
goldbox-rpg/pkg/pcg/validator.go:130.21,131.25 1 1
goldbox-rpg/pkg/pcg/validator.go:132.11,132.11 0 1
goldbox-rpg/pkg/pcg/validator.go:135.3,140.21 4 1
goldbox-rpg/pkg/pcg/validator.go:140.21,146.4 1 1
goldbox-rpg/pkg/pcg/validator.go:148.3,148.36 1 1
goldbox-rpg/pkg/pcg/validator.go:151.2,160.21 4 1
goldbox-rpg/pkg/pcg/validator.go:164.142,166.16 2 1
goldbox-rpg/pkg/pcg/validator.go:166.16,168.3 1 0
goldbox-rpg/pkg/pcg/validator.go:170.2,173.33 3 1
goldbox-rpg/pkg/pcg/validator.go:173.33,174.98 1 1
goldbox-rpg/pkg/pcg/validator.go:174.98,176.9 2 1
goldbox-rpg/pkg/pcg/validator.go:180.2,180.17 1 1
goldbox-rpg/pkg/pcg/validator.go:180.17,185.13 4 1
goldbox-rpg/pkg/pcg/validator.go:185.13,186.35 1 1
goldbox-rpg/pkg/pcg/validator.go:186.35,187.52 1 1
goldbox-rpg/pkg/pcg/validator.go:187.52,195.20 3 1
goldbox-rpg/pkg/pcg/validator.go:195.20,197.15 2 0
goldbox-rpg/pkg/pcg/validator.go:200.6,204.11 4 1
goldbox-rpg/pkg/pcg/validator.go:210.2,210.35 1 1
goldbox-rpg/pkg/pcg/validator.go:214.98,225.2 4 1
goldbox-rpg/pkg/pcg/validator.go:228.103,238.2 4 1
goldbox-rpg/pkg/pcg/validator.go:241.70,243.2 1 0
goldbox-rpg/pkg/pcg/validator.go:246.44,248.2 1 0
goldbox-rpg/pkg/pcg/validator.go:251.54,269.2 6 1
goldbox-rpg/pkg/pcg/validator.go:272.54,278.48 1 1
goldbox-rpg/pkg/pcg/validator.go:278.48,280.12 2 1
goldbox-rpg/pkg/pcg/validator.go:280.12,286.6 1 0
goldbox-rpg/pkg/pcg/validator.go:289.5,299.41 3 1
goldbox-rpg/pkg/pcg/validator.go:299.41,300.33 1 1
goldbox-rpg/pkg/pcg/validator.go:300.33,302.7 1 1
goldbox-rpg/pkg/pcg/validator.go:305.5,305.30 1 1
goldbox-rpg/pkg/pcg/validator.go:305.30,318.6 1 1
goldbox-rpg/pkg/pcg/validator.go:320.5,320.75 1 1
goldbox-rpg/pkg/pcg/validator.go:327.48,329.12 2 1
goldbox-rpg/pkg/pcg/validator.go:329.12,331.6 1 0
goldbox-rpg/pkg/pcg/validator.go:333.5,333.43 1 1
goldbox-rpg/pkg/pcg/validator.go:333.43,343.6 1 1
goldbox-rpg/pkg/pcg/validator.go:345.5,345.69 1 1
goldbox-rpg/pkg/pcg/validator.go:350.2,350.29 1 1
goldbox-rpg/pkg/pcg/validator.go:350.29,352.3 1 1
goldbox-rpg/pkg/pcg/validator.go:356.50,362.48 1 1
goldbox-rpg/pkg/pcg/validator.go:362.48,364.12 2 1
goldbox-rpg/pkg/pcg/validator.go:364.12,366.6 1 0
goldbox-rpg/pkg/pcg/validator.go:368.5,368.35 1 1
goldbox-rpg/pkg/pcg/validator.go:368.35,378.6 1 1
goldbox-rpg/pkg/pcg/validator.go:380.5,380.71 1 1
goldbox-rpg/pkg/pcg/validator.go:387.48,389.12 2 1
goldbox-rpg/pkg/pcg/validator.go:389.12,391.6 1 0
goldbox-rpg/pkg/pcg/validator.go:393.5,393.45 1 1
goldbox-rpg/pkg/pcg/validator.go:393.45,403.6 1 0
goldbox-rpg/pkg/pcg/validator.go:405.5,405.66 1 1
goldbox-rpg/pkg/pcg/validator.go:410.2,410.29 1 1
goldbox-rpg/pkg/pcg/validator.go:410.29,412.3 1 1
goldbox-rpg/pkg/pcg/validator.go:416.52,422.48 1 1
goldbox-rpg/pkg/pcg/validator.go:422.48,424.12 2 0
goldbox-rpg/pkg/pcg/validator.go:424.12,426.6 1 0
goldbox-rpg/pkg/pcg/validator.go:428.5,428.33 1 0
goldbox-rpg/pkg/pcg/validator.go:428.33,438.6 1 0
goldbox-rpg/pkg/pcg/validator.go:440.5,440.69 1 0
goldbox-rpg/pkg/pcg/validator.go:447.48,449.12 2 0
goldbox-rpg/pkg/pcg/validator.go:449.12,451.6 1 0
goldbox-rpg/pkg/pcg/validator.go:453.5,453.33 1 0
goldbox-rpg/pkg/pcg/validator.go:453.33,455.6 1 0
goldbox-rpg/pkg/pcg/validator.go:458.5,459.52 2 0
goldbox-rpg/pkg/pcg/validator.go:459.52,462.6 2 0
goldbox-rpg/pkg/pcg/validator.go:464.5,465.35 2 0
goldbox-rpg/pkg/pcg/validator.go:465.35,466.29 1 0
goldbox-rpg/pkg/pcg/validator.go:466.29,468.7 1 0
goldbox-rpg/pkg/pcg/validator.go:471.5,471.35 1 0
goldbox-rpg/pkg/pcg/validator.go:471.35,485.6 1 0
goldbox-rpg/pkg/pcg/validator.go:487.5,487.82 1 0
goldbox-rpg/pkg/pcg/validator.go:492.2,492.29 1 1
goldbox-rpg/pkg/pcg/validator.go:492.29,494.3 1 1
goldbox-rpg/pkg/pcg/validator.go:498.53,504.48 1 1
goldbox-rpg/pkg/pcg/validator.go:504.48,506.12 2 0
goldbox-rpg/pkg/pcg/validator.go:506.12,508.6 1 0
goldbox-rpg/pkg/pcg/validator.go:510.5,510.29 1 0
goldbox-rpg/pkg/pcg/validator.go:510.29,520.6 1 0
goldbox-rpg/pkg/pcg/validator.go:522.5,522.70 1 0
goldbox-rpg/pkg/pcg/validator.go:527.2,527.29 1 1
goldbox-rpg/pkg/pcg/validator.go:527.29,529.3 1 1
goldbox-rpg/pkg/pcg/validator.go:533.52,539.48 1 1
goldbox-rpg/pkg/pcg/validator.go:539.48,541.12 2 0
goldbox-rpg/pkg/pcg/validator.go:541.12,543.6 1 0
goldbox-rpg/pkg/pcg/validator.go:545.5,545.39 1 0
goldbox-rpg/pkg/pcg/validator.go:545.39,547.6 1 0
goldbox-rpg/pkg/pcg/validator.go:549.5,551.46 3 0
goldbox-rpg/pkg/pcg/validator.go:551.46,552.80 1 0
goldbox-rpg/pkg/pcg/validator.go:552.80,554.7 1 0
goldbox-rpg/pkg/pcg/validator.go:554.12,554.91 1 0
goldbox-rpg/pkg/pcg/validator.go:554.91,556.7 1 0
goldbox-rpg/pkg/pcg/validator.go:559.5,563.27 4 0
goldbox-rpg/pkg/pcg/validator.go:563.27,577.6 1 0
goldbox-rpg/pkg/pcg/validator.go:579.5,579.28 1 0
goldbox-rpg/pkg/pcg/validator.go:579.28,593.6 1 0
goldbox-rpg/pkg/pcg/validator.go:595.5,595.79 1 0
goldbox-rpg/pkg/pcg/validator.go:600.2,600.29 1 1
goldbox-rpg/pkg/pcg/validator.go:600.29,602.3 1 1
goldbox-rpg/pkg/pcg/validator.go:606.50,612.48 1 1
goldbox-rpg/pkg/pcg/validator.go:612.48,614.12 2 0
goldbox-rpg/pkg/pcg/validator.go:614.12,616.6 1 0
goldbox-rpg/pkg/pcg/validator.go:618.5,618.36 1 0
goldbox-rpg/pkg/pcg/validator.go:618.36,628.6 1 0
goldbox-rpg/pkg/pcg/validator.go:630.5,630.66 1 0
goldbox-rpg/pkg/pcg/validator.go:635.2,635.29 1 1
goldbox-rpg/pkg/pcg/validator.go:635.29,637.3 1 1
goldbox-rpg/pkg/pcg/validator.go:641.58,650.2 3 1
goldbox-rpg/pkg/pcg/validator.go:653.48,657.2 1 1
goldbox-rpg/pkg/pcg/validator.go:660.89,670.33 7 1
goldbox-rpg/pkg/pcg/validator.go:670.33,671.21 1 1
goldbox-rpg/pkg/pcg/validator.go:671.21,673.43 2 1
goldbox-rpg/pkg/pcg/validator.go:673.43,675.5 1 1
goldbox-rpg/pkg/pcg/validator.go:679.2,679.12 1 1
goldbox-rpg/pkg/pcg/validator.go:679.12,681.3 1 1
goldbox-rpg/pkg/pcg/validator.go:681.8,683.18 2 1
goldbox-rpg/pkg/pcg/validator.go:683.18,685.4 1 1
goldbox-rpg/pkg/pcg/validator.go:690.67,695.2 3 1
goldbox-rpg/pkg/pcg/validator.go:698.47,703.2 3 1
goldbox-rpg/pkg/pcg/validator.go:706.59,711.43 4 1
goldbox-rpg/pkg/pcg/validator.go:711.43,713.3 1 1
goldbox-rpg/pkg/pcg/validator.go:715.2,723.3 1 1
goldbox-rpg/pkg/pcg/validator.go:727.38,738.2 9 1
goldbox-rpg/pkg/pcg/validator.go:741.55,745.30 3 1
goldbox-rpg/pkg/pcg/validator.go:745.30,747.3 1 1
goldbox-rpg/pkg/pcg/validator.go:749.2,749.77 1 1
goldbox-rpg/pkg/pcg/validator.go:753.71,757.30 3 1
goldbox-rpg/pkg/pcg/validator.go:757.30,759.3 1 1
goldbox-rpg/pkg/pcg/validator.go:761.2,761.67 1 1
goldbox-rpg/pkg/pcg/validator.go:765.63,769.30 3 1
goldbox-rpg/pkg/pcg/validator.go:769.30,771.3 1 0
goldbox-rpg/pkg/pcg/validator.go:773.2,773.76 1 1
goldbox-rpg/pkg/pcg/validator.go:777.58,781.2 3 0
goldbox-rpg/pkg/pcg/validator.go:790.66,793.2 1 1
goldbox-rpg/pkg/pcg/validator.go:795.121,797.9 2 1
goldbox-rpg/pkg/pcg/validator.go:797.9,799.3 1 0
goldbox-rpg/pkg/pcg/validator.go:802.2,802.51 1 1
goldbox-rpg/pkg/pcg/validator.go:802.51,811.3 7 1
goldbox-rpg/pkg/pcg/validator.go:814.2,814.84 1 1
goldbox-rpg/pkg/pcg/validator.go:814.84,816.24 2 1
goldbox-rpg/pkg/pcg/validator.go:816.24,818.4 1 1
goldbox-rpg/pkg/pcg/validator.go:819.3,820.88 2 1
goldbox-rpg/pkg/pcg/validator.go:823.2,823.18 1 1
goldbox-rpg/pkg/pcg/validator.go:826.60,828.2 1 1
goldbox-rpg/pkg/pcg/validator.go:835.62,838.2 1 1
goldbox-rpg/pkg/pcg/validator.go:840.117,842.9 2 1
goldbox-rpg/pkg/pcg/validator.go:842.9,844.3 1 0
goldbox-rpg/pkg/pcg/validator.go:847.2,847.81 1 1
goldbox-rpg/pkg/pcg/validator.go:847.81,856.3 3 1
goldbox-rpg/pkg/pcg/validator.go:859.2,859.87 1 1
goldbox-rpg/pkg/pcg/validator.go:859.87,861.24 2 1
goldbox-rpg/pkg/pcg/validator.go:861.24,863.4 1 1
goldbox-rpg/pkg/pcg/validator.go:864.3,865.82 2 1
goldbox-rpg/pkg/pcg/validator.go:868.2,868.19 1 1
goldbox-rpg/pkg/pcg/validator.go:871.56,873.2 1 1
goldbox-rpg/pkg/pcg/validator.go:880.64,883.2 1 0
goldbox-rpg/pkg/pcg/validator.go:885.119,887.9 2 0
goldbox-rpg/pkg/pcg/validator.go:887.9,889.3 1 0
goldbox-rpg/pkg/pcg/validator.go:892.2,892.79 1 0
goldbox-rpg/pkg/pcg/validator.go:892.79,893.28 1 0
goldbox-rpg/pkg/pcg/validator.go:893.28,895.4 1 0
goldbox-rpg/pkg/pcg/validator.go:896.3,906.83 3 0
goldbox-rpg/pkg/pcg/validator.go:910.2,910.80 1 0
goldbox-rpg/pkg/pcg/validator.go:910.80,911.46 1 0
goldbox-rpg/pkg/pcg/validator.go:911.46,913.45 2 0
goldbox-rpg/pkg/pcg/validator.go:913.45,915.51 1 0
goldbox-rpg/pkg/pcg/validator.go:915.51,917.11 2 0
goldbox-rpg/pkg/pcg/validator.go:921.4,921.25 1 0
goldbox-rpg/pkg/pcg/validator.go:921.25,931.5 2 0
goldbox-rpg/pkg/pcg/validator.go:933.3,933.87 1 0
goldbox-rpg/pkg/pcg/validator.go:936.2,936.21 1 0
goldbox-rpg/pkg/pcg/validator.go:939.58,941.2 1 1
goldbox-rpg/pkg/pcg/validator.go:946.36,947.15 1 1
goldbox-rpg/pkg/pcg/validator.go:947.15,949.3 1 1
goldbox-rpg/pkg/pcg/validator.go:950.2,950.16 1 1
goldbox-rpg/pkg/pcg/validator.go:950.16,952.3 1 1
goldbox-rpg/pkg/pcg/validator.go:953.2,953.14 1 1
goldbox-rpg/pkg/pcg/world.go:245.63,246.19 1 1
goldbox-rpg/pkg/pcg/world.go:246.19,248.3 1 1
goldbox-rpg/pkg/pcg/world.go:250.2,254.3 1 1
goldbox-rpg/pkg/pcg/world.go:259.103,261.9 2 1
goldbox-rpg/pkg/pcg/world.go:261.9,263.3 1 1
goldbox-rpg/pkg/pcg/world.go:266.2,266.44 1 1
goldbox-rpg/pkg/pcg/world.go:266.44,268.3 1 0
goldbox-rpg/pkg/pcg/world.go:271.2,281.16 4 1
goldbox-rpg/pkg/pcg/world.go:281.16,283.3 1 0
goldbox-rpg/pkg/pcg/world.go:285.2,286.19 2 1
goldbox-rpg/pkg/pcg/world.go:290.137,306.63 2 1
goldbox-rpg/pkg/pcg/world.go:306.63,308.3 1 0
goldbox-rpg/pkg/pcg/world.go:311.2,311.65 1 1
goldbox-rpg/pkg/pcg/world.go:311.65,313.3 1 0
goldbox-rpg/pkg/pcg/world.go:316.2,316.67 1 1
goldbox-rpg/pkg/pcg/world.go:316.67,318.3 1 0
goldbox-rpg/pkg/pcg/world.go:321.2,321.69 1 1
goldbox-rpg/pkg/pcg/world.go:321.69,323.3 1 0
goldbox-rpg/pkg/pcg/world.go:326.2,330.19 4 1
goldbox-rpg/pkg/pcg/world.go:334.92,340.50 4 1
goldbox-rpg/pkg/pcg/world.go:340.50,341.49 1 1
goldbox-rpg/pkg/pcg/world.go:341.49,342.38 1 1
goldbox-rpg/pkg/pcg/world.go:342.38,343.10 1 0
goldbox-rpg/pkg/pcg/world.go:347.4,349.29 3 1
goldbox-rpg/pkg/pcg/world.go:349.29,351.5 1 0
goldbox-rpg/pkg/pcg/world.go:352.4,352.31 1 1
goldbox-rpg/pkg/pcg/world.go:352.31,354.5 1 0
goldbox-rpg/pkg/pcg/world.go:356.4,370.14 3 1
goldbox-rpg/pkg/pcg/world.go:372.3,372.37 1 1
goldbox-rpg/pkg/pcg/world.go:372.37,373.9 1 1
goldbox-rpg/pkg/pcg/world.go:377.2,377.12 1 1
goldbox-rpg/pkg/pcg/world.go:381.94,382.44 1 1
goldbox-rpg/pkg/pcg/world.go:382.44,394.3 2 1
goldbox-rpg/pkg/pcg/world.go:396.2,396.12 1 1
goldbox-rpg/pkg/pcg/world.go:400.96,403.46 2 1
goldbox-rpg/pkg/pcg/world.go:403.46,409.30 4 1
goldbox-rpg/pkg/pcg/world.go:409.30,417.47 3 1
goldbox-rpg/pkg/pcg/world.go:417.47,419.31 2 1
goldbox-rpg/pkg/pcg/world.go:419.31,421.11 2 1
goldbox-rpg/pkg/pcg/world.go:425.4,425.21 1 1
goldbox-rpg/pkg/pcg/world.go:425.21,426.10 1 1
goldbox-rpg/pkg/pcg/world.go:428.4,428.14 1 1
goldbox-rpg/pkg/pcg/world.go:431.3,431.30 1 1
goldbox-rpg/pkg/pcg/world.go:431.30,433.12 2 0
goldbox-rpg/pkg/pcg/world.go:437.3,455.60 3 1
goldbox-rpg/pkg/pcg/world.go:458.2,458.12 1 1
goldbox-rpg/pkg/pcg/world.go:462.98,464.47 1 1
goldbox-rpg/pkg/pcg/world.go:464.47,467.45 2 1
goldbox-rpg/pkg/pcg/world.go:467.45,470.47 2 1
goldbox-rpg/pkg/pcg/world.go:470.47,472.69 1 1
goldbox-rpg/pkg/pcg/world.go:472.69,474.11 2 1
goldbox-rpg/pkg/pcg/world.go:478.4,478.25 1 1
goldbox-rpg/pkg/pcg/world.go:478.25,485.5 4 1
goldbox-rpg/pkg/pcg/world.go:489.2,489.12 1 1
goldbox-rpg/pkg/pcg/world.go:494.73,509.2 5 1
goldbox-rpg/pkg/pcg/world.go:511.61,519.2 5 1
goldbox-rpg/pkg/pcg/world.go:521.59,529.2 5 1
goldbox-rpg/pkg/pcg/world.go:531.57,539.2 5 1
goldbox-rpg/pkg/pcg/world.go:541.64,552.2 2 1
goldbox-rpg/pkg/pcg/world.go:554.70,564.2 2 1
goldbox-rpg/pkg/pcg/world.go:566.84,568.2 1 1
goldbox-rpg/pkg/pcg/world.go:570.62,575.37 4 1
goldbox-rpg/pkg/pcg/world.go:575.37,579.38 3 1
goldbox-rpg/pkg/pcg/world.go:579.38,580.28 1 1
goldbox-rpg/pkg/pcg/world.go:580.28,582.10 2 1
goldbox-rpg/pkg/pcg/world.go:585.3,585.13 1 1
goldbox-rpg/pkg/pcg/world.go:585.13,587.4 1 1
goldbox-rpg/pkg/pcg/world.go:590.2,590.18 1 1
goldbox-rpg/pkg/pcg/world.go:593.68,598.36 4 1
goldbox-rpg/pkg/pcg/world.go:598.36,601.3 2 1
goldbox-rpg/pkg/pcg/world.go:603.2,603.17 1 1
goldbox-rpg/pkg/pcg/world.go:606.61,609.2 2 1
goldbox-rpg/pkg/pcg/world.go:611.90,615.16 2 1
goldbox-rpg/pkg/pcg/world.go:615.16,617.3 1 1
goldbox-rpg/pkg/pcg/world.go:617.8,617.23 1 1
goldbox-rpg/pkg/pcg/world.go:617.23,619.3 1 1
goldbox-rpg/pkg/pcg/world.go:619.8,619.23 1 1
goldbox-rpg/pkg/pcg/world.go:619.23,621.3 1 1
goldbox-rpg/pkg/pcg/world.go:621.8,623.3 1 1
goldbox-rpg/pkg/pcg/world.go:626.88,630.2 3 1
goldbox-rpg/pkg/pcg/world.go:632.65,635.2 2 1
goldbox-rpg/pkg/pcg/world.go:637.59,640.2 2 1
goldbox-rpg/pkg/pcg/world.go:642.76,646.15 2 1
goldbox-rpg/pkg/pcg/world.go:646.15,648.3 1 0
goldbox-rpg/pkg/pcg/world.go:648.8,648.22 1 1
goldbox-rpg/pkg/pcg/world.go:648.22,650.3 1 0
goldbox-rpg/pkg/pcg/world.go:650.8,650.21 1 1
goldbox-rpg/pkg/pcg/world.go:650.21,652.3 1 1
goldbox-rpg/pkg/pcg/world.go:652.8,652.21 1 1
goldbox-rpg/pkg/pcg/world.go:652.21,654.3 1 1
goldbox-rpg/pkg/pcg/world.go:654.8,656.3 1 1
goldbox-rpg/pkg/pcg/world.go:659.60,664.36 4 1
goldbox-rpg/pkg/pcg/world.go:664.36,667.3 2 1
goldbox-rpg/pkg/pcg/world.go:669.2,669.17 1 1
goldbox-rpg/pkg/pcg/world.go:672.75,676.2 3 1
goldbox-rpg/pkg/pcg/world.go:678.103,679.39 1 1
goldbox-rpg/pkg/pcg/world.go:679.39,680.53 1 1
goldbox-rpg/pkg/pcg/world.go:680.53,682.4 1 1
goldbox-rpg/pkg/pcg/world.go:684.2,684.18 1 1
goldbox-rpg/pkg/pcg/world.go:687.122,695.42 3 1
goldbox-rpg/pkg/pcg/world.go:695.42,696.32 1 1
goldbox-rpg/pkg/pcg/world.go:696.32,699.4 2 1
goldbox-rpg/pkg/pcg/world.go:703.2,703.40 1 1
goldbox-rpg/pkg/pcg/world.go:703.40,704.43 1 1
goldbox-rpg/pkg/pcg/world.go:704.43,705.53 1 1
goldbox-rpg/pkg/pcg/world.go:705.53,707.5 1 1
goldbox-rpg/pkg/pcg/world.go:712.2,713.51 2 1
goldbox-rpg/pkg/pcg/world.go:713.51,715.3 1 1
goldbox-rpg/pkg/pcg/world.go:717.2,717.15 1 1
goldbox-rpg/pkg/pcg/world.go:720.78,735.2 2 1
goldbox-rpg/pkg/pcg/world.go:737.62,742.35 4 1
goldbox-rpg/pkg/pcg/world.go:742.35,745.3 2 1
goldbox-rpg/pkg/pcg/world.go:747.2,747.16 1 1
goldbox-rpg/pkg/pcg/world.go:750.79,752.47 2 1
goldbox-rpg/pkg/pcg/world.go:752.47,754.3 1 1
goldbox-rpg/pkg/pcg/world.go:755.2,755.14 1 1
goldbox-rpg/pkg/pcg/world.go:761.49,763.2 1 1
goldbox-rpg/pkg/pcg/world.go:766.47,768.2 1 1
goldbox-rpg/pkg/pcg/world.go:771.67,773.9 2 1
goldbox-rpg/pkg/pcg/world.go:773.9,775.3 1 1
goldbox-rpg/pkg/pcg/world.go:777.2,777.66 1 1
goldbox-rpg/pkg/pcg/world.go:777.66,779.3 1 1
goldbox-rpg/pkg/pcg/world.go:781.2,781.68 1 1
goldbox-rpg/pkg/pcg/world.go:781.68,783.3 1 0
goldbox-rpg/pkg/pcg/world.go:785.2,785.66 1 1
goldbox-rpg/pkg/pcg/world.go:785.66,787.3 1 0
goldbox-rpg/pkg/pcg/world.go:789.2,789.74 1 1
goldbox-rpg/pkg/pcg/world.go:789.74,791.3 1 0
goldbox-rpg/pkg/pcg/world.go:793.2,793.81 1 1
goldbox-rpg/pkg/pcg/world.go:793.81,795.3 1 1
goldbox-rpg/pkg/pcg/world.go:797.2,797.63 1 1
goldbox-rpg/pkg/pcg/world.go:797.63,799.3 1 1
goldbox-rpg/pkg/pcg/world.go:801.2,801.65 1 1
goldbox-rpg/pkg/pcg/world.go:801.65,803.3 1 0
goldbox-rpg/pkg/pcg/world.go:805.2,805.12 1 1
goldbox-rpg/pkg/resilience/circuitbreaker.go:15.13,18.2 1 1
goldbox-rpg/pkg/resilience/circuitbreaker.go:41.46,42.54 1 1
goldbox-rpg/pkg/resilience/circuitbreaker.go:42.54,44.3 1 1
goldbox-rpg/pkg/resilience/circuitbreaker.go:45.2,45.18 1 1
goldbox-rpg/pkg/resilience/circuitbreaker.go:64.68,71.2 1 1
goldbox-rpg/pkg/resilience/circuitbreaker.go:85.69,99.2 3 1
goldbox-rpg/pkg/resilience/circuitbreaker.go:107.94,109.34 1 1
goldbox-rpg/pkg/resilience/circuitbreaker.go:109.34,112.3 2 1
goldbox-rpg/pkg/resilience/circuitbreaker.go:115.2,115.22 1 1
goldbox-rpg/pkg/resilience/circuitbreaker.go:115.22,121.3 2 1
goldbox-rpg/pkg/resilience/circuitbreaker.go:124.2,128.9 3 1
goldbox-rpg/pkg/resilience/circuitbreaker.go:128.9,129.16 1 1
goldbox-rpg/pkg/resilience/circuitbreaker.go:129.16,130.32 1 1
goldbox-rpg/pkg/resilience/circuitbreaker.go:130.32,136.5 2 0
goldbox-rpg/pkg/resilience/circuitbreaker.go:138.3,138.16 1 1
goldbox-rpg/pkg/resilience/circuitbreaker.go:141.2,142.12 2 1
goldbox-rpg/pkg/resilience/circuitbreaker.go:146.45,150.18 3 1
goldbox-rpg/pkg/resilience/circuitbreaker.go:151.19,152.14 1 1
goldbox-rpg/pkg/resilience/circuitbreaker.go:153.17,155.56 1 1
goldbox-rpg/pkg/resilience/circuitbreaker.go:156.21,157.45 1 0
goldbox-rpg/pkg/resilience/circuitbreaker.go:158.10,163.15 2 0
goldbox-rpg/pkg/resilience/circuitbreaker.go:168.43,172.77 3 1
goldbox-rpg/pkg/resilience/circuitbreaker.go:172.77,180.3 3 1
goldbox-rpg/pkg/resilience/circuitbreaker.go:182.2,182.31 1 1
goldbox-rpg/pkg/resilience/circuitbreaker.go:182.31,184.3 1 1
goldbox-rpg/pkg/resilience/circuitbreaker.go:188.51,192.16 3 1
goldbox-rpg/pkg/resilience/circuitbreaker.go:192.16,194.3 1 1
goldbox-rpg/pkg/resilience/circuitbreaker.go:194.8,196.3 1 1
goldbox-rpg/pkg/resilience/circuitbreaker.go:200.39,204.18 3 1
goldbox-rpg/pkg/resilience/circuitbreaker.go:205.19,206.43 1 1
goldbox-rpg/pkg/resilience/circuitbreaker.go:206.43,213.4 2 1
goldbox-rpg/pkg/resilience/circuitbreaker.go:214.21,219.18 3 0
goldbox-rpg/pkg/resilience/circuitbreaker.go:224.39,225.18 1 1
goldbox-rpg/pkg/resilience/circuitbreaker.go:226.19,228.18 1 1
goldbox-rpg/pkg/resilience/circuitbreaker.go:229.21,230.43 1 1
goldbox-rpg/pkg/resilience/circuitbreaker.go:230.43,238.4 4 0
goldbox-rpg/pkg/resilience/circuitbreaker.go:243.58,247.2 3 1
goldbox-rpg/pkg/resilience/circuitbreaker.go:250.61,264.2 3 1
goldbox-rpg/pkg/resilience/circuitbreaker.go:267.35,282.2 8 1
goldbox-rpg/pkg/resilience/degradation.go:31.43,32.51 1 1
goldbox-rpg/pkg/resilience/degradation.go:32.51,34.3 1 1
goldbox-rpg/pkg/resilience/degradation.go:35.2,35.18 1 1
goldbox-rpg/pkg/resilience/degradation.go:56.50,62.2 1 1
goldbox-rpg/pkg/resilience/degradation.go:65.77,80.2 4 1
goldbox-rpg/pkg/resilience/degradation.go:83.91,88.13 4 1
goldbox-rpg/pkg/resilience/degradation.go:88.13,91.3 2 1
goldbox-rpg/pkg/resilience/degradation.go:93.2,98.31 5 1
goldbox-rpg/pkg/resilience/degradation.go:98.31,100.34 2 1
goldbox-rpg/pkg/resilience/degradation.go:100.34,102.4 1 1
goldbox-rpg/pkg/resilience/degradation.go:102.9,102.22 1 1
goldbox-rpg/pkg/resilience/degradation.go:102.22,104.4 1 1
goldbox-rpg/pkg/resilience/degradation.go:106.3,111.47 1 1
goldbox-rpg/pkg/resilience/degradation.go:114.2,114.34 1 1
goldbox-rpg/pkg/resilience/degradation.go:118.61,122.39 3 1
goldbox-rpg/pkg/resilience/degradation.go:122.39,123.22 1 1
goldbox-rpg/pkg/resilience/degradation.go:123.22,124.23 1 1
goldbox-rpg/pkg/resilience/degradation.go:124.23,126.5 1 1
goldbox-rpg/pkg/resilience/degradation.go:126.10,128.5 1 1
goldbox-rpg/pkg/resilience/degradation.go:132.2,134.26 2 1
goldbox-rpg/pkg/resilience/degradation.go:134.26,136.3 1 1
goldbox-rpg/pkg/resilience/degradation.go:136.8,136.36 1 1
goldbox-rpg/pkg/resilience/degradation.go:136.36,138.3 1 1
goldbox-rpg/pkg/resilience/degradation.go:138.8,140.3 1 1
goldbox-rpg/pkg/resilience/degradation.go:142.2,142.31 1 1
goldbox-rpg/pkg/resilience/degradation.go:142.31,149.3 1 1
goldbox-rpg/pkg/resilience/degradation.go:153.70,157.2 3 1
goldbox-rpg/pkg/resilience/degradation.go:160.88,165.13 4 1
goldbox-rpg/pkg/resilience/degradation.go:165.13,167.3 1 1
goldbox-rpg/pkg/resilience/degradation.go:170.2,171.26 2 1
goldbox-rpg/pkg/resilience/degradation.go:175.75,180.42 4 1
goldbox-rpg/pkg/resilience/degradation.go:180.42,182.3 1 1
goldbox-rpg/pkg/resilience/degradation.go:184.2,184.17 1 1
goldbox-rpg/pkg/resilience/degradation.go:188.68,194.2 4 1
goldbox-rpg/pkg/resilience/degradation.go:202.37,204.2 1 1
goldbox-rpg/pkg/resilience/degradation.go:207.56,210.2 2 1
goldbox-rpg/pkg/resilience/degradation.go:224.24,227.16 2 1
goldbox-rpg/pkg/resilience/degradation.go:227.16,230.3 2 1
goldbox-rpg/pkg/resilience/degradation.go:233.2,242.21 3 1
goldbox-rpg/pkg/resilience/degradation.go:242.21,244.25 2 1
goldbox-rpg/pkg/resilience/degradation.go:244.25,246.4 1 1
goldbox-rpg/pkg/resilience/degradation.go:247.3,247.33 1 1
goldbox-rpg/pkg/resilience/degradation.go:250.2,250.17 1 1
goldbox-rpg/pkg/resilience/fallback.go:17.50,21.2 1 1
goldbox-rpg/pkg/resilience/fallback.go:25.85,28.2 2 1
goldbox-rpg/pkg/resilience/fallback.go:32.83,36.2 2 1
goldbox-rpg/pkg/resilience/fallback.go:40.91,44.2 2 1
goldbox-rpg/pkg/resilience/fallback.go:47.85,48.56 1 1
goldbox-rpg/pkg/resilience/fallback.go:48.56,54.3 2 1
goldbox-rpg/pkg/resilience/fallback.go:58.91,59.56 1 1
goldbox-rpg/pkg/resilience/fallback.go:59.56,61.24 2 1
goldbox-rpg/pkg/resilience/fallback.go:61.24,63.4 1 1
goldbox-rpg/pkg/resilience/fallback.go:64.3,64.25 1 1
goldbox-rpg/pkg/resilience/fallback.go:70.85,73.2 2 1
goldbox-rpg/pkg/resilience/fallback.go:81.56,82.37 1 1
goldbox-rpg/pkg/resilience/fallback.go:82.37,84.3 1 1
goldbox-rpg/pkg/resilience/fallback.go:85.2,85.33 1 1
goldbox-rpg/pkg/resilience/manager.go:21.56,26.2 1 1
goldbox-rpg/pkg/resilience/manager.go:29.106,33.46 3 1
goldbox-rpg/pkg/resilience/manager.go:33.46,35.3 1 1
goldbox-rpg/pkg/resilience/manager.go:38.2,39.19 2 1
goldbox-rpg/pkg/resilience/manager.go:39.19,42.3 2 1
goldbox-rpg/pkg/resilience/manager.go:42.8,44.3 1 1
goldbox-rpg/pkg/resilience/manager.go:46.2,50.11 4 1
goldbox-rpg/pkg/resilience/manager.go:54.76,60.2 4 1
goldbox-rpg/pkg/resilience/manager.go:63.55,69.2 4 1
goldbox-rpg/pkg/resilience/manager.go:72.72,77.37 4 1
goldbox-rpg/pkg/resilience/manager.go:77.37,79.3 1 1
goldbox-rpg/pkg/resilience/manager.go:81.2,81.14 1 1
goldbox-rpg/pkg/resilience/manager.go:85.46,89.37 3 1
goldbox-rpg/pkg/resilience/manager.go:89.37,92.3 2 1
goldbox-rpg/pkg/resilience/manager.go:96.62,101.33 4 1
goldbox-rpg/pkg/resilience/manager.go:101.33,103.3 1 1
goldbox-rpg/pkg/resilience/manager.go:105.2,105.14 1 1
goldbox-rpg/pkg/resilience/manager.go:143.26,145.2 1 1
goldbox-rpg/pkg/resilience/manager.go:149.62,152.2 2 1
goldbox-rpg/pkg/resilience/manager.go:157.101,160.2 2 1
goldbox-rpg/pkg/resilience/manager.go:163.100,166.2 2 1
goldbox-rpg/pkg/resilience/manager.go:169.103,172.2 2 1
goldbox-rpg/pkg/game/ai_behaviors.go:23.41,24.11 1 1
goldbox-rpg/pkg/game/ai_behaviors.go:25.21,26.19 1 1
goldbox-rpg/pkg/game/ai_behaviors.go:27.21,28.19 1 1
goldbox-rpg/pkg/game/ai_behaviors.go:29.21,30.19 1 1
goldbox-rpg/pkg/game/ai_behaviors.go:31.10,32.19 1 1
goldbox-rpg/pkg/game/ai_behaviors.go:66.75,71.2 1 1
goldbox-rpg/pkg/game/ai_behaviors.go:74.76,81.35 2 1
goldbox-rpg/pkg/game/ai_behaviors.go:81.35,83.30 2 1
goldbox-rpg/pkg/game/ai_behaviors.go:83.30,91.4 2 1
goldbox-rpg/pkg/game/ai_behaviors.go:93.2,93.22 1 1
goldbox-rpg/pkg/game/ai_behaviors.go:105.75,110.2 1 1
goldbox-rpg/pkg/game/ai_behaviors.go:113.76,120.35 2 1
goldbox-rpg/pkg/game/ai_behaviors.go:120.35,122.30 2 1
goldbox-rpg/pkg/game/ai_behaviors.go:122.30,130.4 2 1
goldbox-rpg/pkg/game/ai_behaviors.go:132.2,132.22 1 1
goldbox-rpg/pkg/game/ai_behaviors.go:143.56,145.2 1 1
goldbox-rpg/pkg/game/ai_behaviors.go:148.76,150.16 2 1
goldbox-rpg/pkg/game/ai_behaviors.go:151.21,152.23 1 1
goldbox-rpg/pkg/game/ai_behaviors.go:153.21,154.23 1 1
goldbox-rpg/pkg/game/ai_behaviors.go:155.10,156.16 1 1
goldbox-rpg/pkg/game/ai_behaviors.go:168.63,174.2 1 1
goldbox-rpg/pkg/game/ai_behaviors.go:177.74,178.32 1 1
goldbox-rpg/pkg/game/ai_behaviors.go:178.32,181.3 2 1
goldbox-rpg/pkg/game/ai_behaviors.go:183.2,184.29 2 1
goldbox-rpg/pkg/game/ai_behaviors.go:184.29,187.3 2 1
goldbox-rpg/pkg/game/ai_behaviors.go:189.2,189.29 1 1
goldbox-rpg/pkg/game/ai_behaviors.go:189.29,191.3 1 1
goldbox-rpg/pkg/game/ai_behaviors.go:192.2,192.22 1 1
goldbox-rpg/pkg/game/ai_behaviors.go:202.104,207.2 1 1
goldbox-rpg/pkg/game/ai_behaviors.go:210.77,218.12 3 1
goldbox-rpg/pkg/game/ai_behaviors.go:218.12,220.3 1 1
goldbox-rpg/pkg/game/ai_behaviors.go:221.2,221.22 1 1
goldbox-rpg/pkg/game/ai_behaviors.go:231.105,236.2 1 1
goldbox-rpg/pkg/game/ai_behaviors.go:239.74,246.2 2 1
goldbox-rpg/pkg/game/ai_behaviors.go:251.88,252.51 1 1
goldbox-rpg/pkg/game/ai_behaviors.go:252.51,255.17 3 1
goldbox-rpg/pkg/game/ai_behaviors.go:255.17,257.4 1 1
goldbox-rpg/pkg/game/ai_behaviors.go:258.3,259.27 2 1
goldbox-rpg/pkg/game/ai_behaviors.go:264.87,265.51 1 1
goldbox-rpg/pkg/game/ai_behaviors.go:265.51,266.24 1 1
goldbox-rpg/pkg/game/ai_behaviors.go:266.24,268.4 1 1
goldbox-rpg/pkg/game/ai_behaviors.go:269.3,273.25 4 1
goldbox-rpg/pkg/game/ai_behaviors.go:278.87,279.51 1 0
goldbox-rpg/pkg/game/ai_behaviors.go:279.51,280.24 1 0
goldbox-rpg/pkg/game/ai_behaviors.go:280.24,282.4 1 0
goldbox-rpg/pkg/game/ai_behaviors.go:283.3,287.24 4 0
goldbox-rpg/pkg/game/ai_behaviors.go:292.81,293.51 1 1
goldbox-rpg/pkg/game/ai_behaviors.go:293.51,295.37 2 1
goldbox-rpg/pkg/game/ai_behaviors.go:295.37,296.21 1 1
goldbox-rpg/pkg/game/ai_behaviors.go:296.21,297.13 1 1
goldbox-rpg/pkg/game/ai_behaviors.go:299.4,301.22 2 1
goldbox-rpg/pkg/game/ai_behaviors.go:301.22,303.5 1 1
goldbox-rpg/pkg/game/ai_behaviors.go:305.3,305.15 1 1
goldbox-rpg/pkg/game/ai_behaviors.go:310.94,311.51 1 0
goldbox-rpg/pkg/game/ai_behaviors.go:311.51,314.35 3 0
goldbox-rpg/pkg/game/ai_behaviors.go:314.35,317.22 2 0
goldbox-rpg/pkg/game/ai_behaviors.go:317.22,319.5 1 0
goldbox-rpg/pkg/game/ai_behaviors.go:321.3,321.27 1 0
goldbox-rpg/pkg/game/ai_behaviors.go:326.60,327.51 1 1
goldbox-rpg/pkg/game/ai_behaviors.go:327.51,329.3 1 0
goldbox-rpg/pkg/game/ai_behaviors.go:333.64,334.51 1 1
goldbox-rpg/pkg/game/ai_behaviors.go:334.51,336.3 1 1
goldbox-rpg/pkg/game/ai_behaviors.go:342.73,343.61 1 1
goldbox-rpg/pkg/game/ai_behaviors.go:343.61,344.49 1 0
goldbox-rpg/pkg/game/ai_behaviors.go:344.49,346.4 1 0
goldbox-rpg/pkg/game/ai_behaviors.go:348.3,352.30 4 0
goldbox-rpg/pkg/game/ai_behaviors.go:352.30,354.4 1 0
goldbox-rpg/pkg/game/ai_behaviors.go:357.3,365.23 3 0
goldbox-rpg/pkg/game/ai_behaviors.go:370.75,371.61 1 0
goldbox-rpg/pkg/game/ai_behaviors.go:371.61,372.52 1 0
goldbox-rpg/pkg/game/ai_behaviors.go:372.52,374.4 1 0
goldbox-rpg/pkg/game/ai_behaviors.go:376.3,380.30 4 0
goldbox-rpg/pkg/game/ai_behaviors.go:380.30,382.4 1 0
goldbox-rpg/pkg/game/ai_behaviors.go:385.3,387.23 2 0
goldbox-rpg/pkg/game/ai_behaviors.go:392.73,393.61 1 1
goldbox-rpg/pkg/game/ai_behaviors.go:393.61,394.24 1 0
goldbox-rpg/pkg/game/ai_behaviors.go:394.24,396.4 1 0
goldbox-rpg/pkg/game/ai_behaviors.go:399.3,404.23 5 0
goldbox-rpg/pkg/game/ai_behaviors.go:404.23,407.4 1 0
goldbox-rpg/pkg/game/ai_behaviors.go:410.3,416.23 2 0
goldbox-rpg/pkg/game/ai_behaviors.go:421.65,422.61 1 1
goldbox-rpg/pkg/game/ai_behaviors.go:422.61,423.71 1 0
goldbox-rpg/pkg/game/ai_behaviors.go:423.71,425.4 1 0
goldbox-rpg/pkg/game/ai_behaviors.go:428.3,432.30 4 0
goldbox-rpg/pkg/game/ai_behaviors.go:432.30,434.4 1 0
goldbox-rpg/pkg/game/ai_behaviors.go:436.3,444.23 3 0
goldbox-rpg/pkg/game/ai_behaviors.go:449.87,451.61 2 1
goldbox-rpg/pkg/game/ai_behaviors.go:451.61,452.51 1 0
goldbox-rpg/pkg/game/ai_behaviors.go:452.51,454.4 1 0
goldbox-rpg/pkg/game/ai_behaviors.go:456.3,460.51 3 0
goldbox-rpg/pkg/game/ai_behaviors.go:460.51,463.4 2 0
goldbox-rpg/pkg/game/ai_behaviors.go:466.3,467.30 2 0
goldbox-rpg/pkg/game/ai_behaviors.go:467.30,469.4 1 0
goldbox-rpg/pkg/game/ai_behaviors.go:471.3,472.23 2 0
goldbox-rpg/pkg/game/ai_behaviors.go:477.65,478.61 1 1
goldbox-rpg/pkg/game/ai_behaviors.go:478.61,480.3 1 1
goldbox-rpg/pkg/game/ai_behaviors.go:484.79,485.61 1 1
goldbox-rpg/pkg/game/ai_behaviors.go:485.61,486.28 1 1
goldbox-rpg/pkg/game/ai_behaviors.go:486.28,489.4 2 1
goldbox-rpg/pkg/game/ai_behaviors.go:491.3,495.37 4 1
goldbox-rpg/pkg/game/ai_behaviors.go:495.37,496.21 1 1
goldbox-rpg/pkg/game/ai_behaviors.go:496.21,497.13 1 1
goldbox-rpg/pkg/game/ai_behaviors.go:499.4,501.22 2 1
goldbox-rpg/pkg/game/ai_behaviors.go:501.22,504.5 2 1
goldbox-rpg/pkg/game/ai_behaviors.go:507.3,507.21 1 1
goldbox-rpg/pkg/game/ai_behaviors.go:507.21,510.4 2 1
goldbox-rpg/pkg/game/ai_behaviors.go:512.3,513.23 2 1
goldbox-rpg/pkg/game/ai_behaviors.go:523.52,525.2 1 1
goldbox-rpg/pkg/game/ai_behaviors.go:528.100,531.2 2 1
goldbox-rpg/pkg/game/ai_behaviors.go:534.100,537.2 2 1
goldbox-rpg/pkg/game/ai_behaviors.go:540.52,542.2 1 1
goldbox-rpg/pkg/game/ai_behaviors.go:549.60,578.2 1 1
goldbox-rpg/pkg/game/ai_behaviors.go:582.55,602.2 1 1
goldbox-rpg/pkg/game/ai_behaviors.go:605.76,625.2 1 1
goldbox-rpg/pkg/game/ai_behaviors.go:629.56,646.2 1 1
goldbox-rpg/pkg/game/ai_combat.go:31.67,36.2 1 1
goldbox-rpg/pkg/game/ai_combat.go:40.91,44.23 3 1
goldbox-rpg/pkg/game/ai_combat.go:44.23,46.3 1 1
goldbox-rpg/pkg/game/ai_combat.go:48.2,49.32 2 1
goldbox-rpg/pkg/game/ai_combat.go:49.32,50.64 1 1
goldbox-rpg/pkg/game/ai_combat.go:50.64,52.4 1 1
goldbox-rpg/pkg/game/ai_combat.go:55.2,55.26 1 1
goldbox-rpg/pkg/game/ai_combat.go:55.26,57.3 1 0
goldbox-rpg/pkg/game/ai_combat.go:59.2,59.23 1 1
goldbox-rpg/pkg/game/ai_combat.go:60.24,61.43 1 1
goldbox-rpg/pkg/game/ai_combat.go:62.26,63.49 1 1
goldbox-rpg/pkg/game/ai_combat.go:64.24,65.49 1 1
goldbox-rpg/pkg/game/ai_combat.go:66.10,67.43 1 0
goldbox-rpg/pkg/game/ai_combat.go:73.103,78.36 3 1
goldbox-rpg/pkg/game/ai_combat.go:78.36,80.3 1 1
goldbox-rpg/pkg/game/ai_combat.go:82.2,83.19 2 1
goldbox-rpg/pkg/game/ai_combat.go:83.19,85.3 1 0
goldbox-rpg/pkg/game/ai_combat.go:88.2,91.19 2 1
goldbox-rpg/pkg/game/ai_combat.go:91.19,93.3 1 1
goldbox-rpg/pkg/game/ai_combat.go:96.2,96.78 1 1
goldbox-rpg/pkg/game/ai_combat.go:100.72,105.73 3 1
goldbox-rpg/pkg/game/ai_combat.go:105.73,107.3 1 1
goldbox-rpg/pkg/game/ai_combat.go:110.2,113.23 3 1
goldbox-rpg/pkg/game/ai_combat.go:114.24,115.25 1 1
goldbox-rpg/pkg/game/ai_combat.go:116.26,117.25 1 1
goldbox-rpg/pkg/game/ai_combat.go:118.24,119.25 1 1
goldbox-rpg/pkg/game/ai_combat.go:122.2,122.38 1 1
goldbox-rpg/pkg/game/ai_combat.go:122.38,124.3 1 1
goldbox-rpg/pkg/game/ai_combat.go:127.2,127.41 1 1
goldbox-rpg/pkg/game/ai_combat.go:127.41,129.34 2 1
goldbox-rpg/pkg/game/ai_combat.go:129.34,130.21 1 1
goldbox-rpg/pkg/game/ai_combat.go:130.21,132.5 1 1
goldbox-rpg/pkg/game/ai_combat.go:135.3,135.48 1 1
goldbox-rpg/pkg/game/ai_combat.go:135.48,137.4 1 1
goldbox-rpg/pkg/game/ai_combat.go:140.2,140.14 1 1
goldbox-rpg/pkg/game/ai_combat.go:158.76,159.26 1 1
goldbox-rpg/pkg/game/ai_combat.go:159.26,161.3 1 0
goldbox-rpg/pkg/game/ai_combat.go:162.2,162.47 1 1
goldbox-rpg/pkg/game/ai_combat.go:166.87,167.26 1 1
goldbox-rpg/pkg/game/ai_combat.go:167.26,169.3 1 0
goldbox-rpg/pkg/game/ai_combat.go:171.2,174.43 3 1
goldbox-rpg/pkg/game/ai_combat.go:174.43,176.29 2 1
goldbox-rpg/pkg/game/ai_combat.go:176.29,179.4 2 1
goldbox-rpg/pkg/game/ai_combat.go:182.2,182.16 1 1
goldbox-rpg/pkg/game/ai_combat.go:187.87,188.26 1 1
goldbox-rpg/pkg/game/ai_combat.go:188.26,190.3 1 0
goldbox-rpg/pkg/game/ai_combat.go:192.2,199.39 3 1
goldbox-rpg/pkg/game/ai_combat.go:199.39,202.3 2 1
goldbox-rpg/pkg/game/ai_combat.go:205.2,206.32 2 1
goldbox-rpg/pkg/game/ai_combat.go:206.32,207.28 1 1
goldbox-rpg/pkg/game/ai_combat.go:207.28,209.4 1 1
goldbox-rpg/pkg/game/ai_combat.go:212.2,212.23 1 1
goldbox-rpg/pkg/game/ai_combat.go:216.79,221.25 3 1
goldbox-rpg/pkg/game/ai_combat.go:221.25,223.3 1 1
goldbox-rpg/pkg/game/ai_combat.go:223.8,223.32 1 1
goldbox-rpg/pkg/game/ai_combat.go:223.32,225.3 1 0
goldbox-rpg/pkg/game/ai_combat.go:228.2,235.14 5 1
goldbox-rpg/pkg/game/ai_combat.go:239.56,241.2 1 1
goldbox-rpg/pkg/game/ai_combat.go:244.62,246.2 1 1
goldbox-rpg/pkg/game/ai_combat.go:249.80,251.30 2 1
goldbox-rpg/pkg/game/ai_combat.go:251.30,253.3 1 0
goldbox-rpg/pkg/game/ai_combat.go:256.2,256.19 1 1
goldbox-rpg/pkg/game/ai_combat.go:256.19,258.3 1 1
goldbox-rpg/pkg/game/ai_combat.go:260.2,260.16 1 0
goldbox-rpg/pkg/game/ai_combat.go:264.96,269.33 3 1
goldbox-rpg/pkg/game/ai_combat.go:269.33,270.20 1 1
goldbox-rpg/pkg/game/ai_combat.go:270.20,274.4 3 1
goldbox-rpg/pkg/game/ai_combat.go:277.2,277.24 1 1
goldbox-rpg/pkg/game/ai_combat.go:277.24,279.3 1 0
goldbox-rpg/pkg/game/ai_combat.go:281.2,290.16 6 1
goldbox-rpg/pkg/game/ai_combat.go:290.16,293.3 2 1
goldbox-rpg/pkg/game/ai_combat.go:295.2,302.58 2 1
goldbox-rpg/pkg/game/ai_combat.go:302.58,304.3 1 1
goldbox-rpg/pkg/game/ai_combat.go:307.2,321.33 4 0
goldbox-rpg/pkg/game/ai_combat.go:321.33,322.45 1 0
goldbox-rpg/pkg/game/ai_combat.go:322.45,324.26 2 0
goldbox-rpg/pkg/game/ai_combat.go:324.26,327.5 2 0
goldbox-rpg/pkg/game/ai_combat.go:331.2,331.16 1 0
goldbox-rpg/pkg/game/ai_combat.go:335.71,339.2 3 0
goldbox-rpg/pkg/game/character.go:11.13,14.2 1 1
goldbox-rpg/pkg/game/character.go:93.40,131.38 5 1
goldbox-rpg/pkg/game/character.go:131.38,133.3 1 1
goldbox-rpg/pkg/game/character.go:136.2,151.14 5 1
goldbox-rpg/pkg/game/character.go:162.37,182.2 6 1
goldbox-rpg/pkg/game/character.go:192.39,210.2 4 1
goldbox-rpg/pkg/game/character.go:225.43,240.14 6 1
goldbox-rpg/pkg/game/character.go:240.14,242.3 1 1
goldbox-rpg/pkg/game/character.go:244.2,244.20 1 1
goldbox-rpg/pkg/game/character.go:244.20,246.3 1 1
goldbox-rpg/pkg/game/character.go:248.2,255.31 1 1
goldbox-rpg/pkg/game/character.go:263.43,283.2 6 1
goldbox-rpg/pkg/game/character.go:290.55,304.24 6 1
goldbox-rpg/pkg/game/character.go:304.24,313.3 2 0
goldbox-rpg/pkg/game/character.go:315.2,315.40 1 1
goldbox-rpg/pkg/game/character.go:315.40,325.3 2 0
goldbox-rpg/pkg/game/character.go:327.2,334.37 1 1
goldbox-rpg/pkg/game/character.go:342.46,362.2 6 1
goldbox-rpg/pkg/game/character.go:372.56,384.27 5 1
goldbox-rpg/pkg/game/character.go:384.27,393.3 2 1
goldbox-rpg/pkg/game/character.go:395.2,406.13 3 1
goldbox-rpg/pkg/game/character.go:412.43,432.2 6 1
goldbox-rpg/pkg/game/character.go:440.36,459.2 6 1
goldbox-rpg/pkg/game/character.go:470.38,490.2 6 1
goldbox-rpg/pkg/game/character.go:500.45,520.2 6 1
goldbox-rpg/pkg/game/character.go:527.44,547.2 6 1
goldbox-rpg/pkg/game/character.go:556.53,570.41 5 1
goldbox-rpg/pkg/game/character.go:570.41,579.3 2 1
goldbox-rpg/pkg/game/character.go:581.2,591.12 3 1
goldbox-rpg/pkg/game/character.go:602.92,618.52 5 1
goldbox-rpg/pkg/game/character.go:618.52,630.3 2 0
goldbox-rpg/pkg/game/character.go:632.2,642.12 3 1
goldbox-rpg/pkg/game/character.go:652.37,672.2 6 1
goldbox-rpg/pkg/game/character.go:686.44,707.2 6 1
goldbox-rpg/pkg/game/character.go:723.40,727.2 3 1
goldbox-rpg/pkg/game/character.go:741.46,745.2 3 1
goldbox-rpg/pkg/game/character.go:759.49,763.2 3 1
goldbox-rpg/pkg/game/character.go:780.57,785.19 3 1
goldbox-rpg/pkg/game/character.go:785.19,787.3 1 1
goldbox-rpg/pkg/game/character.go:790.2,793.43 3 1
goldbox-rpg/pkg/game/character.go:793.43,798.3 4 1
goldbox-rpg/pkg/game/character.go:801.2,802.12 2 1
goldbox-rpg/pkg/game/character.go:815.75,819.35 3 1
goldbox-rpg/pkg/game/character.go:819.35,820.24 1 1
goldbox-rpg/pkg/game/character.go:820.24,825.4 3 1
goldbox-rpg/pkg/game/character.go:828.2,828.66 1 1
goldbox-rpg/pkg/game/character.go:841.69,845.35 3 1
goldbox-rpg/pkg/game/character.go:845.35,846.24 1 1
goldbox-rpg/pkg/game/character.go:846.24,848.4 1 1
goldbox-rpg/pkg/game/character.go:850.2,850.16 1 1
goldbox-rpg/pkg/game/character.go:859.43,866.2 5 1
goldbox-rpg/pkg/game/character.go:874.46,879.2 3 1
goldbox-rpg/pkg/game/character.go:882.48,886.35 2 1
goldbox-rpg/pkg/game/character.go:886.35,888.3 1 1
goldbox-rpg/pkg/game/character.go:891.2,891.35 1 1
goldbox-rpg/pkg/game/character.go:891.35,893.3 1 1
goldbox-rpg/pkg/game/character.go:895.2,895.20 1 1
goldbox-rpg/pkg/game/character.go:899.56,904.2 3 1
goldbox-rpg/pkg/game/character.go:915.49,919.35 3 1
goldbox-rpg/pkg/game/character.go:919.35,920.24 1 1
goldbox-rpg/pkg/game/character.go:920.24,922.4 1 1
goldbox-rpg/pkg/game/character.go:924.2,924.14 1 1
goldbox-rpg/pkg/game/character.go:936.53,941.35 4 1
goldbox-rpg/pkg/game/character.go:941.35,942.28 1 1
goldbox-rpg/pkg/game/character.go:942.28,944.4 1 1
goldbox-rpg/pkg/game/character.go:946.2,946.14 1 1
goldbox-rpg/pkg/game/character.go:959.85,961.31 1 1
goldbox-rpg/pkg/game/character.go:961.31,966.3 4 1
goldbox-rpg/pkg/game/character.go:966.8,971.3 4 0
goldbox-rpg/pkg/game/character.go:974.2,976.35 3 1
goldbox-rpg/pkg/game/character.go:976.35,977.24 1 1
goldbox-rpg/pkg/game/character.go:977.24,980.9 3 1
goldbox-rpg/pkg/game/character.go:984.2,984.21 1 1
goldbox-rpg/pkg/game/character.go:984.21,986.3 1 1
goldbox-rpg/pkg/game/character.go:989.2,992.63 3 1
goldbox-rpg/pkg/game/character.go:992.63,994.3 1 0
goldbox-rpg/pkg/game/character.go:997.2,1002.12 3 1
goldbox-rpg/pkg/game/character.go:1007.43,1008.28 1 1
goldbox-rpg/pkg/game/character.go:1008.28,1011.3 2 1
goldbox-rpg/pkg/game/character.go:1015.38,1028.2 1 1
goldbox-rpg/pkg/game/character.go:1031.55,1033.28 2 1
goldbox-rpg/pkg/game/character.go:1033.28,1036.3 2 1
goldbox-rpg/pkg/game/character.go:1037.2,1042.24 5 1
goldbox-rpg/pkg/game/character.go:1048.53,1053.2 4 1
goldbox-rpg/pkg/game/character.go:1056.57,1061.2 4 1
goldbox-rpg/pkg/game/character.go:1064.59,1067.28 3 1
goldbox-rpg/pkg/game/character.go:1067.28,1069.3 1 1
goldbox-rpg/pkg/game/character.go:1070.2,1070.46 1 1
goldbox-rpg/pkg/game/character.go:1074.44,1077.28 3 1
goldbox-rpg/pkg/game/character.go:1077.28,1079.3 1 1
goldbox-rpg/pkg/game/character.go:1080.2,1080.37 1 1
goldbox-rpg/pkg/game/character.go:1084.76,1086.28 2 1
goldbox-rpg/pkg/game/character.go:1086.28,1089.3 2 1
goldbox-rpg/pkg/game/character.go:1090.2,1095.17 5 1
goldbox-rpg/pkg/game/character.go:1099.39,1100.51 1 1
goldbox-rpg/pkg/game/character.go:1100.51,1102.3 1 1
goldbox-rpg/pkg/game/character.go:1106.44,1111.2 4 1
goldbox-rpg/pkg/game/character.go:1114.43,1115.51 1 1
goldbox-rpg/pkg/game/character.go:1115.51,1117.3 1 1
goldbox-rpg/pkg/game/character.go:1128.36,1132.2 3 1
goldbox-rpg/pkg/game/character.go:1140.43,1144.2 3 1
goldbox-rpg/pkg/game/character.go:1156.59,1157.12 1 1
goldbox-rpg/pkg/game/character.go:1157.12,1159.3 1 1
goldbox-rpg/pkg/game/character.go:1161.2,1169.25 6 1
goldbox-rpg/pkg/game/character.go:1169.25,1172.32 2 1
goldbox-rpg/pkg/game/character.go:1172.32,1174.4 1 1
goldbox-rpg/pkg/game/character.go:1175.3,1175.19 1 1
goldbox-rpg/pkg/game/character.go:1178.2,1178.19 1 1
goldbox-rpg/pkg/game/character.go:1190.47,1191.15 1 1
goldbox-rpg/pkg/game/character.go:1191.15,1193.3 1 1
goldbox-rpg/pkg/game/character.go:1195.2,1198.12 4 1
goldbox-rpg/pkg/game/character.go:1210.51,1211.12 1 1
goldbox-rpg/pkg/game/character.go:1211.12,1213.3 1 1
goldbox-rpg/pkg/game/character.go:1215.2,1218.12 4 1
goldbox-rpg/pkg/game/character.go:1227.54,1232.23 4 1
goldbox-rpg/pkg/game/character.go:1232.23,1234.3 1 0
goldbox-rpg/pkg/game/character.go:1236.2,1237.19 2 1
goldbox-rpg/pkg/game/character.go:1237.19,1239.3 1 0
goldbox-rpg/pkg/game/character.go:1240.2,1240.18 1 1
goldbox-rpg/pkg/game/character.go:1245.56,1247.6 2 1
goldbox-rpg/pkg/game/character.go:1247.6,1249.52 2 1
goldbox-rpg/pkg/game/character.go:1249.52,1250.9 1 1
goldbox-rpg/pkg/game/character.go:1252.3,1252.10 1 1
goldbox-rpg/pkg/game/character.go:1254.2,1254.14 1 1
goldbox-rpg/pkg/game/character.go:1259.68,1260.16 1 1
goldbox-rpg/pkg/game/character.go:1260.16,1262.3 1 1
goldbox-rpg/pkg/game/character.go:1263.2,1263.16 1 1
goldbox-rpg/pkg/game/character.go:1263.16,1265.3 1 1
goldbox-rpg/pkg/game/character.go:1269.2,1269.15 1 1
goldbox-rpg/pkg/game/character.go:1270.9,1271.14 1 1
goldbox-rpg/pkg/game/character.go:1272.9,1273.14 1 1
goldbox-rpg/pkg/game/character.go:1274.9,1275.14 1 1
goldbox-rpg/pkg/game/character.go:1276.9,1277.14 1 1
goldbox-rpg/pkg/game/character.go:1278.9,1279.15 1 1
goldbox-rpg/pkg/game/character.go:1280.9,1281.15 1 0
goldbox-rpg/pkg/game/character.go:1282.9,1283.15 1 0
goldbox-rpg/pkg/game/character.go:1284.9,1285.16 1 0
goldbox-rpg/pkg/game/character.go:1286.10,1287.16 1 1
goldbox-rpg/pkg/game/character.go:1288.10,1291.31 2 0
goldbox-rpg/pkg/game/character.go:1291.31,1293.4 1 0
goldbox-rpg/pkg/game/character.go:1294.3,1294.16 1 0
goldbox-rpg/pkg/game/character_creation.go:91.46,93.2 1 1
goldbox-rpg/pkg/game/character_creation.go:108.64,122.2 4 1
goldbox-rpg/pkg/game/character_creation.go:135.101,138.66 2 1
goldbox-rpg/pkg/game/character_creation.go:138.66,140.3 1 1
goldbox-rpg/pkg/game/character_creation.go:142.2,143.16 2 1
goldbox-rpg/pkg/game/character_creation.go:143.16,145.3 1 1
goldbox-rpg/pkg/game/character_creation.go:147.2,154.15 6 1
goldbox-rpg/pkg/game/character_creation.go:158.80,167.2 1 1
goldbox-rpg/pkg/game/character_creation.go:170.122,171.50 1 1
goldbox-rpg/pkg/game/character_creation.go:171.50,174.3 2 1
goldbox-rpg/pkg/game/character_creation.go:175.2,175.12 1 1
goldbox-rpg/pkg/game/character_creation.go:179.145,181.16 2 1
goldbox-rpg/pkg/game/character_creation.go:181.16,184.3 2 0
goldbox-rpg/pkg/game/character_creation.go:186.2,186.79 1 1
goldbox-rpg/pkg/game/character_creation.go:186.79,189.3 2 1
goldbox-rpg/pkg/game/character_creation.go:191.2,191.24 1 1
goldbox-rpg/pkg/game/character_creation.go:195.118,215.2 1 1
goldbox-rpg/pkg/game/character_creation.go:218.139,219.30 1 1
goldbox-rpg/pkg/game/character_creation.go:219.30,223.3 3 1
goldbox-rpg/pkg/game/character_creation.go:227.76,235.2 1 1
goldbox-rpg/pkg/game/character_creation.go:238.150,243.2 4 1
goldbox-rpg/pkg/game/character_creation.go:260.104,263.32 2 1
goldbox-rpg/pkg/game/character_creation.go:264.14,270.46 6 1
goldbox-rpg/pkg/game/character_creation.go:272.18,273.53 1 1
goldbox-rpg/pkg/game/character_creation.go:275.18,276.58 1 1
goldbox-rpg/pkg/game/character_creation.go:278.16,279.37 1 1
goldbox-rpg/pkg/game/character_creation.go:279.37,281.4 1 0
goldbox-rpg/pkg/game/character_creation.go:282.3,282.51 1 1
goldbox-rpg/pkg/game/character_creation.go:282.51,283.31 1 1
goldbox-rpg/pkg/game/character_creation.go:283.31,285.5 1 0
goldbox-rpg/pkg/game/character_creation.go:286.4,286.27 1 1
goldbox-rpg/pkg/game/character_creation.go:289.10,290.81 1 0
goldbox-rpg/pkg/game/character_creation.go:293.2,293.24 1 1
goldbox-rpg/pkg/game/character_creation.go:301.49,303.25 2 1
goldbox-rpg/pkg/game/character_creation.go:303.25,305.3 1 1
goldbox-rpg/pkg/game/character_creation.go:308.2,310.25 3 1
goldbox-rpg/pkg/game/character_creation.go:310.25,311.26 1 1
goldbox-rpg/pkg/game/character_creation.go:311.26,314.4 2 1
goldbox-rpg/pkg/game/character_creation.go:317.2,318.25 2 1
goldbox-rpg/pkg/game/character_creation.go:318.25,319.20 1 1
goldbox-rpg/pkg/game/character_creation.go:319.20,321.4 1 1
goldbox-rpg/pkg/game/character_creation.go:324.2,324.14 1 1
goldbox-rpg/pkg/game/character_creation.go:336.102,350.13 4 1
goldbox-rpg/pkg/game/character_creation.go:350.13,352.3 1 0
goldbox-rpg/pkg/game/character_creation.go:355.2,365.47 2 1
goldbox-rpg/pkg/game/character_creation.go:365.47,366.54 1 1
goldbox-rpg/pkg/game/character_creation.go:366.54,367.63 1 1
goldbox-rpg/pkg/game/character_creation.go:367.63,369.35 2 1
goldbox-rpg/pkg/game/character_creation.go:369.35,371.6 1 1
goldbox-rpg/pkg/game/character_creation.go:372.5,372.37 1 1
goldbox-rpg/pkg/game/character_creation.go:372.37,375.6 2 1
goldbox-rpg/pkg/game/character_creation.go:375.11,377.6 1 0
goldbox-rpg/pkg/game/character_creation.go:383.2,384.53 2 1
goldbox-rpg/pkg/game/character_creation.go:384.53,388.32 3 1
goldbox-rpg/pkg/game/character_creation.go:388.32,390.34 2 1
goldbox-rpg/pkg/game/character_creation.go:390.34,392.5 1 1
goldbox-rpg/pkg/game/character_creation.go:394.4,394.36 1 1
goldbox-rpg/pkg/game/character_creation.go:394.36,397.5 2 1
goldbox-rpg/pkg/game/character_creation.go:397.10,400.5 1 1
goldbox-rpg/pkg/game/character_creation.go:401.9,404.4 1 1
goldbox-rpg/pkg/game/character_creation.go:407.2,407.24 1 1
goldbox-rpg/pkg/game/character_creation.go:423.107,432.45 4 1
goldbox-rpg/pkg/game/character_creation.go:432.45,434.3 1 1
goldbox-rpg/pkg/game/character_creation.go:436.2,436.24 1 1
goldbox-rpg/pkg/game/character_creation.go:442.86,444.15 1 1
goldbox-rpg/pkg/game/character_creation.go:445.20,447.97 1 1
goldbox-rpg/pkg/game/character_creation.go:448.17,450.97 1 0
goldbox-rpg/pkg/game/character_creation.go:451.19,453.97 1 0
goldbox-rpg/pkg/game/character_creation.go:454.18,456.97 1 1
goldbox-rpg/pkg/game/character_creation.go:457.19,459.97 1 0
goldbox-rpg/pkg/game/character_creation.go:460.20,462.97 1 0
goldbox-rpg/pkg/game/character_creation.go:463.10,465.97 1 0
goldbox-rpg/pkg/game/character_creation.go:476.82,477.23 1 1
goldbox-rpg/pkg/game/character_creation.go:477.23,479.3 1 1
goldbox-rpg/pkg/game/character_creation.go:481.2,481.27 1 1
goldbox-rpg/pkg/game/character_creation.go:481.27,483.3 1 1
goldbox-rpg/pkg/game/character_creation.go:485.2,492.43 2 1
goldbox-rpg/pkg/game/character_creation.go:492.43,494.3 1 1
goldbox-rpg/pkg/game/character_creation.go:496.2,496.12 1 1
goldbox-rpg/pkg/game/character_creation.go:507.110,509.13 2 1
goldbox-rpg/pkg/game/character_creation.go:509.13,511.3 1 0
goldbox-rpg/pkg/game/character_creation.go:513.2,513.62 1 1
goldbox-rpg/pkg/game/character_creation.go:513.62,516.3 1 1
goldbox-rpg/pkg/game/character_creation.go:518.2,518.63 1 1
goldbox-rpg/pkg/game/character_creation.go:518.63,521.3 1 1
goldbox-rpg/pkg/game/character_creation.go:523.2,523.66 1 1
goldbox-rpg/pkg/game/character_creation.go:523.66,526.3 1 0
goldbox-rpg/pkg/game/character_creation.go:528.2,528.66 1 1
goldbox-rpg/pkg/game/character_creation.go:528.66,531.3 1 0
goldbox-rpg/pkg/game/character_creation.go:533.2,533.60 1 1
goldbox-rpg/pkg/game/character_creation.go:533.60,536.3 1 0
goldbox-rpg/pkg/game/character_creation.go:538.2,538.62 1 1
goldbox-rpg/pkg/game/character_creation.go:538.62,541.3 1 0
goldbox-rpg/pkg/game/character_creation.go:543.2,543.12 1 1
goldbox-rpg/pkg/game/character_creation.go:551.95,576.2 9 1
goldbox-rpg/pkg/game/character_creation.go:585.79,588.15 2 1
goldbox-rpg/pkg/game/character_creation.go:589.20,591.66 2 1
goldbox-rpg/pkg/game/character_creation.go:592.17,594.8 1 1
goldbox-rpg/pkg/game/character_creation.go:595.19,596.66 1 0
goldbox-rpg/pkg/game/character_creation.go:597.18,598.70 1 1
goldbox-rpg/pkg/game/character_creation.go:599.19,601.66 2 0
goldbox-rpg/pkg/game/character_creation.go:602.20,604.66 2 0
goldbox-rpg/pkg/game/character_creation.go:607.2,607.18 1 1
goldbox-rpg/pkg/game/character_creation.go:611.61,614.2 2 1
goldbox-rpg/pkg/game/character_creation.go:617.91,626.2 1 1
goldbox-rpg/pkg/game/character_creation.go:629.98,630.49 1 1
goldbox-rpg/pkg/game/character_creation.go:630.49,632.3 1 1
goldbox-rpg/pkg/game/character_creation.go:636.71,645.2 1 1
goldbox-rpg/pkg/game/character_creation.go:648.68,657.2 1 1
goldbox-rpg/pkg/game/character_creation.go:660.70,669.2 1 1
goldbox-rpg/pkg/game/character_creation.go:672.69,681.2 1 1
goldbox-rpg/pkg/game/character_creation.go:684.70,693.2 1 1
goldbox-rpg/pkg/game/character_creation.go:696.71,705.2 1 1
goldbox-rpg/pkg/game/character_creation.go:708.112,718.2 1 1
goldbox-rpg/pkg/game/character_creation.go:728.3,744.2 1 1
goldbox-rpg/pkg/game/character_creation.go:767.54,786.2 2 1
goldbox-rpg/pkg/game/character_equipment.go:20.72,25.16 4 1
goldbox-rpg/pkg/game/character_equipment.go:25.16,27.3 1 1
goldbox-rpg/pkg/game/character_equipment.go:29.2,29.71 1 1
goldbox-rpg/pkg/game/character_equipment.go:29.71,31.3 1 1
goldbox-rpg/pkg/game/character_equipment.go:33.2,33.51 1 1
goldbox-rpg/pkg/game/character_equipment.go:33.51,35.3 1 0
goldbox-rpg/pkg/game/character_equipment.go:37.2,40.12 3 1
goldbox-rpg/pkg/game/character_equipment.go:45.75,46.35 1 1
goldbox-rpg/pkg/game/character_equipment.go:46.35,47.24 1 1
goldbox-rpg/pkg/game/character_equipment.go:47.24,49.4 1 1
goldbox-rpg/pkg/game/character_equipment.go:51.2,51.71 1 1
goldbox-rpg/pkg/game/character_equipment.go:56.84,57.39 1 1
goldbox-rpg/pkg/game/character_equipment.go:57.39,59.3 1 1
goldbox-rpg/pkg/game/character_equipment.go:60.2,60.12 1 1
goldbox-rpg/pkg/game/character_equipment.go:65.66,66.55 1 1
goldbox-rpg/pkg/game/character_equipment.go:66.55,67.56 1 0
goldbox-rpg/pkg/game/character_equipment.go:67.56,69.4 1 0
goldbox-rpg/pkg/game/character_equipment.go:71.2,71.12 1 1
goldbox-rpg/pkg/game/character_equipment.go:75.68,77.2 1 1
goldbox-rpg/pkg/game/character_equipment.go:80.63,82.2 1 1
goldbox-rpg/pkg/game/character_equipment.go:94.68,99.2 3 1
goldbox-rpg/pkg/game/character_equipment.go:102.76,105.13 2 1
goldbox-rpg/pkg/game/character_equipment.go:105.13,107.3 1 1
goldbox-rpg/pkg/game/character_equipment.go:110.2,115.27 3 1
goldbox-rpg/pkg/game/character_equipment.go:130.83,137.35 5 1
goldbox-rpg/pkg/game/character_equipment.go:137.35,138.24 1 1
goldbox-rpg/pkg/game/character_equipment.go:138.24,141.9 3 1
goldbox-rpg/pkg/game/character_equipment.go:145.2,145.12 1 1
goldbox-rpg/pkg/game/character_equipment.go:145.12,147.3 1 1
goldbox-rpg/pkg/game/character_equipment.go:149.2,149.53 1 1
goldbox-rpg/pkg/game/character_equipment.go:153.76,154.43 1 1
goldbox-rpg/pkg/game/character_equipment.go:154.43,156.3 1 1
goldbox-rpg/pkg/game/character_equipment.go:158.2,160.26 2 1
goldbox-rpg/pkg/game/character_equipment.go:160.26,162.3 1 1
goldbox-rpg/pkg/game/character_equipment.go:164.2,164.25 1 1
goldbox-rpg/pkg/game/character_equipment.go:164.25,166.3 1 1
goldbox-rpg/pkg/game/character_equipment.go:168.2,168.13 1 0
goldbox-rpg/pkg/game/character_equipment.go:173.80,177.13 3 1
goldbox-rpg/pkg/game/character_equipment.go:177.13,179.3 1 0
goldbox-rpg/pkg/game/character_equipment.go:181.2,181.39 1 1
goldbox-rpg/pkg/game/character_equipment.go:181.39,182.29 1 1
goldbox-rpg/pkg/game/character_equipment.go:182.29,184.4 1 1
goldbox-rpg/pkg/game/character_equipment.go:186.2,186.14 1 1
goldbox-rpg/pkg/game/character_equipment.go:191.68,203.2 1 1
goldbox-rpg/pkg/game/character_equipment.go:207.59,209.2 1 1
goldbox-rpg/pkg/game/character_equipment.go:213.58,215.2 1 1
goldbox-rpg/pkg/game/character_equipment.go:219.112,221.52 1 1
goldbox-rpg/pkg/game/character_equipment.go:221.52,223.3 1 1
goldbox-rpg/pkg/game/character_equipment.go:226.2,226.65 1 1
goldbox-rpg/pkg/game/character_equipment.go:226.65,228.3 1 0
goldbox-rpg/pkg/game/character_equipment.go:231.2,231.58 1 1
goldbox-rpg/pkg/game/character_equipment.go:231.58,232.33 1 1
goldbox-rpg/pkg/game/character_equipment.go:232.33,234.4 1 1
goldbox-rpg/pkg/game/character_equipment.go:237.2,237.14 1 1
goldbox-rpg/pkg/game/character_equipment.go:242.91,243.26 1 1
goldbox-rpg/pkg/game/character_equipment.go:243.26,245.3 1 0
goldbox-rpg/pkg/game/character_equipment.go:247.2,249.56 2 1
goldbox-rpg/pkg/game/character_equipment.go:249.56,250.32 1 1
goldbox-rpg/pkg/game/character_equipment.go:250.32,252.4 1 1
goldbox-rpg/pkg/game/character_equipment.go:254.2,254.14 1 1
goldbox-rpg/pkg/game/character_equipment.go:259.49,261.2 1 1
goldbox-rpg/pkg/game/character_equipment.go:273.71,277.47 3 1
goldbox-rpg/pkg/game/character_equipment.go:277.47,279.3 1 1
goldbox-rpg/pkg/game/character_equipment.go:280.2,280.19 1 1
goldbox-rpg/pkg/game/character_equipment.go:289.66,294.38 4 1
goldbox-rpg/pkg/game/character_equipment.go:294.38,296.3 1 1
goldbox-rpg/pkg/game/character_equipment.go:297.2,297.22 1 1
goldbox-rpg/pkg/game/character_equipment.go:304.57,309.2 1 1
goldbox-rpg/pkg/game/character_equipment.go:318.64,324.35 4 1
goldbox-rpg/pkg/game/character_equipment.go:324.35,327.3 2 1
goldbox-rpg/pkg/game/character_equipment.go:329.2,329.16 1 1
goldbox-rpg/pkg/game/character_equipment.go:333.77,334.43 1 1
goldbox-rpg/pkg/game/character_equipment.go:334.43,335.24 1 1
goldbox-rpg/pkg/game/character_equipment.go:335.24,337.24 2 1
goldbox-rpg/pkg/game/character_equipment.go:337.24,339.5 1 1
goldbox-rpg/pkg/game/character_equipment.go:345.77,346.41 1 1
goldbox-rpg/pkg/game/character_equipment.go:346.41,348.3 1 1
goldbox-rpg/pkg/game/character_equipment.go:353.61,355.42 2 1
goldbox-rpg/pkg/game/character_equipment.go:355.42,356.47 1 1
goldbox-rpg/pkg/game/character_equipment.go:356.47,358.9 2 1
goldbox-rpg/pkg/game/character_equipment.go:361.2,361.46 1 1
goldbox-rpg/pkg/game/character_equipment.go:361.46,364.31 3 1
goldbox-rpg/pkg/game/character_equipment.go:364.31,366.4 1 1
goldbox-rpg/pkg/game/character_equipment.go:367.3,369.17 3 1
goldbox-rpg/pkg/game/character_equipment.go:369.17,371.4 1 1
goldbox-rpg/pkg/game/character_equipment.go:373.2,373.21 1 1
goldbox-rpg/pkg/game/character_equipment.go:377.43,379.43 1 1
goldbox-rpg/pkg/game/character_equipment.go:379.43,380.19 1 1
goldbox-rpg/pkg/game/character_equipment.go:381.31,382.18 1 1
goldbox-rpg/pkg/game/character_equipment.go:383.33,384.19 1 0
goldbox-rpg/pkg/game/character_equipment.go:385.31,386.18 1 1
goldbox-rpg/pkg/game/character_equipment.go:391.2,392.9 2 1
goldbox-rpg/pkg/game/character_equipment.go:393.122,394.17 1 1
goldbox-rpg/pkg/game/character_equipment.go:395.123,396.18 1 1
goldbox-rpg/pkg/game/character_equipment.go:397.120,398.17 1 1
goldbox-rpg/pkg/game/character_equipment.go:399.10,401.17 1 1
goldbox-rpg/pkg/game/classes.go:32.42,43.42 2 1
goldbox-rpg/pkg/game/classes.go:43.42,45.3 1 1
goldbox-rpg/pkg/game/classes.go:47.2,47.23 1 1
goldbox-rpg/pkg/game/classes.go:120.69,167.13 3 1
goldbox-rpg/pkg/game/classes.go:167.13,170.3 1 0
goldbox-rpg/pkg/game/classes.go:172.2,172.22 1 1
goldbox-rpg/pkg/game/combat_modifiers.go:26.38,27.15 1 1
goldbox-rpg/pkg/game/combat_modifiers.go:28.17,29.11 1 1
goldbox-rpg/pkg/game/combat_modifiers.go:30.26,31.11 1 1
goldbox-rpg/pkg/game/combat_modifiers.go:32.17,33.12 1 1
goldbox-rpg/pkg/game/combat_modifiers.go:34.10,35.11 1 1
goldbox-rpg/pkg/game/combat_modifiers.go:47.56,49.2 1 1
goldbox-rpg/pkg/game/combat_modifiers.go:60.82,64.21 3 1
goldbox-rpg/pkg/game/combat_modifiers.go:64.21,66.3 1 1
goldbox-rpg/pkg/game/combat_modifiers.go:68.2,77.9 3 1
goldbox-rpg/pkg/game/combat_modifiers.go:78.26,79.19 1 0
goldbox-rpg/pkg/game/combat_modifiers.go:80.26,81.28 1 0
goldbox-rpg/pkg/game/combat_modifiers.go:82.26,83.19 1 0
goldbox-rpg/pkg/game/combat_modifiers.go:84.10,85.19 1 1
goldbox-rpg/pkg/game/combat_modifiers.go:90.72,94.27 3 1
goldbox-rpg/pkg/game/combat_modifiers.go:94.27,96.71 1 1
goldbox-rpg/pkg/game/combat_modifiers.go:96.71,97.12 1 1
goldbox-rpg/pkg/game/combat_modifiers.go:100.3,101.18 2 0
goldbox-rpg/pkg/game/combat_modifiers.go:101.18,102.12 1 0
goldbox-rpg/pkg/game/combat_modifiers.go:106.3,106.46 1 0
goldbox-rpg/pkg/game/combat_modifiers.go:106.46,108.4 1 0
goldbox-rpg/pkg/game/combat_modifiers.go:111.2,111.18 1 1
goldbox-rpg/pkg/game/combat_modifiers.go:115.61,116.21 1 0
goldbox-rpg/pkg/game/combat_modifiers.go:116.21,118.3 1 0
goldbox-rpg/pkg/game/combat_modifiers.go:120.2,124.48 3 0
goldbox-rpg/pkg/game/combat_modifiers.go:124.48,126.3 1 0
goldbox-rpg/pkg/game/combat_modifiers.go:128.2,129.57 2 0
goldbox-rpg/pkg/game/combat_modifiers.go:129.57,131.3 1 0
goldbox-rpg/pkg/game/combat_modifiers.go:133.2,133.51 1 0
goldbox-rpg/pkg/game/combat_modifiers.go:133.51,135.3 1 0
goldbox-rpg/pkg/game/combat_modifiers.go:137.2,137.25 1 0
goldbox-rpg/pkg/game/combat_modifiers.go:141.72,148.19 5 1
goldbox-rpg/pkg/game/combat_modifiers.go:148.19,150.3 1 0
goldbox-rpg/pkg/game/combat_modifiers.go:152.2,153.19 2 1
goldbox-rpg/pkg/game/combat_modifiers.go:153.19,155.3 1 0
goldbox-rpg/pkg/game/combat_modifiers.go:157.2,160.6 3 1
goldbox-rpg/pkg/game/combat_modifiers.go:160.6,163.29 2 1
goldbox-rpg/pkg/game/combat_modifiers.go:163.29,164.9 1 1
goldbox-rpg/pkg/game/combat_modifiers.go:167.3,168.15 2 1
goldbox-rpg/pkg/game/combat_modifiers.go:168.15,171.4 2 1
goldbox-rpg/pkg/game/combat_modifiers.go:172.3,172.14 1 1
goldbox-rpg/pkg/game/combat_modifiers.go:172.14,175.4 2 0
goldbox-rpg/pkg/game/combat_modifiers.go:178.2,178.15 1 1
goldbox-rpg/pkg/game/combat_modifiers.go:192.106,206.40 5 1
goldbox-rpg/pkg/game/combat_modifiers.go:206.40,208.3 1 1
goldbox-rpg/pkg/game/combat_modifiers.go:211.2,211.30 1 1
goldbox-rpg/pkg/game/combat_modifiers.go:211.30,212.37 1 1
goldbox-rpg/pkg/game/combat_modifiers.go:212.37,213.12 1 1
goldbox-rpg/pkg/game/combat_modifiers.go:216.3,216.46 1 1
goldbox-rpg/pkg/game/combat_modifiers.go:216.46,222.4 2 1
goldbox-rpg/pkg/game/combat_modifiers.go:225.2,225.17 1 1
goldbox-rpg/pkg/game/combat_modifiers.go:229.59,233.2 3 1
goldbox-rpg/pkg/game/combat_modifiers.go:236.79,248.2 6 1
goldbox-rpg/pkg/game/combat_modifiers.go:260.140,267.16 4 1
goldbox-rpg/pkg/game/combat_modifiers.go:267.16,269.3 1 1
goldbox-rpg/pkg/game/combat_modifiers.go:271.2,279.34 2 1
goldbox-rpg/pkg/game/combat_modifiers.go:284.83,287.2 1 1
goldbox-rpg/pkg/game/combat_modifiers.go:290.74,292.30 2 1
goldbox-rpg/pkg/game/combat_modifiers.go:292.30,293.31 1 1
goldbox-rpg/pkg/game/combat_modifiers.go:293.31,294.26 1 1
goldbox-rpg/pkg/game/combat_modifiers.go:294.26,295.13 1 1
goldbox-rpg/pkg/game/combat_modifiers.go:297.4,301.6 1 1
goldbox-rpg/pkg/game/combat_modifiers.go:304.2,304.17 1 1
goldbox-rpg/pkg/game/combat_modifiers.go:309.24,310.11 1 1
goldbox-rpg/pkg/game/combat_modifiers.go:310.11,312.3 1 1
goldbox-rpg/pkg/game/combat_modifiers.go:313.2,313.10 1 1
goldbox-rpg/pkg/game/combat_modifiers.go:317.45,321.2 3 1
goldbox-rpg/pkg/game/combat_opportunity.go:21.74,28.2 1 1
goldbox-rpg/pkg/game/combat_opportunity.go:39.84,51.2 5 1
goldbox-rpg/pkg/game/combat_opportunity.go:54.72,66.2 6 1
goldbox-rpg/pkg/game/combat_opportunity.go:79.131,86.17 4 1
goldbox-rpg/pkg/game/combat_opportunity.go:86.17,92.3 2 1
goldbox-rpg/pkg/game/combat_opportunity.go:95.2,98.49 3 1
goldbox-rpg/pkg/game/combat_opportunity.go:98.49,100.28 1 1
goldbox-rpg/pkg/game/combat_opportunity.go:100.28,101.12 1 0
goldbox-rpg/pkg/game/combat_opportunity.go:105.3,105.35 1 1
goldbox-rpg/pkg/game/combat_opportunity.go:105.35,106.12 1 1
goldbox-rpg/pkg/game/combat_opportunity.go:110.3,111.37 2 1
goldbox-rpg/pkg/game/combat_opportunity.go:111.37,113.12 1 1
goldbox-rpg/pkg/game/combat_opportunity.go:117.3,129.43 2 1
goldbox-rpg/pkg/game/combat_opportunity.go:132.2,132.16 1 1
goldbox-rpg/pkg/game/combat_opportunity.go:136.67,146.2 4 1
goldbox-rpg/pkg/game/combat_opportunity.go:149.55,158.2 4 1
goldbox-rpg/pkg/game/combat_opportunity.go:161.87,174.2 6 1
goldbox-rpg/pkg/game/combat_opportunity.go:177.72,182.2 3 1
goldbox-rpg/pkg/game/combat_opportunity.go:185.84,193.2 6 1
goldbox-rpg/pkg/game/combat_opportunity.go:196.93,199.43 2 1
goldbox-rpg/pkg/game/combat_opportunity.go:199.43,202.3 2 1
goldbox-rpg/pkg/game/combat_opportunity.go:206.83,207.49 1 1
goldbox-rpg/pkg/game/combat_opportunity.go:207.49,209.31 2 1
goldbox-rpg/pkg/game/combat_opportunity.go:209.31,210.22 1 1
goldbox-rpg/pkg/game/combat_opportunity.go:210.22,212.5 1 0
goldbox-rpg/pkg/game/combat_opportunity.go:214.3,214.24 1 1
goldbox-rpg/pkg/game/combat_opportunity.go:214.24,216.4 1 0
goldbox-rpg/pkg/game/combat_opportunity.go:216.9,218.4 1 1
goldbox-rpg/pkg/game/combat_opportunity.go:223.39,225.2 1 1
goldbox-rpg/pkg/game/combat_opportunity.go:228.37,229.24 1 1
goldbox-rpg/pkg/game/combat_opportunity.go:229.24,231.3 1 1
goldbox-rpg/pkg/game/combat_opportunity.go:232.2,234.12 3 1
goldbox-rpg/pkg/game/combat_opportunity.go:234.12,236.3 1 1
goldbox-rpg/pkg/game/combat_opportunity.go:237.2,237.12 1 1
goldbox-rpg/pkg/game/combat_opportunity.go:237.12,239.3 1 1
goldbox-rpg/pkg/game/combat_opportunity.go:240.2,240.52 1 1
goldbox-rpg/pkg/game/combat_opportunity.go:244.52,246.30 2 1
goldbox-rpg/pkg/game/combat_opportunity.go:246.30,247.31 1 1
goldbox-rpg/pkg/game/combat_opportunity.go:247.31,248.26 1 1
goldbox-rpg/pkg/game/combat_opportunity.go:248.26,249.13 1 1
goldbox-rpg/pkg/game/combat_opportunity.go:251.4,255.6 1 1
goldbox-rpg/pkg/game/combat_opportunity.go:258.2,258.17 1 1
goldbox-rpg/pkg/game/combat_opportunity.go:271.83,272.38 1 1
goldbox-rpg/pkg/game/combat_opportunity.go:272.38,274.3 1 1
goldbox-rpg/pkg/game/combat_opportunity.go:277.2,278.16 2 1
goldbox-rpg/pkg/game/combat_opportunity.go:278.16,280.3 1 0
goldbox-rpg/pkg/game/combat_opportunity.go:281.2,289.38 4 1
goldbox-rpg/pkg/game/combat_opportunity.go:289.38,293.17 3 1
goldbox-rpg/pkg/game/combat_opportunity.go:293.17,295.4 1 0
goldbox-rpg/pkg/game/combat_opportunity.go:296.3,297.17 2 1
goldbox-rpg/pkg/game/combat_opportunity.go:297.17,299.4 1 0
goldbox-rpg/pkg/game/combat_opportunity.go:301.3,308.36 1 1
goldbox-rpg/pkg/game/combat_opportunity.go:309.8,318.3 1 1
goldbox-rpg/pkg/game/combat_opportunity.go:320.2,320.20 1 1
goldbox-rpg/pkg/game/default_world.go:8.34,26.36 5 1
goldbox-rpg/pkg/game/default_world.go:26.36,28.36 2 1
goldbox-rpg/pkg/game/default_world.go:28.36,30.69 1 1
goldbox-rpg/pkg/game/default_world.go:30.69,40.5 1 1
goldbox-rpg/pkg/game/default_world.go:40.10,51.5 1 1
goldbox-rpg/pkg/game/default_world.go:56.2,61.14 2 1
goldbox-rpg/pkg/game/dice.go:32.34,34.2 1 1
goldbox-rpg/pkg/game/dice.go:37.52,41.2 1 1
goldbox-rpg/pkg/game/dice.go:44.66,51.22 2 1
goldbox-rpg/pkg/game/dice.go:51.22,58.3 2 1
goldbox-rpg/pkg/game/dice.go:61.2,68.22 5 1
goldbox-rpg/pkg/game/dice.go:68.22,76.3 2 1
goldbox-rpg/pkg/game/dice.go:79.2,80.32 2 1
goldbox-rpg/pkg/game/dice.go:80.32,89.3 2 1
goldbox-rpg/pkg/game/dice.go:92.2,93.32 2 1
goldbox-rpg/pkg/game/dice.go:93.32,102.3 2 1
goldbox-rpg/pkg/game/dice.go:105.2,106.43 2 1
goldbox-rpg/pkg/game/dice.go:106.43,108.17 2 1
goldbox-rpg/pkg/game/dice.go:108.17,110.4 1 0
goldbox-rpg/pkg/game/dice.go:114.2,117.31 3 1
goldbox-rpg/pkg/game/dice.go:117.31,121.3 3 1
goldbox-rpg/pkg/game/dice.go:123.2,130.8 2 1
goldbox-rpg/pkg/game/dice.go:134.77,139.35 4 1
goldbox-rpg/pkg/game/dice.go:139.35,140.17 1 1
goldbox-rpg/pkg/game/dice.go:140.17,141.12 1 0
goldbox-rpg/pkg/game/dice.go:144.3,145.17 2 1
goldbox-rpg/pkg/game/dice.go:145.17,147.4 1 0
goldbox-rpg/pkg/game/dice.go:149.3,151.33 3 1
goldbox-rpg/pkg/game/dice.go:154.2,161.8 2 1
goldbox-rpg/pkg/game/dice.go:165.37,166.24 1 1
goldbox-rpg/pkg/game/dice.go:166.24,168.3 1 1
goldbox-rpg/pkg/game/dice.go:170.2,171.22 2 1
goldbox-rpg/pkg/game/dice.go:171.22,173.3 1 1
goldbox-rpg/pkg/game/dice.go:173.8,173.28 1 1
goldbox-rpg/pkg/game/dice.go:173.28,175.3 1 1
goldbox-rpg/pkg/game/dice.go:175.8,177.3 1 1
goldbox-rpg/pkg/game/dice.go:181.63,182.22 1 1
goldbox-rpg/pkg/game/dice.go:182.22,184.3 1 1
goldbox-rpg/pkg/game/dice.go:187.2,194.22 5 1
goldbox-rpg/pkg/game/dice.go:194.22,196.3 1 1
goldbox-rpg/pkg/game/dice.go:199.2,200.32 2 1
goldbox-rpg/pkg/game/dice.go:200.32,202.3 1 0
goldbox-rpg/pkg/game/dice.go:204.2,205.32 2 1
goldbox-rpg/pkg/game/dice.go:205.32,207.3 1 1
goldbox-rpg/pkg/game/dice.go:209.2,210.43 2 1
goldbox-rpg/pkg/game/dice.go:210.43,212.17 2 1
goldbox-rpg/pkg/game/dice.go:212.17,214.4 1 0
goldbox-rpg/pkg/game/dice.go:218.2,221.22 3 1
goldbox-rpg/pkg/game/dispel_info.go:32.93,38.2 1 1
goldbox-rpg/pkg/game/dispel_info.go:42.68,43.19 1 1
goldbox-rpg/pkg/game/dispel_info.go:43.19,45.3 1 1
goldbox-rpg/pkg/game/dispel_info.go:47.2,47.29 1 1
goldbox-rpg/pkg/game/dispel_info.go:47.29,48.40 1 1
goldbox-rpg/pkg/game/dispel_info.go:48.40,50.4 1 1
goldbox-rpg/pkg/game/dispel_info.go:53.2,53.32 1 1
goldbox-rpg/pkg/game/duration.go:28.70,34.2 1 1
goldbox-rpg/pkg/game/duration.go:39.36,41.2 1 1
goldbox-rpg/pkg/game/duration.go:45.35,46.18 1 1
goldbox-rpg/pkg/game/duration.go:46.18,48.3 1 1
goldbox-rpg/pkg/game/duration.go:49.2,49.17 1 1
goldbox-rpg/pkg/game/duration.go:49.17,51.3 1 1
goldbox-rpg/pkg/game/duration.go:52.2,52.20 1 1
goldbox-rpg/pkg/game/duration.go:52.20,54.3 1 1
goldbox-rpg/pkg/game/duration.go:55.2,55.18 1 1
goldbox-rpg/pkg/game/effectbehavior.go:49.45,51.2 1 1
goldbox-rpg/pkg/game/effectbehavior.go:55.83,67.2 1 1
goldbox-rpg/pkg/game/effectbehavior.go:87.84,99.2 1 1
goldbox-rpg/pkg/game/effectbehavior.go:119.85,131.2 1 1
goldbox-rpg/pkg/game/effectbehavior.go:147.76,157.2 3 1
goldbox-rpg/pkg/game/effectbehavior.go:173.77,183.2 3 1
goldbox-rpg/pkg/game/effectbehavior.go:199.87,205.2 1 1
goldbox-rpg/pkg/game/effectbehavior.go:221.60,232.2 3 1
goldbox-rpg/pkg/game/effectbehavior.go:257.54,258.14 1 1
goldbox-rpg/pkg/game/effectbehavior.go:258.14,260.3 1 1
goldbox-rpg/pkg/game/effectbehavior.go:261.2,261.16 1 1
goldbox-rpg/pkg/game/effectbehavior.go:262.51,269.10 1 1
goldbox-rpg/pkg/game/effectbehavior.go:270.10,271.20 1 1
goldbox-rpg/pkg/game/effectbehavior.go:298.91,299.44 1 0
goldbox-rpg/pkg/game/effectbehavior.go:299.44,301.3 1 0
goldbox-rpg/pkg/game/effectbehavior.go:304.2,313.28 4 0
goldbox-rpg/pkg/game/effectbehavior.go:314.21,315.34 1 0
goldbox-rpg/pkg/game/effectbehavior.go:316.22,317.29 1 0
goldbox-rpg/pkg/game/effectbehavior.go:318.20,319.27 1 0
goldbox-rpg/pkg/game/effectbehavior.go:320.28,320.28 0 0
goldbox-rpg/pkg/game/effectbehavior.go:321.26,321.26 0 0
goldbox-rpg/pkg/game/effectbehavior.go:322.18,322.18 0 0
goldbox-rpg/pkg/game/effectbehavior.go:323.23,323.23 0 0
goldbox-rpg/pkg/game/effectbehavior.go:324.25,324.25 0 0
goldbox-rpg/pkg/game/effectbehavior.go:325.18,325.18 0 0
goldbox-rpg/pkg/game/effectbehavior.go:326.10,327.109 1 0
goldbox-rpg/pkg/game/effectbehavior.go:352.106,363.22 6 1
goldbox-rpg/pkg/game/effectbehavior.go:363.22,367.3 1 1
goldbox-rpg/pkg/game/effectbehavior.go:367.8,369.3 1 0
goldbox-rpg/pkg/game/effectbehavior.go:370.2,372.60 2 1
goldbox-rpg/pkg/game/effectbehavior.go:395.81,397.17 1 1
goldbox-rpg/pkg/game/effectbehavior.go:398.18,399.39 1 1
goldbox-rpg/pkg/game/effectbehavior.go:400.20,401.38 1 0
goldbox-rpg/pkg/game/effectbehavior.go:402.10,403.11 1 0
goldbox-rpg/pkg/game/effectbehavior.go:423.62,427.2 3 0
goldbox-rpg/pkg/game/effectbehavior.go:442.65,445.2 1 0
goldbox-rpg/pkg/game/effectbehavior.go:468.60,469.52 1 0
goldbox-rpg/pkg/game/effectbehavior.go:469.52,472.3 2 0
goldbox-rpg/pkg/game/effectbehavior.go:475.2,475.21 1 0
goldbox-rpg/pkg/game/effectbehavior.go:476.28,477.70 1 0
goldbox-rpg/pkg/game/effectbehavior.go:478.26,480.30 2 0
goldbox-rpg/pkg/game/effectbehavior.go:480.30,482.4 1 0
goldbox-rpg/pkg/game/effectbehavior.go:483.3,486.4 1 0
goldbox-rpg/pkg/game/effectbehavior.go:487.22,487.22 0 0
goldbox-rpg/pkg/game/effectbehavior.go:488.21,488.21 0 0
goldbox-rpg/pkg/game/effectbehavior.go:489.20,489.20 0 0
goldbox-rpg/pkg/game/effectbehavior.go:490.18,490.18 0 0
goldbox-rpg/pkg/game/effectbehavior.go:491.23,491.23 0 0
goldbox-rpg/pkg/game/effectbehavior.go:492.25,492.25 0 0
goldbox-rpg/pkg/game/effectbehavior.go:493.18,493.18 0 0
goldbox-rpg/pkg/game/effectbehavior.go:494.19,494.19 0 0
goldbox-rpg/pkg/game/effectbehavior.go:495.18,495.18 0 0
goldbox-rpg/pkg/game/effectbehavior.go:496.26,499.30 2 0
goldbox-rpg/pkg/game/effectbehavior.go:499.30,501.4 1 0
goldbox-rpg/pkg/game/effectbehavior.go:502.3,505.4 1 0
goldbox-rpg/pkg/game/effectbehavior.go:506.23,506.23 0 0
goldbox-rpg/pkg/game/effectbehavior.go:508.10,509.100 1 0
goldbox-rpg/pkg/game/effectimmunity.go:23.56,31.2 1 1
goldbox-rpg/pkg/game/effectimmunity.go:50.84,54.27 3 1
goldbox-rpg/pkg/game/effectimmunity.go:54.27,57.3 2 1
goldbox-rpg/pkg/game/effectimmunity.go:57.8,59.3 1 1
goldbox-rpg/pkg/game/effectimmunity.go:86.77,91.63 3 1
goldbox-rpg/pkg/game/effectimmunity.go:91.63,92.44 1 1
goldbox-rpg/pkg/game/effectimmunity.go:92.44,94.4 1 1
goldbox-rpg/pkg/game/effectimmunity.go:96.3,96.40 1 1
goldbox-rpg/pkg/game/effectimmunity.go:100.2,100.59 1 1
goldbox-rpg/pkg/game/effectimmunity.go:100.59,102.3 1 1
goldbox-rpg/pkg/game/effectimmunity.go:104.2,109.3 1 1
goldbox-rpg/pkg/game/effectimmunity.go:132.83,145.43 5 1
goldbox-rpg/pkg/game/effectimmunity.go:145.43,146.35 1 1
goldbox-rpg/pkg/game/effectimmunity.go:146.35,147.12 1 1
goldbox-rpg/pkg/game/effectimmunity.go:150.3,150.49 1 1
goldbox-rpg/pkg/game/effectimmunity.go:150.49,151.54 1 1
goldbox-rpg/pkg/game/effectimmunity.go:151.54,157.10 2 1
goldbox-rpg/pkg/game/effectimmunity.go:163.2,163.45 1 1
goldbox-rpg/pkg/game/effectimmunity.go:163.45,165.3 1 1
goldbox-rpg/pkg/game/effectimmunity.go:168.2,169.52 2 1
goldbox-rpg/pkg/game/effectimmunity.go:169.52,172.3 2 1
goldbox-rpg/pkg/game/effectimmunity.go:174.2,174.22 1 1
goldbox-rpg/pkg/game/effectimmunity.go:174.22,176.3 1 1
goldbox-rpg/pkg/game/effectimmunity.go:178.2,178.16 1 1
goldbox-rpg/pkg/game/effectimmunity.go:200.118,204.2 3 1
goldbox-rpg/pkg/game/effectimmunity.go:223.93,231.2 3 1
goldbox-rpg/pkg/game/effectimmunity.go:250.60,253.23 2 1
goldbox-rpg/pkg/game/effectimmunity.go:254.24,255.67 1 1
goldbox-rpg/pkg/game/effectimmunity.go:257.23,259.40 1 1
goldbox-rpg/pkg/game/effectimmunity.go:261.23,262.48 1 1
goldbox-rpg/pkg/game/effectimmunity.go:263.20,263.20 0 1
goldbox-rpg/pkg/game/effectimmunity.go:265.10,266.64 1 1
goldbox-rpg/pkg/game/effectimmunity.go:270.2,270.39 1 1
goldbox-rpg/pkg/game/effectimmunity.go:293.28,313.59 4 1
goldbox-rpg/pkg/game/effectimmunity.go:313.59,315.3 1 0
goldbox-rpg/pkg/game/effectimmunity.go:316.2,316.46 1 1
goldbox-rpg/pkg/game/effectimmunity.go:316.46,318.3 1 0
goldbox-rpg/pkg/game/effectimmunity.go:321.2,322.60 2 1
goldbox-rpg/pkg/game/effectmanager.go:9.13,18.2 2 1
goldbox-rpg/pkg/game/effectmanager.go:85.31,120.2 5 1
goldbox-rpg/pkg/game/effectmanager.go:139.62,149.58 4 1
goldbox-rpg/pkg/game/effectmanager.go:149.58,176.3 7 1
goldbox-rpg/pkg/game/effectmanager.go:178.2,190.70 3 0
goldbox-rpg/pkg/game/effectmanager.go:210.63,231.17 6 0
goldbox-rpg/pkg/game/effectmanager.go:231.17,238.3 2 0
goldbox-rpg/pkg/game/effectmanager.go:240.2,243.35 1 0
goldbox-rpg/pkg/game/effectmanager.go:248.120,255.43 2 0
goldbox-rpg/pkg/game/effectmanager.go:255.43,256.36 1 0
goldbox-rpg/pkg/game/effectmanager.go:256.36,268.12 5 0
goldbox-rpg/pkg/game/effectmanager.go:271.3,271.37 1 0
goldbox-rpg/pkg/game/effectmanager.go:271.37,281.4 3 0
goldbox-rpg/pkg/game/effectmanager.go:284.2,284.47 1 0
goldbox-rpg/pkg/game/effectmanager.go:301.45,324.42 8 1
goldbox-rpg/pkg/game/effectmanager.go:324.42,336.40 3 1
goldbox-rpg/pkg/game/effectmanager.go:336.40,337.25 1 0
goldbox-rpg/pkg/game/effectmanager.go:338.16,339.47 1 0
goldbox-rpg/pkg/game/effectmanager.go:340.21,341.76 1 0
goldbox-rpg/pkg/game/effectmanager.go:342.16,343.77 1 0
goldbox-rpg/pkg/game/effectmanager.go:343.77,345.6 1 0
goldbox-rpg/pkg/game/effectmanager.go:348.3,348.21 1 1
goldbox-rpg/pkg/game/effectmanager.go:351.2,383.38 7 1
goldbox-rpg/pkg/game/effectmanager.go:402.106,409.55 2 1
goldbox-rpg/pkg/game/effectmanager.go:409.55,412.39 2 1
goldbox-rpg/pkg/game/effectmanager.go:412.39,423.4 2 0
goldbox-rpg/pkg/game/effectmanager.go:424.3,424.41 1 1
goldbox-rpg/pkg/game/effectmanager.go:424.41,436.4 3 0
goldbox-rpg/pkg/game/effectmanager.go:437.3,437.39 1 1
goldbox-rpg/pkg/game/effectmanager.go:437.39,449.4 3 0
goldbox-rpg/pkg/game/effectmanager.go:453.2,463.65 6 1
goldbox-rpg/pkg/game/effectmanager.go:479.32,514.2 4 1
goldbox-rpg/pkg/game/effectmanager.go:539.44,548.12 3 1
goldbox-rpg/pkg/game/effectmanager.go:549.65,550.24 1 1
goldbox-rpg/pkg/game/effectmanager.go:551.10,552.25 1 1
goldbox-rpg/pkg/game/effectmanager.go:555.2,563.23 2 1
goldbox-rpg/pkg/game/effectmanager.go:586.68,601.44 5 1
goldbox-rpg/pkg/game/effectmanager.go:601.44,602.35 1 1
goldbox-rpg/pkg/game/effectmanager.go:602.35,612.11 2 1
goldbox-rpg/pkg/game/effectmanager.go:613.38,622.15 3 1
goldbox-rpg/pkg/game/effectmanager.go:623.47,634.57 3 0
goldbox-rpg/pkg/game/effectmanager.go:635.12,643.88 2 0
goldbox-rpg/pkg/game/effectmanager.go:649.2,672.12 7 1
goldbox-rpg/pkg/game/effectmanager.go:678.64,689.42 5 1
goldbox-rpg/pkg/game/effectmanager.go:689.42,690.51 1 1
goldbox-rpg/pkg/game/effectmanager.go:690.51,692.4 1 1
goldbox-rpg/pkg/game/effectmanager.go:695.2,706.18 3 1
goldbox-rpg/pkg/game/effectmanager.go:710.58,720.16 3 1
goldbox-rpg/pkg/game/effectmanager.go:720.16,728.3 1 0
goldbox-rpg/pkg/game/effectmanager.go:728.8,735.3 1 1
goldbox-rpg/pkg/game/effectmanager.go:737.2,737.12 1 1
goldbox-rpg/pkg/game/effectmanager.go:741.49,752.42 6 1
goldbox-rpg/pkg/game/effectmanager.go:752.42,753.22 1 1
goldbox-rpg/pkg/game/effectmanager.go:753.22,756.4 2 1
goldbox-rpg/pkg/game/effectmanager.go:759.2,766.16 2 1
goldbox-rpg/pkg/game/effectmanager.go:770.44,792.2 6 1
goldbox-rpg/pkg/game/effectmanager.go:795.49,820.2 6 1
goldbox-rpg/pkg/game/effectmanager.go:823.48,845.2 6 1
goldbox-rpg/pkg/game/effects.go:227.56,238.2 3 1
goldbox-rpg/pkg/game/effects.go:266.85,295.2 1 1
goldbox-rpg/pkg/game/effects.go:315.119,328.2 4 1
goldbox-rpg/pkg/game/effects.go:347.56,349.29 1 1
goldbox-rpg/pkg/game/effects.go:349.29,351.3 1 1
goldbox-rpg/pkg/game/effects.go:354.2,354.78 1 1
goldbox-rpg/pkg/game/effects.go:354.78,356.3 1 1
goldbox-rpg/pkg/game/effects.go:359.2,359.81 1 1
goldbox-rpg/pkg/game/effects.go:359.81,361.3 1 1
goldbox-rpg/pkg/game/effects.go:364.2,364.14 1 1
goldbox-rpg/pkg/game/effects.go:388.98,390.29 1 1
goldbox-rpg/pkg/game/effects.go:390.29,392.3 1 1
goldbox-rpg/pkg/game/effects.go:395.2,395.27 1 1
goldbox-rpg/pkg/game/effects.go:395.27,397.3 1 1
goldbox-rpg/pkg/game/effects.go:400.2,400.26 1 1
goldbox-rpg/pkg/game/effects.go:400.26,402.3 1 1
goldbox-rpg/pkg/game/effects.go:405.2,405.78 1 1
goldbox-rpg/pkg/game/effects.go:405.78,407.3 1 1
goldbox-rpg/pkg/game/effects.go:410.2,410.81 1 1
goldbox-rpg/pkg/game/effects.go:410.81,412.3 1 1
goldbox-rpg/pkg/game/effects.go:414.2,414.14 1 0
goldbox-rpg/pkg/game/effects.go:433.57,434.30 1 1
goldbox-rpg/pkg/game/effects.go:434.30,436.3 1 1
goldbox-rpg/pkg/game/effects.go:437.2,438.48 2 1
goldbox-rpg/pkg/game/effects.go:459.45,461.2 1 1
goldbox-rpg/pkg/game/effects.go:471.52,473.2 1 1
goldbox-rpg/pkg/game/effects.go:484.44,486.2 1 1
goldbox-rpg/pkg/game/effects.go:504.54,505.16 1 1
goldbox-rpg/pkg/game/effects.go:506.51,513.10 1 1
goldbox-rpg/pkg/game/effects.go:514.10,515.20 1 1
goldbox-rpg/pkg/game/equipment.go:19.41,32.46 2 1
goldbox-rpg/pkg/game/equipment.go:32.46,34.3 1 1
goldbox-rpg/pkg/game/equipment.go:35.2,35.18 1 1
goldbox-rpg/pkg/game/errors.go:62.41,63.25 1 1
goldbox-rpg/pkg/game/errors.go:63.25,65.3 1 1
goldbox-rpg/pkg/game/errors.go:66.2,66.61 1 0
goldbox-rpg/pkg/game/errors.go:70.41,72.2 1 1
goldbox-rpg/pkg/game/errors.go:75.82,81.2 1 1
goldbox-rpg/pkg/game/errors.go:93.41,94.23 1 1
goldbox-rpg/pkg/game/errors.go:94.23,97.3 1 1
goldbox-rpg/pkg/game/errors.go:98.2,98.20 1 1
goldbox-rpg/pkg/game/errors.go:98.20,100.3 1 1
goldbox-rpg/pkg/game/errors.go:101.2,101.61 1 1
goldbox-rpg/pkg/game/errors.go:105.41,107.2 1 1
goldbox-rpg/pkg/game/errors.go:110.77,116.2 1 1
goldbox-rpg/pkg/game/errors.go:127.38,128.44 1 1
goldbox-rpg/pkg/game/errors.go:128.44,131.3 1 1
goldbox-rpg/pkg/game/errors.go:132.2,132.55 1 0
goldbox-rpg/pkg/game/errors.go:136.38,138.2 1 1
goldbox-rpg/pkg/game/errors.go:141.82,148.2 1 1
goldbox-rpg/pkg/game/errors.go:160.38,161.42 1 1
goldbox-rpg/pkg/game/errors.go:161.42,164.3 1 1
goldbox-rpg/pkg/game/errors.go:165.2,165.22 1 0
goldbox-rpg/pkg/game/errors.go:165.22,167.3 1 0
goldbox-rpg/pkg/game/errors.go:168.2,168.58 1 0
goldbox-rpg/pkg/game/errors.go:172.38,174.2 1 1
goldbox-rpg/pkg/game/errors.go:177.95,185.2 1 1
goldbox-rpg/pkg/game/errors.go:197.39,198.43 1 1
goldbox-rpg/pkg/game/errors.go:198.43,201.3 1 1
goldbox-rpg/pkg/game/errors.go:202.2,202.22 1 1
goldbox-rpg/pkg/game/errors.go:202.22,204.3 1 1
goldbox-rpg/pkg/game/errors.go:205.2,205.59 1 0
goldbox-rpg/pkg/game/errors.go:209.39,211.2 1 1
goldbox-rpg/pkg/game/errors.go:214.102,221.2 1 1
goldbox-rpg/pkg/game/errors.go:233.37,234.41 1 1
goldbox-rpg/pkg/game/errors.go:234.41,237.3 1 1
goldbox-rpg/pkg/game/errors.go:238.2,238.21 1 0
goldbox-rpg/pkg/game/errors.go:238.21,240.3 1 0
goldbox-rpg/pkg/game/errors.go:241.2,241.57 1 0
goldbox-rpg/pkg/game/errors.go:245.37,247.2 1 1
goldbox-rpg/pkg/game/errors.go:250.90,258.2 1 1
goldbox-rpg/pkg/game/events.go:152.37,156.2 3 1
goldbox-rpg/pkg/game/events.go:166.33,170.2 3 1
goldbox-rpg/pkg/game/events.go:183.36,187.2 1 1
goldbox-rpg/pkg/game/events.go:202.77,207.2 3 1
goldbox-rpg/pkg/game/events.go:224.46,229.35 4 1
goldbox-rpg/pkg/game/events.go:229.35,231.3 1 1
goldbox-rpg/pkg/game/events.go:247.64,259.2 2 1
goldbox-rpg/pkg/game/events.go:273.33,275.2 1 1
goldbox-rpg/pkg/game/events.go:291.13,293.67 1 1
goldbox-rpg/pkg/game/events.go:293.67,299.3 3 1
goldbox-rpg/pkg/game/faction_relations.go:82.67,83.19 1 1
goldbox-rpg/pkg/game/faction_relations.go:83.19,85.3 1 0
goldbox-rpg/pkg/game/faction_relations.go:86.2,89.3 1 1
goldbox-rpg/pkg/game/faction_relations.go:105.56,106.29 1 1
goldbox-rpg/pkg/game/faction_relations.go:106.29,108.3 1 1
goldbox-rpg/pkg/game/faction_relations.go:109.2,109.38 1 1
goldbox-rpg/pkg/game/faction_relations.go:113.105,114.30 1 1
goldbox-rpg/pkg/game/faction_relations.go:114.30,116.3 1 1
goldbox-rpg/pkg/game/faction_relations.go:118.2,122.46 4 1
goldbox-rpg/pkg/game/faction_relations.go:122.46,124.3 1 0
goldbox-rpg/pkg/game/faction_relations.go:126.2,147.22 4 1
goldbox-rpg/pkg/game/faction_relations.go:151.98,157.13 5 1
goldbox-rpg/pkg/game/faction_relations.go:157.13,159.3 1 0
goldbox-rpg/pkg/game/faction_relations.go:160.2,160.17 1 1
goldbox-rpg/pkg/game/faction_relations.go:164.84,170.13 5 1
goldbox-rpg/pkg/game/faction_relations.go:170.13,172.3 1 0
goldbox-rpg/pkg/game/faction_relations.go:174.2,177.37 3 1
goldbox-rpg/pkg/game/faction_relations.go:177.37,179.3 1 1
goldbox-rpg/pkg/game/faction_relations.go:181.2,207.12 11 1
goldbox-rpg/pkg/game/faction_relations.go:211.76,217.13 5 1
goldbox-rpg/pkg/game/faction_relations.go:217.13,219.3 1 0
goldbox-rpg/pkg/game/faction_relations.go:221.2,224.37 3 1
goldbox-rpg/pkg/game/faction_relations.go:224.37,226.3 1 0
goldbox-rpg/pkg/game/faction_relations.go:228.2,246.12 4 1
goldbox-rpg/pkg/game/faction_relations.go:250.77,256.13 5 1
goldbox-rpg/pkg/game/faction_relations.go:256.13,258.3 1 0
goldbox-rpg/pkg/game/faction_relations.go:260.2,263.37 3 1
goldbox-rpg/pkg/game/faction_relations.go:263.37,265.3 1 0
goldbox-rpg/pkg/game/faction_relations.go:267.2,289.12 8 1
goldbox-rpg/pkg/game/faction_relations.go:293.81,299.13 5 1
goldbox-rpg/pkg/game/faction_relations.go:299.13,301.3 1 0
goldbox-rpg/pkg/game/faction_relations.go:303.2,306.76 3 1
goldbox-rpg/pkg/game/faction_relations.go:306.76,308.3 1 1
goldbox-rpg/pkg/game/faction_relations.go:310.2,310.40 1 1
goldbox-rpg/pkg/game/faction_relations.go:310.40,312.3 1 0
goldbox-rpg/pkg/game/faction_relations.go:314.2,332.12 4 1
goldbox-rpg/pkg/game/faction_relations.go:336.80,342.13 5 1
goldbox-rpg/pkg/game/faction_relations.go:342.13,344.3 1 0
goldbox-rpg/pkg/game/faction_relations.go:346.2,349.40 3 1
goldbox-rpg/pkg/game/faction_relations.go:349.40,351.3 1 1
goldbox-rpg/pkg/game/faction_relations.go:353.2,377.12 10 1
goldbox-rpg/pkg/game/faction_relations.go:381.79,387.13 5 1
goldbox-rpg/pkg/game/faction_relations.go:387.13,389.3 1 0
goldbox-rpg/pkg/game/faction_relations.go:391.2,394.40 3 1
goldbox-rpg/pkg/game/faction_relations.go:394.40,396.3 1 1
goldbox-rpg/pkg/game/faction_relations.go:398.2,422.12 10 1
goldbox-rpg/pkg/game/faction_relations.go:426.85,432.13 5 1
goldbox-rpg/pkg/game/faction_relations.go:432.13,434.3 1 0
goldbox-rpg/pkg/game/faction_relations.go:436.2,439.37 3 1
goldbox-rpg/pkg/game/faction_relations.go:439.37,441.3 1 1
goldbox-rpg/pkg/game/faction_relations.go:443.2,445.23 3 1
goldbox-rpg/pkg/game/faction_relations.go:445.23,447.3 1 0
goldbox-rpg/pkg/game/faction_relations.go:448.2,466.12 4 1
goldbox-rpg/pkg/game/faction_relations.go:470.84,476.13 5 1
goldbox-rpg/pkg/game/faction_relations.go:476.13,478.3 1 0
goldbox-rpg/pkg/game/faction_relations.go:480.2,485.21 4 1
goldbox-rpg/pkg/game/faction_relations.go:485.21,487.3 1 0
goldbox-rpg/pkg/game/faction_relations.go:488.2,488.22 1 1
goldbox-rpg/pkg/game/faction_relations.go:488.22,490.3 1 0
goldbox-rpg/pkg/game/faction_relations.go:492.2,493.23 2 1
goldbox-rpg/pkg/game/faction_relations.go:493.23,495.3 1 0
goldbox-rpg/pkg/game/faction_relations.go:497.2,498.21 2 1
goldbox-rpg/pkg/game/faction_relations.go:498.21,500.3 1 0
goldbox-rpg/pkg/game/faction_relations.go:502.2,516.12 4 1
goldbox-rpg/pkg/game/faction_relations.go:520.92,526.13 5 1
goldbox-rpg/pkg/game/faction_relations.go:526.13,528.3 1 0
goldbox-rpg/pkg/game/faction_relations.go:530.2,534.23 4 1
goldbox-rpg/pkg/game/faction_relations.go:534.23,536.3 1 0
goldbox-rpg/pkg/game/faction_relations.go:537.2,537.24 1 1
goldbox-rpg/pkg/game/faction_relations.go:537.24,539.3 1 1
goldbox-rpg/pkg/game/faction_relations.go:541.2,542.12 2 1
goldbox-rpg/pkg/game/faction_relations.go:546.90,552.13 5 1
goldbox-rpg/pkg/game/faction_relations.go:552.13,554.3 1 0
goldbox-rpg/pkg/game/faction_relations.go:556.2,560.21 4 1
goldbox-rpg/pkg/game/faction_relations.go:560.21,562.3 1 0
goldbox-rpg/pkg/game/faction_relations.go:563.2,563.22 1 1
goldbox-rpg/pkg/game/faction_relations.go:563.22,565.3 1 0
goldbox-rpg/pkg/game/faction_relations.go:567.2,567.12 1 1
goldbox-rpg/pkg/game/faction_relations.go:572.63,574.75 1 1
goldbox-rpg/pkg/game/faction_relations.go:574.75,576.3 1 0
goldbox-rpg/pkg/game/faction_relations.go:578.2,580.9 2 1
goldbox-rpg/pkg/game/faction_relations.go:581.26,582.37 1 1
goldbox-rpg/pkg/game/faction_relations.go:583.26,584.35 1 1
goldbox-rpg/pkg/game/faction_relations.go:585.25,586.37 1 1
goldbox-rpg/pkg/game/faction_relations.go:587.25,588.38 1 1
goldbox-rpg/pkg/game/faction_relations.go:589.10,590.38 1 1
goldbox-rpg/pkg/game/faction_relations.go:593.2,593.27 1 1
goldbox-rpg/pkg/game/faction_relations.go:593.27,600.3 1 1
goldbox-rpg/pkg/game/faction_relations.go:604.66,609.35 4 1
goldbox-rpg/pkg/game/faction_relations.go:609.35,611.3 1 1
goldbox-rpg/pkg/game/faction_relations.go:612.2,612.18 1 1
goldbox-rpg/pkg/game/faction_relations.go:616.86,621.35 4 1
goldbox-rpg/pkg/game/faction_relations.go:621.35,622.65 1 1
goldbox-rpg/pkg/game/faction_relations.go:622.65,624.4 1 1
goldbox-rpg/pkg/game/faction_relations.go:626.2,626.18 1 1
goldbox-rpg/pkg/game/faction_relations.go:630.75,636.13 5 1
goldbox-rpg/pkg/game/faction_relations.go:636.13,638.3 1 0
goldbox-rpg/pkg/game/faction_relations.go:640.2,642.43 3 1
goldbox-rpg/pkg/game/faction_relations.go:646.74,652.13 5 1
goldbox-rpg/pkg/game/faction_relations.go:652.13,654.3 1 0
goldbox-rpg/pkg/game/faction_relations.go:656.2,658.40 3 1
goldbox-rpg/pkg/game/faction_relations.go:662.84,668.13 5 1
goldbox-rpg/pkg/game/faction_relations.go:668.13,670.3 1 1
goldbox-rpg/pkg/game/faction_relations.go:672.2,674.25 3 1
goldbox-rpg/pkg/game/faction_relations.go:678.63,682.35 3 1
goldbox-rpg/pkg/game/faction_relations.go:682.35,686.20 2 1
goldbox-rpg/pkg/game/faction_relations.go:686.20,688.4 1 1
goldbox-rpg/pkg/game/faction_relations.go:688.9,688.27 1 0
goldbox-rpg/pkg/game/faction_relations.go:688.27,690.4 1 0
goldbox-rpg/pkg/game/faction_relations.go:693.3,693.22 1 1
goldbox-rpg/pkg/game/faction_relations.go:693.22,695.4 1 1
goldbox-rpg/pkg/game/faction_relations.go:695.9,695.29 1 0
goldbox-rpg/pkg/game/faction_relations.go:695.29,697.4 1 0
goldbox-rpg/pkg/game/faction_relations.go:699.3,700.18 2 1
goldbox-rpg/pkg/game/guild.go:89.59,90.19 1 1
goldbox-rpg/pkg/game/guild.go:90.19,92.3 1 0
goldbox-rpg/pkg/game/guild.go:93.2,97.3 1 1
goldbox-rpg/pkg/game/guild.go:114.90,119.56 3 1
goldbox-rpg/pkg/game/guild.go:119.56,121.3 1 1
goldbox-rpg/pkg/game/guild.go:124.2,124.30 1 1
goldbox-rpg/pkg/game/guild.go:124.30,125.21 1 1
goldbox-rpg/pkg/game/guild.go:125.21,127.4 1 1
goldbox-rpg/pkg/game/guild.go:130.2,163.19 6 1
goldbox-rpg/pkg/game/guild.go:167.39,198.2 1 1
goldbox-rpg/pkg/game/guild.go:201.66,206.13 4 1
goldbox-rpg/pkg/game/guild.go:206.13,208.3 1 1
goldbox-rpg/pkg/game/guild.go:209.2,209.19 1 0
goldbox-rpg/pkg/game/guild.go:213.79,218.13 4 1
goldbox-rpg/pkg/game/guild.go:218.13,220.3 1 1
goldbox-rpg/pkg/game/guild.go:222.2,223.13 2 1
goldbox-rpg/pkg/game/guild.go:223.13,225.3 1 0
goldbox-rpg/pkg/game/guild.go:226.2,226.19 1 1
goldbox-rpg/pkg/game/guild.go:230.81,235.58 3 1
goldbox-rpg/pkg/game/guild.go:235.58,237.3 1 1
goldbox-rpg/pkg/game/guild.go:239.2,240.13 2 1
goldbox-rpg/pkg/game/guild.go:240.13,242.3 1 1
goldbox-rpg/pkg/game/guild.go:245.2,245.21 1 1
goldbox-rpg/pkg/game/guild.go:245.21,246.88 1 1
goldbox-rpg/pkg/game/guild.go:246.88,248.4 1 0
goldbox-rpg/pkg/game/guild.go:251.2,270.12 6 1
goldbox-rpg/pkg/game/guild.go:274.62,279.13 4 1
goldbox-rpg/pkg/game/guild.go:279.13,281.3 1 0
goldbox-rpg/pkg/game/guild.go:283.2,284.13 2 1
goldbox-rpg/pkg/game/guild.go:284.13,286.3 1 0
goldbox-rpg/pkg/game/guild.go:288.2,292.35 3 1
goldbox-rpg/pkg/game/guild.go:292.35,294.29 1 1
goldbox-rpg/pkg/game/guild.go:294.29,297.4 1 0
goldbox-rpg/pkg/game/guild.go:300.2,304.29 3 1
goldbox-rpg/pkg/game/guild.go:304.29,307.3 2 1
goldbox-rpg/pkg/game/guild.go:309.2,314.12 2 1
goldbox-rpg/pkg/game/guild.go:318.78,322.40 3 0
goldbox-rpg/pkg/game/guild.go:322.40,323.22 1 0
goldbox-rpg/pkg/game/guild.go:323.22,324.12 1 0
goldbox-rpg/pkg/game/guild.go:326.3,326.34 1 0
goldbox-rpg/pkg/game/guild.go:326.34,329.4 2 0
goldbox-rpg/pkg/game/guild.go:331.2,331.22 1 0
goldbox-rpg/pkg/game/guild.go:335.78,340.13 4 1
goldbox-rpg/pkg/game/guild.go:340.13,342.3 1 0
goldbox-rpg/pkg/game/guild.go:345.2,345.32 1 1
goldbox-rpg/pkg/game/guild.go:345.32,347.3 1 1
goldbox-rpg/pkg/game/guild.go:350.2,350.84 1 1
goldbox-rpg/pkg/game/guild.go:350.84,352.3 1 0
goldbox-rpg/pkg/game/guild.go:354.2,357.51 3 1
goldbox-rpg/pkg/game/guild.go:357.51,359.3 1 0
goldbox-rpg/pkg/game/guild.go:361.2,370.12 4 1
goldbox-rpg/pkg/game/guild.go:374.83,379.13 4 1
goldbox-rpg/pkg/game/guild.go:379.13,381.3 1 0
goldbox-rpg/pkg/game/guild.go:383.2,383.89 1 1
goldbox-rpg/pkg/game/guild.go:383.89,385.3 1 0
goldbox-rpg/pkg/game/guild.go:387.2,391.13 4 1
goldbox-rpg/pkg/game/guild.go:391.13,393.3 1 0
goldbox-rpg/pkg/game/guild.go:396.2,398.34 3 1
goldbox-rpg/pkg/game/guild.go:398.34,400.3 1 1
goldbox-rpg/pkg/game/guild.go:402.2,402.35 1 1
goldbox-rpg/pkg/game/guild.go:402.35,404.3 1 0
goldbox-rpg/pkg/game/guild.go:406.2,415.12 3 1
goldbox-rpg/pkg/game/guild.go:419.81,424.13 4 1
goldbox-rpg/pkg/game/guild.go:424.13,426.3 1 0
goldbox-rpg/pkg/game/guild.go:428.2,428.87 1 1
goldbox-rpg/pkg/game/guild.go:428.87,430.3 1 0
goldbox-rpg/pkg/game/guild.go:432.2,436.13 4 1
goldbox-rpg/pkg/game/guild.go:436.13,438.3 1 0
goldbox-rpg/pkg/game/guild.go:440.2,440.27 1 1
goldbox-rpg/pkg/game/guild.go:440.27,442.3 1 1
goldbox-rpg/pkg/game/guild.go:445.2,446.74 2 1
goldbox-rpg/pkg/game/guild.go:446.74,448.3 1 0
goldbox-rpg/pkg/game/guild.go:450.2,459.12 3 1
goldbox-rpg/pkg/game/guild.go:463.80,468.13 4 1
goldbox-rpg/pkg/game/guild.go:468.13,470.3 1 0
goldbox-rpg/pkg/game/guild.go:472.2,472.90 1 1
goldbox-rpg/pkg/game/guild.go:472.90,474.3 1 0
goldbox-rpg/pkg/game/guild.go:476.2,482.58 4 1
goldbox-rpg/pkg/game/guild.go:482.58,485.3 2 1
goldbox-rpg/pkg/game/guild.go:487.2,493.12 2 1
goldbox-rpg/pkg/game/guild.go:497.81,502.13 4 1
goldbox-rpg/pkg/game/guild.go:502.13,504.3 1 0
goldbox-rpg/pkg/game/guild.go:506.2,506.91 1 1
goldbox-rpg/pkg/game/guild.go:506.91,508.3 1 1
goldbox-rpg/pkg/game/guild.go:510.2,513.29 3 1
goldbox-rpg/pkg/game/guild.go:513.29,515.3 1 1
goldbox-rpg/pkg/game/guild.go:517.2,525.12 3 1
goldbox-rpg/pkg/game/guild.go:529.75,534.13 4 1
goldbox-rpg/pkg/game/guild.go:534.13,536.3 1 0
goldbox-rpg/pkg/game/guild.go:538.2,545.37 5 1
goldbox-rpg/pkg/game/guild.go:545.37,553.3 3 1
goldbox-rpg/pkg/game/guild.go:555.2,555.12 1 1
goldbox-rpg/pkg/game/guild.go:559.61,561.2 1 1
goldbox-rpg/pkg/game/guild.go:564.51,574.55 2 1
goldbox-rpg/pkg/game/guild.go:574.55,576.3 1 1
goldbox-rpg/pkg/game/guild.go:582.46,586.28 3 1
goldbox-rpg/pkg/game/guild.go:586.28,587.16 1 1
goldbox-rpg/pkg/game/guild.go:587.16,589.4 1 1
goldbox-rpg/pkg/game/guild.go:591.2,591.14 1 0
goldbox-rpg/pkg/game/guild.go:595.71,600.13 4 1
goldbox-rpg/pkg/game/guild.go:600.13,602.3 1 1
goldbox-rpg/pkg/game/guild.go:604.2,604.62 1 1
goldbox-rpg/pkg/game/guild.go:604.62,606.3 1 0
goldbox-rpg/pkg/game/guild.go:608.2,608.39 1 1
goldbox-rpg/pkg/game/guild.go:612.35,616.2 3 1
goldbox-rpg/pkg/game/guild.go:620.111,625.13 4 1
goldbox-rpg/pkg/game/guild.go:625.13,627.3 1 0
goldbox-rpg/pkg/game/guild.go:629.2,629.66 1 1
goldbox-rpg/pkg/game/guild.go:629.66,631.3 1 0
goldbox-rpg/pkg/game/guild.go:633.2,634.32 2 1
goldbox-rpg/pkg/game/guild.go:634.32,636.3 1 1
goldbox-rpg/pkg/game/guild.go:638.2,638.12 1 1
goldbox-rpg/pkg/game/guild.go:642.47,647.30 4 0
goldbox-rpg/pkg/game/guild.go:647.30,649.3 1 0
goldbox-rpg/pkg/game/guild.go:650.2,650.15 1 0
goldbox-rpg/pkg/game/guild.go:654.96,659.13 4 1
goldbox-rpg/pkg/game/guild.go:659.13,661.3 1 0
goldbox-rpg/pkg/game/guild.go:663.2,663.39 1 1
goldbox-rpg/pkg/game/guild.go:663.39,665.3 1 0
goldbox-rpg/pkg/game/guild.go:667.2,670.54 3 1
goldbox-rpg/pkg/game/guild.go:670.54,672.3 1 0
goldbox-rpg/pkg/game/guild.go:675.2,684.12 4 1
goldbox-rpg/pkg/game/item.go:50.44,52.2 1 1
goldbox-rpg/pkg/game/item.go:62.40,64.2 1 1
goldbox-rpg/pkg/game/item.go:75.32,77.2 1 1
goldbox-rpg/pkg/game/item.go:84.31,86.2 1 1
goldbox-rpg/pkg/game/item.go:93.33,95.2 1 1
goldbox-rpg/pkg/game/item.go:105.39,107.2 1 1
goldbox-rpg/pkg/game/item.go:119.35,121.2 1 1
goldbox-rpg/pkg/game/item.go:129.32,131.2 1 1
goldbox-rpg/pkg/game/item.go:138.34,140.2 1 1
goldbox-rpg/pkg/game/item.go:150.39,152.2 0 1
goldbox-rpg/pkg/game/item.go:167.48,169.2 1 1
goldbox-rpg/pkg/game/item.go:180.41,182.2 1 1
goldbox-rpg/pkg/game/logger.go:27.31,31.2 3 1
goldbox-rpg/pkg/game/logger.go:34.30,38.2 3 1
goldbox-rpg/pkg/game/map.go:21.46,22.53 1 1
goldbox-rpg/pkg/game/map.go:22.53,24.3 1 1
goldbox-rpg/pkg/game/map.go:25.2,25.23 1 1
goldbox-rpg/pkg/game/map.go:29.49,38.2 2 1
goldbox-rpg/pkg/game/modifier.go:33.77,39.2 1 1
goldbox-rpg/pkg/game/modifier.go:44.53,45.21 1 1
goldbox-rpg/pkg/game/modifier.go:46.14,47.29 1 1
goldbox-rpg/pkg/game/modifier.go:48.19,49.29 1 1
goldbox-rpg/pkg/game/modifier.go:50.14,51.17 1 1
goldbox-rpg/pkg/game/modifier.go:52.10,53.19 1 1
goldbox-rpg/pkg/game/morale.go:62.38,68.2 1 1
goldbox-rpg/pkg/game/morale.go:77.94,93.2 7 1
goldbox-rpg/pkg/game/morale.go:96.53,108.2 6 1
goldbox-rpg/pkg/game/morale.go:120.111,125.13 4 1
goldbox-rpg/pkg/game/morale.go:125.13,127.3 1 1
goldbox-rpg/pkg/game/morale.go:129.2,133.33 3 1
goldbox-rpg/pkg/game/morale.go:133.33,136.21 2 1
goldbox-rpg/pkg/game/morale.go:136.21,138.4 1 0
goldbox-rpg/pkg/game/morale.go:139.3,139.22 1 1
goldbox-rpg/pkg/game/morale.go:142.2,158.32 6 1
goldbox-rpg/pkg/game/morale.go:162.66,167.13 4 1
goldbox-rpg/pkg/game/morale.go:167.13,169.3 1 1
goldbox-rpg/pkg/game/morale.go:171.2,171.31 1 1
goldbox-rpg/pkg/game/morale.go:175.58,180.2 3 1
goldbox-rpg/pkg/game/morale.go:184.79,191.39 5 1
goldbox-rpg/pkg/game/morale.go:191.39,192.26 1 1
goldbox-rpg/pkg/game/morale.go:192.26,193.12 1 1
goldbox-rpg/pkg/game/morale.go:196.3,196.41 1 1
goldbox-rpg/pkg/game/morale.go:196.41,197.12 1 0
goldbox-rpg/pkg/game/morale.go:200.3,201.16 2 1
goldbox-rpg/pkg/game/morale.go:201.16,203.4 1 1
goldbox-rpg/pkg/game/morale.go:205.3,215.47 4 1
goldbox-rpg/pkg/game/morale.go:220.58,225.13 4 1
goldbox-rpg/pkg/game/morale.go:225.13,227.3 1 1
goldbox-rpg/pkg/game/morale.go:229.2,236.42 3 1
goldbox-rpg/pkg/game/morale.go:247.86,253.42 4 1
goldbox-rpg/pkg/game/morale.go:253.42,254.28 1 1
goldbox-rpg/pkg/game/morale.go:254.28,255.12 1 0
goldbox-rpg/pkg/game/morale.go:258.3,258.42 1 1
goldbox-rpg/pkg/game/morale.go:258.42,259.12 1 1
goldbox-rpg/pkg/game/morale.go:263.3,274.14 5 1
goldbox-rpg/pkg/game/morale.go:277.2,277.14 1 1
goldbox-rpg/pkg/game/morale.go:288.72,294.15 4 1
goldbox-rpg/pkg/game/morale.go:295.22,296.14 1 1
goldbox-rpg/pkg/game/morale.go:297.20,301.17 3 0
goldbox-rpg/pkg/game/morale.go:301.17,303.4 1 0
goldbox-rpg/pkg/game/morale.go:304.3,304.34 1 0
goldbox-rpg/pkg/game/morale.go:305.20,308.21 2 0
goldbox-rpg/pkg/game/morale.go:308.21,310.4 1 0
goldbox-rpg/pkg/game/morale.go:311.3,312.17 2 0
goldbox-rpg/pkg/game/morale.go:312.17,314.4 1 0
goldbox-rpg/pkg/game/morale.go:315.3,315.34 1 0
goldbox-rpg/pkg/game/morale.go:316.10,317.15 1 1
goldbox-rpg/pkg/game/morale.go:323.66,334.2 4 1
goldbox-rpg/pkg/game/morale.go:337.62,344.45 5 1
goldbox-rpg/pkg/game/morale.go:344.45,345.28 1 1
goldbox-rpg/pkg/game/morale.go:345.28,348.4 2 1
goldbox-rpg/pkg/game/morale.go:351.2,351.16 1 1
goldbox-rpg/pkg/game/morale.go:351.16,353.3 1 1
goldbox-rpg/pkg/game/morale.go:355.2,355.22 1 1
goldbox-rpg/pkg/game/morale.go:359.53,364.2 3 1
goldbox-rpg/pkg/game/morale.go:367.45,368.9 1 1
goldbox-rpg/pkg/game/morale.go:369.42,370.25 1 1
goldbox-rpg/pkg/game/morale.go:371.39,372.22 1 1
goldbox-rpg/pkg/game/morale.go:373.39,374.22 1 1
goldbox-rpg/pkg/game/morale.go:375.10,376.24 1 1
goldbox-rpg/pkg/game/morale.go:381.34,382.16 1 1
goldbox-rpg/pkg/game/morale.go:382.16,384.3 1 1
goldbox-rpg/pkg/game/morale.go:385.2,385.18 1 1
goldbox-rpg/pkg/game/morale.go:385.18,387.3 1 1
goldbox-rpg/pkg/game/morale.go:388.2,388.15 1 1
goldbox-rpg/pkg/game/morale.go:392.50,393.15 1 1
goldbox-rpg/pkg/game/morale.go:394.23,395.21 1 1
goldbox-rpg/pkg/game/morale.go:396.20,397.18 1 1
goldbox-rpg/pkg/game/morale.go:398.20,399.18 1 1
goldbox-rpg/pkg/game/morale.go:400.22,401.20 1 1
goldbox-rpg/pkg/game/morale.go:402.10,403.19 1 1
goldbox-rpg/pkg/game/pathfinding.go:31.46,33.2 1 1
goldbox-rpg/pkg/game/pathfinding.go:38.72,39.30 1 1
goldbox-rpg/pkg/game/pathfinding.go:39.30,41.3 1 1
goldbox-rpg/pkg/game/pathfinding.go:43.2,43.34 1 1
goldbox-rpg/pkg/game/pathfinding.go:43.34,45.3 1 1
goldbox-rpg/pkg/game/pathfinding.go:47.2,63.24 8 1
goldbox-rpg/pkg/game/pathfinding.go:63.24,66.55 2 1
goldbox-rpg/pkg/game/pathfinding.go:66.55,68.4 1 1
goldbox-rpg/pkg/game/pathfinding.go:70.3,72.57 2 1
goldbox-rpg/pkg/game/pathfinding.go:72.57,73.24 1 1
goldbox-rpg/pkg/game/pathfinding.go:73.24,74.13 1 1
goldbox-rpg/pkg/game/pathfinding.go:77.4,79.72 2 1
goldbox-rpg/pkg/game/pathfinding.go:79.72,80.13 1 1
goldbox-rpg/pkg/game/pathfinding.go:83.4,92.36 3 1
goldbox-rpg/pkg/game/pathfinding.go:96.2,96.19 1 1
goldbox-rpg/pkg/game/pathfinding.go:100.58,103.2 2 1
goldbox-rpg/pkg/game/pathfinding.go:106.61,110.2 3 1
goldbox-rpg/pkg/game/pathfinding.go:113.61,122.33 3 1
goldbox-rpg/pkg/game/pathfinding.go:122.33,124.28 2 1
goldbox-rpg/pkg/game/pathfinding.go:124.28,131.4 1 1
goldbox-rpg/pkg/game/pathfinding.go:134.2,134.18 1 1
goldbox-rpg/pkg/game/pathfinding.go:138.49,139.50 1 1
goldbox-rpg/pkg/game/pathfinding.go:139.50,141.3 1 1
goldbox-rpg/pkg/game/pathfinding.go:145.2,147.61 2 1
goldbox-rpg/pkg/game/pathfinding.go:147.61,149.3 1 1
goldbox-rpg/pkg/game/pathfinding.go:151.2,151.55 1 1
goldbox-rpg/pkg/game/pathfinding.go:151.55,153.3 1 0
goldbox-rpg/pkg/game/pathfinding.go:155.2,155.35 1 1
goldbox-rpg/pkg/game/pathfinding.go:159.66,161.18 2 1
goldbox-rpg/pkg/game/pathfinding.go:161.18,164.3 2 1
goldbox-rpg/pkg/game/pathfinding.go:165.2,165.13 1 1
goldbox-rpg/pkg/game/pathfinding.go:183.35,183.53 1 1
goldbox-rpg/pkg/game/pathfinding.go:187.45,189.2 1 1
goldbox-rpg/pkg/game/pathfinding.go:193.40,195.2 1 1
goldbox-rpg/pkg/game/pathfinding.go:199.46,201.2 1 1
goldbox-rpg/pkg/game/pathfinding.go:205.44,211.2 5 1
goldbox-rpg/pkg/game/player.go:44.30,64.2 6 0
goldbox-rpg/pkg/game/player.go:71.32,75.12 3 0
goldbox-rpg/pkg/game/player.go:75.12,77.3 1 0
goldbox-rpg/pkg/game/player.go:77.8,77.25 1 0
goldbox-rpg/pkg/game/player.go:77.25,79.3 1 0
goldbox-rpg/pkg/game/player.go:79.8,81.3 1 0
goldbox-rpg/pkg/game/player.go:89.33,93.2 3 0
goldbox-rpg/pkg/game/player.go:124.60,134.2 8 1
goldbox-rpg/pkg/game/player.go:137.75,138.49 1 1
goldbox-rpg/pkg/game/player.go:138.49,140.3 1 1
goldbox-rpg/pkg/game/player.go:141.2,141.63 1 1
goldbox-rpg/pkg/game/player.go:141.63,143.3 1 1
goldbox-rpg/pkg/game/player.go:144.2,144.59 1 1
goldbox-rpg/pkg/game/player.go:144.59,146.3 1 1
goldbox-rpg/pkg/game/player.go:150.78,151.49 1 1
goldbox-rpg/pkg/game/player.go:151.49,153.3 1 1
goldbox-rpg/pkg/game/player.go:154.2,154.49 1 1
goldbox-rpg/pkg/game/player.go:154.49,156.3 1 1
goldbox-rpg/pkg/game/player.go:157.2,157.57 1 1
goldbox-rpg/pkg/game/player.go:157.57,159.3 1 1
goldbox-rpg/pkg/game/player.go:160.2,160.65 1 1
goldbox-rpg/pkg/game/player.go:160.65,162.3 1 1
goldbox-rpg/pkg/game/player.go:166.70,167.49 1 1
goldbox-rpg/pkg/game/player.go:167.49,169.3 1 1
goldbox-rpg/pkg/game/player.go:170.2,170.53 1 1
goldbox-rpg/pkg/game/player.go:170.53,172.3 1 1
goldbox-rpg/pkg/game/player.go:173.2,173.50 1 1
goldbox-rpg/pkg/game/player.go:173.50,175.3 1 1
goldbox-rpg/pkg/game/player.go:176.2,176.55 1 1
goldbox-rpg/pkg/game/player.go:176.55,178.3 1 1
goldbox-rpg/pkg/game/player.go:179.2,179.50 1 1
goldbox-rpg/pkg/game/player.go:179.50,181.3 1 1
goldbox-rpg/pkg/game/player.go:182.2,182.54 1 1
goldbox-rpg/pkg/game/player.go:182.54,184.3 1 1
goldbox-rpg/pkg/game/player.go:188.71,189.42 1 1
goldbox-rpg/pkg/game/player.go:189.42,191.3 1 1
goldbox-rpg/pkg/game/player.go:192.2,192.49 1 1
goldbox-rpg/pkg/game/player.go:192.49,194.3 1 1
goldbox-rpg/pkg/game/player.go:195.2,195.51 1 1
goldbox-rpg/pkg/game/player.go:195.51,197.3 1 1
goldbox-rpg/pkg/game/player.go:198.2,198.48 1 1
goldbox-rpg/pkg/game/player.go:198.48,200.3 1 1
goldbox-rpg/pkg/game/player.go:204.72,205.46 1 1
goldbox-rpg/pkg/game/player.go:205.46,207.3 1 1
goldbox-rpg/pkg/game/player.go:211.80,212.48 1 1
goldbox-rpg/pkg/game/player.go:212.48,214.3 1 1
goldbox-rpg/pkg/game/player.go:215.2,215.53 1 1
goldbox-rpg/pkg/game/player.go:215.53,217.3 1 0
goldbox-rpg/pkg/game/player.go:217.8,217.58 1 1
goldbox-rpg/pkg/game/player.go:217.58,220.3 1 1
goldbox-rpg/pkg/game/player.go:229.34,230.14 1 1
goldbox-rpg/pkg/game/player.go:230.14,232.3 1 1
goldbox-rpg/pkg/game/player.go:234.2,250.14 7 1
goldbox-rpg/pkg/game/player.go:259.54,268.2 1 1
goldbox-rpg/pkg/game/player.go:308.49,312.13 3 1
goldbox-rpg/pkg/game/player.go:312.13,314.3 1 1
goldbox-rpg/pkg/game/player.go:317.2,317.65 1 1
goldbox-rpg/pkg/game/player.go:317.65,319.3 1 1
goldbox-rpg/pkg/game/player.go:321.2,324.66 2 1
goldbox-rpg/pkg/game/player.go:324.66,326.3 1 1
goldbox-rpg/pkg/game/player.go:328.2,328.12 1 1
goldbox-rpg/pkg/game/player.go:347.46,365.2 10 1
goldbox-rpg/pkg/game/player.go:376.36,388.2 1 1
goldbox-rpg/pkg/game/player.go:403.48,407.20 3 0
goldbox-rpg/pkg/game/player.go:407.20,409.3 1 0
goldbox-rpg/pkg/game/player.go:412.2,412.43 1 0
goldbox-rpg/pkg/game/player.go:412.43,413.35 1 0
goldbox-rpg/pkg/game/player.go:413.35,415.4 1 0
goldbox-rpg/pkg/game/player.go:419.2,422.12 3 0
goldbox-rpg/pkg/game/player.go:440.71,444.19 3 0
goldbox-rpg/pkg/game/player.go:444.19,446.3 1 0
goldbox-rpg/pkg/game/player.go:449.2,449.35 1 0
goldbox-rpg/pkg/game/player.go:449.35,450.26 1 0
goldbox-rpg/pkg/game/player.go:450.26,451.38 1 0
goldbox-rpg/pkg/game/player.go:451.38,453.5 1 0
goldbox-rpg/pkg/game/player.go:454.4,454.35 1 0
goldbox-rpg/pkg/game/player.go:454.35,456.5 1 0
goldbox-rpg/pkg/game/player.go:459.4,459.47 1 0
goldbox-rpg/pkg/game/player.go:459.47,460.29 1 0
goldbox-rpg/pkg/game/player.go:460.29,462.6 1 0
goldbox-rpg/pkg/game/player.go:466.4,468.29 2 0
goldbox-rpg/pkg/game/player.go:472.2,472.68 1 0
goldbox-rpg/pkg/game/player.go:491.91,495.19 3 0
goldbox-rpg/pkg/game/player.go:495.19,497.3 1 0
goldbox-rpg/pkg/game/player.go:498.2,498.18 1 0
goldbox-rpg/pkg/game/player.go:498.18,500.3 1 0
goldbox-rpg/pkg/game/player.go:503.2,503.35 1 0
goldbox-rpg/pkg/game/player.go:503.35,504.26 1 0
goldbox-rpg/pkg/game/player.go:504.26,505.35 1 0
goldbox-rpg/pkg/game/player.go:505.35,507.5 1 0
goldbox-rpg/pkg/game/player.go:510.4,510.69 1 0
goldbox-rpg/pkg/game/player.go:510.69,512.5 1 0
goldbox-rpg/pkg/game/player.go:515.4,516.38 2 0
goldbox-rpg/pkg/game/player.go:516.38,519.5 2 0
goldbox-rpg/pkg/game/player.go:519.10,522.5 2 0
goldbox-rpg/pkg/game/player.go:524.4,524.14 1 0
goldbox-rpg/pkg/game/player.go:528.2,528.63 1 0
goldbox-rpg/pkg/game/player.go:541.50,545.19 3 0
goldbox-rpg/pkg/game/player.go:545.19,547.3 1 0
goldbox-rpg/pkg/game/player.go:550.2,550.35 1 0
goldbox-rpg/pkg/game/player.go:550.35,551.26 1 0
goldbox-rpg/pkg/game/player.go:551.26,552.38 1 0
goldbox-rpg/pkg/game/player.go:552.38,554.5 1 0
goldbox-rpg/pkg/game/player.go:555.4,555.35 1 0
goldbox-rpg/pkg/game/player.go:555.35,557.5 1 0
goldbox-rpg/pkg/game/player.go:560.4,561.14 2 0
goldbox-rpg/pkg/game/player.go:565.2,565.63 1 0
goldbox-rpg/pkg/game/player.go:577.59,581.19 3 0
goldbox-rpg/pkg/game/player.go:581.19,583.3 1 0
goldbox-rpg/pkg/game/player.go:585.2,585.35 1 0
goldbox-rpg/pkg/game/player.go:585.35,586.26 1 0
goldbox-rpg/pkg/game/player.go:586.26,590.4 2 0
goldbox-rpg/pkg/game/player.go:593.2,593.68 1 0
goldbox-rpg/pkg/game/player.go:603.44,608.35 4 0
goldbox-rpg/pkg/game/player.go:608.35,609.34 1 0
goldbox-rpg/pkg/game/player.go:609.34,611.4 1 0
goldbox-rpg/pkg/game/player.go:614.2,614.21 1 0
goldbox-rpg/pkg/game/player.go:624.47,629.35 4 0
goldbox-rpg/pkg/game/player.go:629.35,630.37 1 0
goldbox-rpg/pkg/game/player.go:630.37,632.4 1 0
goldbox-rpg/pkg/game/player.go:635.2,635.24 1 0
goldbox-rpg/pkg/game/player.go:645.40,653.2 5 1
goldbox-rpg/pkg/game/player.go:657.50,661.38 3 1
goldbox-rpg/pkg/game/player.go:661.38,662.26 1 1
goldbox-rpg/pkg/game/player.go:662.26,664.4 1 1
goldbox-rpg/pkg/game/player.go:666.2,666.14 1 1
goldbox-rpg/pkg/game/player.go:671.48,676.43 3 1
goldbox-rpg/pkg/game/player.go:676.43,677.32 1 1
goldbox-rpg/pkg/game/player.go:677.32,679.4 1 1
goldbox-rpg/pkg/game/player.go:683.2,683.24 1 1
goldbox-rpg/pkg/game/player.go:683.24,685.3 1 1
goldbox-rpg/pkg/game/player.go:688.2,688.27 1 1
goldbox-rpg/pkg/game/player.go:688.27,690.3 1 1
goldbox-rpg/pkg/game/player.go:693.2,694.12 2 1
goldbox-rpg/pkg/game/player.go:699.39,700.17 1 1
goldbox-rpg/pkg/game/player.go:701.17,702.14 1 1
goldbox-rpg/pkg/game/player.go:703.19,704.14 1 0
goldbox-rpg/pkg/game/player.go:705.20,706.22 1 1
goldbox-rpg/pkg/game/player.go:707.19,708.22 1 0
goldbox-rpg/pkg/game/player.go:709.10,710.15 1 1
goldbox-rpg/pkg/game/spatial_index.go:38.65,51.2 1 1
goldbox-rpg/pkg/game/spatial_index.go:54.54,59.34 4 1
goldbox-rpg/pkg/game/spatial_index.go:59.34,61.3 1 1
goldbox-rpg/pkg/game/spatial_index.go:63.2,63.36 1 1
goldbox-rpg/pkg/game/spatial_index.go:67.55,72.2 3 1
goldbox-rpg/pkg/game/spatial_index.go:75.72,82.2 5 1
goldbox-rpg/pkg/game/spatial_index.go:85.90,90.2 3 1
goldbox-rpg/pkg/game/spatial_index.go:94.98,111.33 7 1
goldbox-rpg/pkg/game/spatial_index.go:111.33,118.39 5 1
goldbox-rpg/pkg/game/spatial_index.go:118.39,120.4 1 1
goldbox-rpg/pkg/game/spatial_index.go:123.2,123.15 1 1
goldbox-rpg/pkg/game/spatial_index.go:127.80,135.26 5 1
goldbox-rpg/pkg/game/spatial_index.go:135.26,138.24 2 1
goldbox-rpg/pkg/game/spatial_index.go:138.24,141.24 2 1
goldbox-rpg/pkg/game/spatial_index.go:141.24,143.5 1 1
goldbox-rpg/pkg/game/spatial_index.go:144.4,144.18 1 1
goldbox-rpg/pkg/game/spatial_index.go:146.3,146.14 1 0
goldbox-rpg/pkg/game/spatial_index.go:150.2,153.25 4 0
goldbox-rpg/pkg/game/spatial_index.go:153.25,155.3 1 0
goldbox-rpg/pkg/game/spatial_index.go:156.2,156.19 1 0
goldbox-rpg/pkg/game/spatial_index.go:160.65,165.34 3 1
goldbox-rpg/pkg/game/spatial_index.go:165.34,167.3 1 1
goldbox-rpg/pkg/game/spatial_index.go:169.2,176.15 4 1
goldbox-rpg/pkg/game/spatial_index.go:180.72,185.37 3 1
goldbox-rpg/pkg/game/spatial_index.go:185.37,187.3 1 1
goldbox-rpg/pkg/game/spatial_index.go:190.2,191.73 2 1
goldbox-rpg/pkg/game/spatial_index.go:191.73,193.3 1 1
goldbox-rpg/pkg/game/spatial_index.go:196.2,196.36 1 1
goldbox-rpg/pkg/game/spatial_index.go:200.33,209.2 3 1
goldbox-rpg/pkg/game/spatial_index.go:212.54,219.2 5 1
goldbox-rpg/pkg/game/spatial_index.go:232.77,235.36 2 1
goldbox-rpg/pkg/game/spatial_index.go:235.36,237.3 1 0
goldbox-rpg/pkg/game/spatial_index.go:239.2,239.17 1 1
goldbox-rpg/pkg/game/spatial_index.go:239.17,243.56 2 1
goldbox-rpg/pkg/game/spatial_index.go:243.56,245.4 1 1
goldbox-rpg/pkg/game/spatial_index.go:246.3,246.13 1 1
goldbox-rpg/pkg/game/spatial_index.go:250.2,250.38 1 1
goldbox-rpg/pkg/game/spatial_index.go:250.38,251.37 1 1
goldbox-rpg/pkg/game/spatial_index.go:251.37,253.4 1 1
goldbox-rpg/pkg/game/spatial_index.go:256.2,256.72 1 0
goldbox-rpg/pkg/game/spatial_index.go:259.78,260.17 1 1
goldbox-rpg/pkg/game/spatial_index.go:260.17,261.36 1 1
goldbox-rpg/pkg/game/spatial_index.go:261.36,262.31 1 1
goldbox-rpg/pkg/game/spatial_index.go:262.31,267.5 3 1
goldbox-rpg/pkg/game/spatial_index.go:269.3,269.69 1 1
goldbox-rpg/pkg/game/spatial_index.go:273.2,273.38 1 0
goldbox-rpg/pkg/game/spatial_index.go:273.38,274.56 1 0
goldbox-rpg/pkg/game/spatial_index.go:274.56,276.4 1 0
goldbox-rpg/pkg/game/spatial_index.go:279.2,279.68 1 0
goldbox-rpg/pkg/game/spatial_index.go:282.105,283.17 1 1
goldbox-rpg/pkg/game/spatial_index.go:283.17,284.34 1 1
goldbox-rpg/pkg/game/spatial_index.go:284.34,285.29 1 1
goldbox-rpg/pkg/game/spatial_index.go:285.29,290.5 4 1
goldbox-rpg/pkg/game/spatial_index.go:292.3,292.79 1 1
goldbox-rpg/pkg/game/spatial_index.go:295.2,295.38 1 0
goldbox-rpg/pkg/game/spatial_index.go:295.38,296.71 1 0
goldbox-rpg/pkg/game/spatial_index.go:296.71,298.4 1 0
goldbox-rpg/pkg/game/spatial_index.go:301.2,301.78 1 0
goldbox-rpg/pkg/game/spatial_index.go:304.92,305.39 1 1
goldbox-rpg/pkg/game/spatial_index.go:305.39,307.3 1 1
goldbox-rpg/pkg/game/spatial_index.go:309.2,309.17 1 1
goldbox-rpg/pkg/game/spatial_index.go:309.17,310.36 1 1
goldbox-rpg/pkg/game/spatial_index.go:310.36,312.30 2 1
goldbox-rpg/pkg/game/spatial_index.go:312.30,314.5 1 1
goldbox-rpg/pkg/game/spatial_index.go:316.3,316.9 1 1
goldbox-rpg/pkg/game/spatial_index.go:319.2,319.38 1 1
goldbox-rpg/pkg/game/spatial_index.go:319.38,321.3 1 1
goldbox-rpg/pkg/game/spatial_index.go:324.54,325.44 1 1
goldbox-rpg/pkg/game/spatial_index.go:325.44,327.3 1 0
goldbox-rpg/pkg/game/spatial_index.go:329.2,342.35 5 1
goldbox-rpg/pkg/game/spatial_index.go:342.35,344.39 2 1
goldbox-rpg/pkg/game/spatial_index.go:344.39,345.38 1 1
goldbox-rpg/pkg/game/spatial_index.go:345.38,347.10 2 1
goldbox-rpg/pkg/game/spatial_index.go:353.2,354.21 2 1
goldbox-rpg/pkg/game/spatial_index.go:357.57,361.2 3 1
goldbox-rpg/pkg/game/spatial_index.go:363.69,366.2 1 1
goldbox-rpg/pkg/game/spatial_index.go:368.65,371.2 1 1
goldbox-rpg/pkg/game/spatial_index.go:373.63,377.2 3 1
goldbox-rpg/pkg/game/spatial_index.go:379.79,380.38 1 1
goldbox-rpg/pkg/game/spatial_index.go:380.38,381.41 1 1
goldbox-rpg/pkg/game/spatial_index.go:381.41,384.21 3 1
goldbox-rpg/pkg/game/spatial_index.go:384.21,386.5 1 0
goldbox-rpg/pkg/game/spatial_index.go:391.94,393.28 2 1
goldbox-rpg/pkg/game/spatial_index.go:393.28,395.3 1 1
goldbox-rpg/pkg/game/spatial_index.go:397.2,397.17 1 1
goldbox-rpg/pkg/game/spatial_index.go:397.17,400.3 2 1
goldbox-rpg/pkg/game/spatial_index.go:400.8,401.39 1 1
goldbox-rpg/pkg/game/spatial_index.go:401.39,403.4 1 1
goldbox-rpg/pkg/game/spell.go:84.38,85.11 1 1
goldbox-rpg/pkg/game/spell.go:86.24,87.22 1 1
goldbox-rpg/pkg/game/spell.go:88.25,89.23 1 1
goldbox-rpg/pkg/game/spell.go:90.24,91.22 1 1
goldbox-rpg/pkg/game/spell.go:92.25,93.23 1 1
goldbox-rpg/pkg/game/spell.go:94.23,95.21 1 1
goldbox-rpg/pkg/game/spell.go:96.22,97.20 1 1
goldbox-rpg/pkg/game/spell.go:98.24,99.22 1 1
goldbox-rpg/pkg/game/spell.go:100.27,101.25 1 1
goldbox-rpg/pkg/game/spell.go:102.10,103.19 1 0
goldbox-rpg/pkg/game/spell.go:108.45,109.11 1 1
goldbox-rpg/pkg/game/spell.go:110.34,111.26 1 1
goldbox-rpg/pkg/game/spell.go:112.36,113.27 1 0
goldbox-rpg/pkg/game/spell.go:114.34,115.26 1 0
goldbox-rpg/pkg/game/spell.go:116.36,117.27 1 0
goldbox-rpg/pkg/game/spell.go:118.32,119.25 1 1
goldbox-rpg/pkg/game/spell.go:120.30,121.24 1 0
goldbox-rpg/pkg/game/spell.go:122.34,123.26 1 0
goldbox-rpg/pkg/game/spell.go:124.40,125.29 1 0
goldbox-rpg/pkg/game/spell.go:126.10,127.25 1 1
goldbox-rpg/pkg/game/spell.go:132.41,133.11 1 1
goldbox-rpg/pkg/game/spell.go:134.23,135.18 1 1
goldbox-rpg/pkg/game/spell.go:136.24,137.19 1 1
goldbox-rpg/pkg/game/spell.go:138.25,139.20 1 1
goldbox-rpg/pkg/game/spell.go:140.10,141.19 1 0
goldbox-rpg/pkg/game/spell.go:146.51,147.11 1 1
goldbox-rpg/pkg/game/spell.go:148.31,149.25 1 1
goldbox-rpg/pkg/game/spell.go:150.33,151.26 1 1
goldbox-rpg/pkg/game/spell.go:152.35,153.27 1 1
goldbox-rpg/pkg/game/spell.go:154.10,155.25 1 1
goldbox-rpg/pkg/game/spell_manager.go:23.54,28.2 1 1
goldbox-rpg/pkg/game/spell_manager.go:31.44,34.93 2 1
goldbox-rpg/pkg/game/spell_manager.go:34.93,35.58 1 1
goldbox-rpg/pkg/game/spell_manager.go:35.58,37.4 1 0
goldbox-rpg/pkg/game/spell_manager.go:39.3,40.17 2 1
goldbox-rpg/pkg/game/spell_manager.go:40.17,42.4 1 0
goldbox-rpg/pkg/game/spell_manager.go:44.3,44.30 1 1
goldbox-rpg/pkg/game/spell_manager.go:44.30,45.91 1 1
goldbox-rpg/pkg/game/spell_manager.go:45.91,46.13 1 0
goldbox-rpg/pkg/game/spell_manager.go:49.4,50.53 2 1
goldbox-rpg/pkg/game/spell_manager.go:50.53,52.5 1 0
goldbox-rpg/pkg/game/spell_manager.go:55.3,55.13 1 1
goldbox-rpg/pkg/game/spell_manager.go:60.62,63.93 2 1
goldbox-rpg/pkg/game/spell_manager.go:63.93,65.17 2 1
goldbox-rpg/pkg/game/spell_manager.go:65.17,67.4 1 0
goldbox-rpg/pkg/game/spell_manager.go:69.3,70.59 2 1
goldbox-rpg/pkg/game/spell_manager.go:70.59,72.4 1 0
goldbox-rpg/pkg/game/spell_manager.go:74.3,74.36 1 1
goldbox-rpg/pkg/game/spell_manager.go:74.36,78.50 2 1
goldbox-rpg/pkg/game/spell_manager.go:78.50,80.5 1 0
goldbox-rpg/pkg/game/spell_manager.go:82.4,82.31 1 1
goldbox-rpg/pkg/game/spell_manager.go:85.3,85.13 1 1
goldbox-rpg/pkg/game/spell_manager.go:90.59,91.20 1 1
goldbox-rpg/pkg/game/spell_manager.go:91.20,93.3 1 0
goldbox-rpg/pkg/game/spell_manager.go:94.2,94.22 1 1
goldbox-rpg/pkg/game/spell_manager.go:94.22,96.3 1 0
goldbox-rpg/pkg/game/spell_manager.go:97.2,97.21 1 1
goldbox-rpg/pkg/game/spell_manager.go:97.21,99.3 1 0
goldbox-rpg/pkg/game/spell_manager.go:100.2,100.21 1 1
goldbox-rpg/pkg/game/spell_manager.go:100.21,102.3 1 0
goldbox-rpg/pkg/game/spell_manager.go:103.2,103.24 1 1
goldbox-rpg/pkg/game/spell_manager.go:103.24,105.3 1 0
goldbox-rpg/pkg/game/spell_manager.go:106.2,106.12 1 1
goldbox-rpg/pkg/game/spell_manager.go:110.72,111.48 1 1
goldbox-rpg/pkg/game/spell_manager.go:111.48,113.3 1 0
goldbox-rpg/pkg/game/spell_manager.go:115.2,117.93 2 1
goldbox-rpg/pkg/game/spell_manager.go:117.93,123.17 3 1
goldbox-rpg/pkg/game/spell_manager.go:123.17,125.4 1 0
goldbox-rpg/pkg/game/spell_manager.go:127.3,128.61 2 1
goldbox-rpg/pkg/game/spell_manager.go:128.61,130.4 1 0
goldbox-rpg/pkg/game/spell_manager.go:133.3,134.13 2 1
goldbox-rpg/pkg/game/spell_manager.go:139.51,143.34 2 0
goldbox-rpg/pkg/game/spell_manager.go:143.34,145.3 1 0
goldbox-rpg/pkg/game/spell_manager.go:148.2,148.43 1 0
goldbox-rpg/pkg/game/spell_manager.go:148.43,150.42 1 0
goldbox-rpg/pkg/game/spell_manager.go:150.42,152.4 1 0
goldbox-rpg/pkg/game/spell_manager.go:154.3,156.17 3 0
goldbox-rpg/pkg/game/spell_manager.go:156.17,158.4 1 0
goldbox-rpg/pkg/game/spell_manager.go:160.3,161.17 2 0
goldbox-rpg/pkg/game/spell_manager.go:161.17,163.4 1 0
goldbox-rpg/pkg/game/spell_manager.go:163.9,165.4 1 0
goldbox-rpg/pkg/game/spell_manager.go:167.3,168.61 2 0
goldbox-rpg/pkg/game/spell_manager.go:168.61,170.4 1 0
goldbox-rpg/pkg/game/spell_manager.go:173.2,173.12 1 0
goldbox-rpg/pkg/game/spell_manager.go:177.66,179.13 2 1
goldbox-rpg/pkg/game/spell_manager.go:179.13,181.3 1 0
goldbox-rpg/pkg/game/spell_manager.go:184.2,185.24 2 1
goldbox-rpg/pkg/game/spell_manager.go:189.62,192.34 2 1
goldbox-rpg/pkg/game/spell_manager.go:192.34,193.27 1 1
goldbox-rpg/pkg/game/spell_manager.go:193.27,196.4 2 1
goldbox-rpg/pkg/game/spell_manager.go:200.2,200.41 1 1
goldbox-rpg/pkg/game/spell_manager.go:200.41,202.3 1 1
goldbox-rpg/pkg/game/spell_manager.go:204.2,204.15 1 1
goldbox-rpg/pkg/game/spell_manager.go:208.72,211.34 2 1
goldbox-rpg/pkg/game/spell_manager.go:211.34,212.29 1 1
goldbox-rpg/pkg/game/spell_manager.go:212.29,215.4 2 1
goldbox-rpg/pkg/game/spell_manager.go:219.2,219.41 1 1
goldbox-rpg/pkg/game/spell_manager.go:219.41,220.41 1 1
goldbox-rpg/pkg/game/spell_manager.go:220.41,222.4 1 1
goldbox-rpg/pkg/game/spell_manager.go:223.3,223.41 1 0
goldbox-rpg/pkg/game/spell_manager.go:226.2,226.15 1 1
goldbox-rpg/pkg/game/spell_manager.go:230.49,233.34 2 0
goldbox-rpg/pkg/game/spell_manager.go:233.34,236.3 2 0
goldbox-rpg/pkg/game/spell_manager.go:239.2,239.41 1 0
goldbox-rpg/pkg/game/spell_manager.go:239.41,240.41 1 0
goldbox-rpg/pkg/game/spell_manager.go:240.41,242.4 1 0
goldbox-rpg/pkg/game/spell_manager.go:243.3,243.41 1 0
goldbox-rpg/pkg/game/spell_manager.go:246.2,246.15 1 0
goldbox-rpg/pkg/game/spell_manager.go:250.54,251.48 1 1
goldbox-rpg/pkg/game/spell_manager.go:251.48,253.3 1 0
goldbox-rpg/pkg/game/spell_manager.go:255.2,255.46 1 1
goldbox-rpg/pkg/game/spell_manager.go:255.46,257.3 1 0
goldbox-rpg/pkg/game/spell_manager.go:259.2,260.12 2 1
goldbox-rpg/pkg/game/spell_manager.go:264.57,265.48 1 0
goldbox-rpg/pkg/game/spell_manager.go:265.48,267.3 1 0
goldbox-rpg/pkg/game/spell_manager.go:269.2,269.47 1 0
goldbox-rpg/pkg/game/spell_manager.go:269.47,271.3 1 0
goldbox-rpg/pkg/game/spell_manager.go:273.2,274.12 2 0
goldbox-rpg/pkg/game/spell_manager.go:278.59,279.46 1 0
goldbox-rpg/pkg/game/spell_manager.go:279.46,281.3 1 0
goldbox-rpg/pkg/game/spell_manager.go:283.2,284.12 2 0
goldbox-rpg/pkg/game/spell_manager.go:288.45,290.2 1 0
goldbox-rpg/pkg/game/spell_manager.go:293.60,296.34 2 0
goldbox-rpg/pkg/game/spell_manager.go:296.34,298.3 1 0
goldbox-rpg/pkg/game/spell_manager.go:300.2,300.15 1 0
goldbox-rpg/pkg/game/spell_manager.go:304.61,308.34 3 1
goldbox-rpg/pkg/game/spell_manager.go:308.34,310.59 1 1
goldbox-rpg/pkg/game/spell_manager.go:310.59,313.12 3 1
goldbox-rpg/pkg/game/spell_manager.go:317.3,317.66 1 1
goldbox-rpg/pkg/game/spell_manager.go:317.66,320.12 3 1
goldbox-rpg/pkg/game/spell_manager.go:324.3,324.48 1 1
goldbox-rpg/pkg/game/spell_manager.go:324.48,325.57 1 1
goldbox-rpg/pkg/game/spell_manager.go:325.57,328.10 3 1
goldbox-rpg/pkg/game/spell_manager.go:334.2,334.41 1 1
goldbox-rpg/pkg/game/spell_manager.go:334.41,335.41 1 1
goldbox-rpg/pkg/game/spell_manager.go:335.41,337.4 1 0
goldbox-rpg/pkg/game/spell_manager.go:338.3,338.41 1 1
goldbox-rpg/pkg/game/spell_manager.go:341.2,341.15 1 1
goldbox-rpg/pkg/game/tile.go:78.26,91.2 1 1
goldbox-rpg/pkg/game/tile.go:113.25,126.2 1 1
goldbox-rpg/pkg/game/utils.go:13.22,15.2 1 1
goldbox-rpg/pkg/game/utils.go:30.70,33.2 1 1
goldbox-rpg/pkg/game/utils.go:59.36,61.13 1 1
goldbox-rpg/pkg/game/utils.go:61.13,63.3 1 1
goldbox-rpg/pkg/game/utils.go:67.2,71.35 3 1
goldbox-rpg/pkg/game/utils.go:71.35,72.23 1 1
goldbox-rpg/pkg/game/utils.go:72.23,74.4 1 1
goldbox-rpg/pkg/game/utils.go:74.9,75.9 1 1
goldbox-rpg/pkg/game/utils.go:79.2,79.21 1 1
goldbox-rpg/pkg/game/utils.go:87.70,99.2 3 1
goldbox-rpg/pkg/game/utils.go:105.37,106.11 1 0
goldbox-rpg/pkg/game/utils.go:106.11,108.3 1 0
goldbox-rpg/pkg/game/utils.go:109.2,109.10 1 0
goldbox-rpg/pkg/game/utils.go:116.37,117.11 1 0
goldbox-rpg/pkg/game/utils.go:117.11,119.3 1 0
goldbox-rpg/pkg/game/utils.go:120.2,120.10 1 0
goldbox-rpg/pkg/game/utils.go:127.27,128.11 1 1
goldbox-rpg/pkg/game/utils.go:128.11,130.3 1 0
goldbox-rpg/pkg/game/utils.go:131.2,131.10 1 1
goldbox-rpg/pkg/game/utils.go:138.27,139.11 1 0
goldbox-rpg/pkg/game/utils.go:139.11,141.3 1 0
goldbox-rpg/pkg/game/utils.go:142.2,142.10 1 0
goldbox-rpg/pkg/game/utils.go:150.54,152.2 1 0
goldbox-rpg/pkg/game/utils.go:158.21,159.11 1 1
goldbox-rpg/pkg/game/utils.go:159.11,161.3 1 1
goldbox-rpg/pkg/game/utils.go:162.2,162.10 1 1
goldbox-rpg/pkg/game/utils.go:180.57,181.15 1 1
goldbox-rpg/pkg/game/utils.go:181.15,183.3 1 1
goldbox-rpg/pkg/game/utils.go:186.2,194.16 3 1
goldbox-rpg/pkg/game/utils.go:194.16,196.3 1 1
goldbox-rpg/pkg/game/utils.go:199.2,200.20 2 1
goldbox-rpg/pkg/game/utils.go:200.20,202.3 1 1
goldbox-rpg/pkg/game/utils.go:204.2,204.50 1 1
goldbox-rpg/pkg/game/world.go:28.67,38.39 4 1
goldbox-rpg/pkg/game/world.go:38.39,45.14 2 1
goldbox-rpg/pkg/game/world.go:46.18,47.49 1 1
goldbox-rpg/pkg/game/world.go:47.49,55.5 2 0
goldbox-rpg/pkg/game/world.go:56.18,57.26 1 1
goldbox-rpg/pkg/game/world.go:58.15,59.23 1 1
goldbox-rpg/pkg/game/world.go:60.23,61.27 1 1
goldbox-rpg/pkg/game/world.go:62.11,68.52 2 1
goldbox-rpg/pkg/game/world.go:72.2,78.12 2 1
goldbox-rpg/pkg/game/world.go:82.56,89.9 3 1
goldbox-rpg/pkg/game/world.go:89.9,96.3 2 0
goldbox-rpg/pkg/game/world.go:98.2,101.31 3 1
goldbox-rpg/pkg/game/world.go:101.31,107.28 4 1
goldbox-rpg/pkg/game/world.go:107.28,108.53 1 1
goldbox-rpg/pkg/game/world.go:108.53,119.5 2 0
goldbox-rpg/pkg/game/world.go:121.3,121.16 1 1
goldbox-rpg/pkg/game/world.go:124.2,131.12 2 1
goldbox-rpg/pkg/game/world.go:135.50,142.9 3 1
goldbox-rpg/pkg/game/world.go:142.9,149.3 2 0
goldbox-rpg/pkg/game/world.go:151.2,152.34 2 1
goldbox-rpg/pkg/game/world.go:152.34,155.3 2 1
goldbox-rpg/pkg/game/world.go:157.2,161.35 1 1
goldbox-rpg/pkg/game/world.go:165.47,167.9 2 1
goldbox-rpg/pkg/game/world.go:167.9,169.3 1 0
goldbox-rpg/pkg/game/world.go:171.2,171.28 1 1
goldbox-rpg/pkg/game/world.go:171.28,173.3 1 1
goldbox-rpg/pkg/game/world.go:177.51,179.9 2 1
goldbox-rpg/pkg/game/world.go:179.9,181.3 1 0
goldbox-rpg/pkg/game/world.go:183.2,183.22 1 1
goldbox-rpg/pkg/game/world.go:187.32,206.30 5 1
goldbox-rpg/pkg/game/world.go:206.30,208.3 1 1
goldbox-rpg/pkg/game/world.go:211.2,211.30 1 1
goldbox-rpg/pkg/game/world.go:211.30,213.3 1 1
goldbox-rpg/pkg/game/world.go:216.2,216.27 1 1
goldbox-rpg/pkg/game/world.go:216.27,218.3 1 1
goldbox-rpg/pkg/game/world.go:221.2,221.34 1 1
goldbox-rpg/pkg/game/world.go:221.34,225.3 3 1
goldbox-rpg/pkg/game/world.go:228.2,228.27 1 1
goldbox-rpg/pkg/game/world.go:228.27,230.37 2 1
goldbox-rpg/pkg/game/world.go:230.37,231.57 1 1
goldbox-rpg/pkg/game/world.go:231.57,234.13 1 0
goldbox-rpg/pkg/game/world.go:239.2,239.14 1 1
goldbox-rpg/pkg/game/world.go:269.24,279.2 1 1
goldbox-rpg/pkg/game/world.go:282.59,292.2 1 1
goldbox-rpg/pkg/game/world.go:295.49,299.49 3 1
goldbox-rpg/pkg/game/world.go:299.49,301.3 1 1
goldbox-rpg/pkg/game/world.go:303.2,310.27 4 1
goldbox-rpg/pkg/game/world.go:310.27,311.52 1 1
goldbox-rpg/pkg/game/world.go:311.52,315.4 1 0
goldbox-rpg/pkg/game/world.go:318.2,318.12 1 1
goldbox-rpg/pkg/game/world.go:322.57,327.40 4 1
goldbox-rpg/pkg/game/world.go:327.40,328.43 1 1
goldbox-rpg/pkg/game/world.go:328.43,330.4 1 1
goldbox-rpg/pkg/game/world.go:333.2,333.16 1 1
goldbox-rpg/pkg/game/world.go:337.69,346.39 2 1
goldbox-rpg/pkg/game/world.go:346.39,348.3 1 1
goldbox-rpg/pkg/game/world.go:351.2,352.38 2 1
goldbox-rpg/pkg/game/world.go:352.38,353.23 1 1
goldbox-rpg/pkg/game/world.go:353.23,355.4 1 1
goldbox-rpg/pkg/game/world.go:360.2,360.12 1 1
goldbox-rpg/pkg/game/world.go:364.59,367.2 1 1
goldbox-rpg/pkg/game/world.go:370.52,376.30 4 1
goldbox-rpg/pkg/game/world.go:376.30,378.3 1 1
goldbox-rpg/pkg/game/world.go:380.2,382.3 1 1
goldbox-rpg/pkg/game/world.go:386.64,390.27 3 1
goldbox-rpg/pkg/game/world.go:390.27,392.3 1 1
goldbox-rpg/pkg/game/world.go:395.2,396.32 2 1
goldbox-rpg/pkg/game/world.go:396.32,399.45 2 1
goldbox-rpg/pkg/game/world.go:399.45,401.4 1 1
goldbox-rpg/pkg/game/world.go:403.2,403.16 1 1
goldbox-rpg/pkg/game/world.go:407.82,411.27 3 1
goldbox-rpg/pkg/game/world.go:411.27,413.3 1 1
goldbox-rpg/pkg/game/world.go:416.2,417.32 2 1
goldbox-rpg/pkg/game/world.go:417.32,422.25 5 1
goldbox-rpg/pkg/game/world.go:422.25,424.4 1 1
goldbox-rpg/pkg/game/world.go:426.2,426.16 1 1
goldbox-rpg/pkg/game/world.go:430.72,434.27 3 1
goldbox-rpg/pkg/game/world.go:434.27,436.3 1 1
goldbox-rpg/pkg/game/world.go:439.2,445.32 3 1
goldbox-rpg/pkg/game/world.go:445.32,451.3 5 1
goldbox-rpg/pkg/game/world.go:454.2,454.41 1 1
goldbox-rpg/pkg/game/world.go:454.41,455.44 1 1
goldbox-rpg/pkg/game/world.go:455.44,456.55 1 1
goldbox-rpg/pkg/game/world.go:456.55,458.5 1 0
goldbox-rpg/pkg/game/world.go:462.2,464.25 3 1
goldbox-rpg/pkg/game/world.go:464.25,466.3 1 0
goldbox-rpg/pkg/game/world.go:467.2,467.29 1 1
goldbox-rpg/pkg/game/world.go:467.29,469.3 1 1
goldbox-rpg/pkg/game/world.go:470.2,470.15 1 1
goldbox-rpg/pkg/game/world.go:474.78,479.16 4 1
goldbox-rpg/pkg/game/world.go:479.16,481.3 1 0
goldbox-rpg/pkg/game/world.go:483.2,483.70 1 1
goldbox-rpg/pkg/game/world.go:483.70,485.3 1 0
goldbox-rpg/pkg/game/world.go:487.2,489.71 2 1
goldbox-rpg/pkg/game/world.go:489.71,491.3 1 0
goldbox-rpg/pkg/game/world.go:493.2,493.12 1 1
goldbox-rpg/pkg/game/world.go:497.85,499.13 2 1
goldbox-rpg/pkg/game/world.go:499.13,501.3 1 0
goldbox-rpg/pkg/game/world.go:502.2,502.36 1 1
goldbox-rpg/pkg/game/world.go:506.87,511.37 2 1
goldbox-rpg/pkg/game/world.go:511.37,512.79 1 1
goldbox-rpg/pkg/game/world.go:512.79,514.4 1 0
goldbox-rpg/pkg/game/world.go:515.8,516.49 1 0
goldbox-rpg/pkg/game/world.go:516.49,518.4 1 0
goldbox-rpg/pkg/game/world.go:520.2,520.12 1 1
goldbox-rpg/pkg/game/world.go:524.83,527.2 2 1
goldbox-rpg/pkg/game/world.go:530.76,531.54 1 1
goldbox-rpg/pkg/game/world.go:531.54,532.33 1 1
goldbox-rpg/pkg/game/world.go:532.33,533.22 1 1
goldbox-rpg/pkg/game/world.go:533.22,535.10 2 1
goldbox-rpg/pkg/game/world.go:538.3,538.35 1 1
goldbox-rpg/pkg/game/world.go:538.35,540.4 1 1
goldbox-rpg/pkg/game/world.go:545.71,547.2 1 1
goldbox-rpg/pkg/game/world.go:550.84,551.27 1 1
goldbox-rpg/pkg/game/world.go:551.27,552.65 1 1
goldbox-rpg/pkg/game/world.go:552.65,554.4 1 0
goldbox-rpg/pkg/game/world.go:556.2,556.12 1 1
goldbox-rpg/pkg/game/world.go:560.53,565.13 4 1
goldbox-rpg/pkg/game/world.go:565.13,567.3 1 0
goldbox-rpg/pkg/game/world.go:569.2,575.51 3 1
goldbox-rpg/pkg/game/world.go:575.51,576.30 1 1
goldbox-rpg/pkg/game/world.go:576.30,577.22 1 1
goldbox-rpg/pkg/game/world.go:577.22,579.10 2 1
goldbox-rpg/pkg/game/world.go:582.3,582.35 1 1
goldbox-rpg/pkg/game/world.go:582.35,584.4 1 1
goldbox-rpg/pkg/game/world.go:588.2,588.27 1 1
goldbox-rpg/pkg/game/world.go:588.27,589.57 1 1
goldbox-rpg/pkg/game/world.go:589.57,591.4 1 0
goldbox-rpg/pkg/game/world.go:594.2,594.12 1 1
goldbox-rpg/pkg/game/world.go:598.59,602.27 3 1
goldbox-rpg/pkg/game/world.go:602.27,605.3 2 1
goldbox-rpg/pkg/game/world.go:606.2,606.12 1 0
goldbox-rpg/pkg/game/world.go:628.55,630.43 2 0
goldbox-rpg/pkg/game/world.go:630.43,632.3 1 0
goldbox-rpg/pkg/game/world.go:634.2,641.38 6 0
goldbox-rpg/pkg/game/world.go:641.38,642.20 1 0
goldbox-rpg/pkg/game/world.go:642.20,644.4 1 0
goldbox-rpg/pkg/game/world.go:648.2,649.22 2 0
goldbox-rpg/pkg/game/world.go:649.22,651.3 1 0
goldbox-rpg/pkg/game/world.go:654.2,655.19 2 0
goldbox-rpg/pkg/game/world.go:655.19,657.3 1 0
goldbox-rpg/pkg/game/world.go:660.2,661.26 2 0
goldbox-rpg/pkg/game/world.go:661.26,663.3 1 0
goldbox-rpg/pkg/game/world.go:665.2,674.12 2 0
goldbox-rpg/pkg/game/world_types.go:64.56,70.2 5 1
goldbox-rpg/pkg/game/world_types.go:73.53,77.2 3 1
goldbox-rpg/pkg/wasmui/stub_native.go:18.31,20.2 1 1
goldbox-rpg/pkg/wasmui/stub_native.go:26.32,28.2 1 1
goldbox-rpg/pkg/wasmui/types.go:90.42,91.12 1 1
goldbox-rpg/pkg/wasmui/types.go:92.22,93.50 1 1
goldbox-rpg/pkg/wasmui/types.go:94.20,95.52 1 1
goldbox-rpg/pkg/wasmui/types.go:96.21,97.52 1 1
goldbox-rpg/pkg/wasmui/types.go:98.21,99.52 1 1
goldbox-rpg/pkg/wasmui/types.go:100.10,101.52 1 1
goldbox-rpg/scripts/find_untested_files.go:18.58,20.16 2 1
goldbox-rpg/scripts/find_untested_files.go:20.16,22.3 1 1
goldbox-rpg/scripts/find_untested_files.go:24.2,27.27 3 1
goldbox-rpg/scripts/find_untested_files.go:31.56,37.85 2 1
goldbox-rpg/scripts/find_untested_files.go:37.85,38.17 1 1
goldbox-rpg/scripts/find_untested_files.go:38.17,40.4 1 1
goldbox-rpg/scripts/find_untested_files.go:42.3,42.33 1 1
goldbox-rpg/scripts/find_untested_files.go:42.33,44.4 1 1
goldbox-rpg/scripts/find_untested_files.go:46.3,47.17 2 1
goldbox-rpg/scripts/find_untested_files.go:47.17,49.4 1 0
goldbox-rpg/scripts/find_untested_files.go:51.3,52.13 2 1
goldbox-rpg/scripts/find_untested_files.go:55.2,55.19 1 1
goldbox-rpg/scripts/find_untested_files.go:59.57,61.2 1 1
goldbox-rpg/scripts/find_untested_files.go:64.64,65.45 1 1
goldbox-rpg/scripts/find_untested_files.go:65.45,67.3 1 1
goldbox-rpg/scripts/find_untested_files.go:67.8,69.3 1 1
goldbox-rpg/scripts/find_untested_files.go:73.66,78.2 4 1
goldbox-rpg/scripts/find_untested_files.go:81.54,84.44 2 1
goldbox-rpg/scripts/find_untested_files.go:84.44,85.59 1 1
goldbox-rpg/scripts/find_untested_files.go:85.59,87.4 1 1
goldbox-rpg/scripts/find_untested_files.go:90.2,90.22 1 1
goldbox-rpg/scripts/find_untested_files.go:94.81,96.46 1 1
goldbox-rpg/scripts/find_untested_files.go:96.46,98.3 1 1
goldbox-rpg/scripts/find_untested_files.go:99.2,99.31 1 1
goldbox-rpg/scripts/find_untested_files.go:102.13,104.22 2 0
goldbox-rpg/scripts/find_untested_files.go:104.22,106.3 1 0
goldbox-rpg/scripts/find_untested_files.go:108.2,109.16 2 0
goldbox-rpg/scripts/find_untested_files.go:109.16,112.3 2 0
goldbox-rpg/scripts/find_untested_files.go:114.2,114.29 1 0
goldbox-rpg/scripts/find_untested_files.go:114.29,117.3 2 0
goldbox-rpg/scripts/find_untested_files.go:119.2,121.37 2 0
goldbox-rpg/scripts/find_untested_files.go:121.37,123.3 1 0
goldbox-rpg/scripts/find_untested_files.go:125.2,125.76 1 0
goldbox-rpg/pkg/validation/validation.go:30.62,53.2 5 1
goldbox-rpg/pkg/validation/validation.go:57.105,66.36 2 1
goldbox-rpg/pkg/validation/validation.go:66.36,75.3 2 1
goldbox-rpg/pkg/validation/validation.go:78.2,79.13 2 1
goldbox-rpg/pkg/validation/validation.go:79.13,86.3 2 1
goldbox-rpg/pkg/validation/validation.go:89.2,90.16 2 1
goldbox-rpg/pkg/validation/validation.go:90.16,97.3 1 1
goldbox-rpg/pkg/validation/validation.go:97.8,103.3 1 1
goldbox-rpg/pkg/validation/validation.go:104.2,104.12 1 1
goldbox-rpg/pkg/validation/validation.go:110.47,190.2 52 1
goldbox-rpg/pkg/validation/validation.go:194.65,197.2 1 1
goldbox-rpg/pkg/validation/validation.go:199.73,201.16 2 1
goldbox-rpg/pkg/validation/validation.go:201.16,203.3 1 1
goldbox-rpg/pkg/validation/validation.go:204.2,204.90 1 1
goldbox-rpg/pkg/validation/validation.go:207.70,209.2 1 1
goldbox-rpg/pkg/validation/validation.go:211.72,213.2 1 1
goldbox-rpg/pkg/validation/validation.go:215.76,217.16 2 1
goldbox-rpg/pkg/validation/validation.go:217.16,219.3 1 0
goldbox-rpg/pkg/validation/validation.go:221.2,221.112 1 1
goldbox-rpg/pkg/validation/validation.go:221.112,223.3 1 1
goldbox-rpg/pkg/validation/validation.go:224.2,224.98 1 1
goldbox-rpg/pkg/validation/validation.go:227.73,229.16 2 1
goldbox-rpg/pkg/validation/validation.go:229.16,231.3 1 1
goldbox-rpg/pkg/validation/validation.go:232.2,233.12 2 1
goldbox-rpg/pkg/validation/validation.go:236.76,238.16 2 1
goldbox-rpg/pkg/validation/validation.go:238.16,240.3 1 1
goldbox-rpg/pkg/validation/validation.go:241.2,241.94 1 1
goldbox-rpg/pkg/validation/validation.go:244.75,246.2 1 1
goldbox-rpg/pkg/validation/validation.go:248.65,250.9 2 1
goldbox-rpg/pkg/validation/validation.go:250.9,252.3 1 0
goldbox-rpg/pkg/validation/validation.go:255.2,255.59 1 1
goldbox-rpg/pkg/validation/validation.go:255.59,257.3 1 0
goldbox-rpg/pkg/validation/validation.go:261.2,265.42 4 1
goldbox-rpg/pkg/validation/validation.go:265.42,267.3 1 1
goldbox-rpg/pkg/validation/validation.go:270.2,270.24 1 1
goldbox-rpg/pkg/validation/validation.go:270.24,272.10 2 1
goldbox-rpg/pkg/validation/validation.go:272.10,274.4 1 1
goldbox-rpg/pkg/validation/validation.go:276.3,277.10 2 1
goldbox-rpg/pkg/validation/validation.go:277.10,279.4 1 0
goldbox-rpg/pkg/validation/validation.go:281.3,281.77 1 1
goldbox-rpg/pkg/validation/validation.go:281.77,283.4 1 1
goldbox-rpg/pkg/validation/validation.go:286.2,286.12 1 1
goldbox-rpg/pkg/validation/validation.go:289.72,291.2 1 1
goldbox-rpg/pkg/validation/validation.go:293.67,295.16 2 1
goldbox-rpg/pkg/validation/validation.go:295.16,297.3 1 1
goldbox-rpg/pkg/validation/validation.go:300.2,300.52 1 1
goldbox-rpg/pkg/validation/validation.go:305.88,307.13 2 1
goldbox-rpg/pkg/validation/validation.go:307.13,309.3 1 1
goldbox-rpg/pkg/validation/validation.go:311.2,312.9 2 1
goldbox-rpg/pkg/validation/validation.go:312.9,314.3 1 1
goldbox-rpg/pkg/validation/validation.go:316.2,316.42 1 1
goldbox-rpg/pkg/validation/validation.go:316.42,318.3 1 0
goldbox-rpg/pkg/validation/validation.go:320.2,320.12 1 1
goldbox-rpg/pkg/validation/validation.go:323.70,325.16 2 1
goldbox-rpg/pkg/validation/validation.go:325.16,327.3 1 1
goldbox-rpg/pkg/validation/validation.go:328.2,328.88 1 1
goldbox-rpg/pkg/validation/validation.go:331.70,333.2 1 1
goldbox-rpg/pkg/validation/validation.go:335.69,337.2 1 1
goldbox-rpg/pkg/validation/validation.go:339.74,341.2 1 1
goldbox-rpg/pkg/validation/validation.go:343.70,345.16 2 1
goldbox-rpg/pkg/validation/validation.go:345.16,347.3 1 1
goldbox-rpg/pkg/validation/validation.go:350.2,350.60 1 1
goldbox-rpg/pkg/validation/validation.go:353.72,355.16 2 1
goldbox-rpg/pkg/validation/validation.go:355.16,357.3 1 1
goldbox-rpg/pkg/validation/validation.go:358.2,359.12 2 1
goldbox-rpg/pkg/validation/validation.go:362.73,364.2 1 1
goldbox-rpg/pkg/validation/validation.go:368.50,370.9 2 1
goldbox-rpg/pkg/validation/validation.go:370.9,372.3 1 1
goldbox-rpg/pkg/validation/validation.go:374.2,374.43 1 1
goldbox-rpg/pkg/validation/validation.go:377.70,379.13 2 1
goldbox-rpg/pkg/validation/validation.go:379.13,381.3 1 1
goldbox-rpg/pkg/validation/validation.go:383.2,384.9 2 1
goldbox-rpg/pkg/validation/validation.go:384.9,386.3 1 1
goldbox-rpg/pkg/validation/validation.go:388.2,388.35 1 1
goldbox-rpg/pkg/validation/validation.go:391.36,394.32 2 1
goldbox-rpg/pkg/validation/validation.go:394.32,396.3 1 1
goldbox-rpg/pkg/validation/validation.go:397.2,397.12 1 1
goldbox-rpg/pkg/validation/validation.go:400.44,403.20 2 1
goldbox-rpg/pkg/validation/validation.go:403.20,405.3 1 1
goldbox-rpg/pkg/validation/validation.go:407.2,407.20 1 1
goldbox-rpg/pkg/validation/validation.go:407.20,409.3 1 1
goldbox-rpg/pkg/validation/validation.go:411.2,411.29 1 1
goldbox-rpg/pkg/validation/validation.go:411.29,413.3 1 0
goldbox-rpg/pkg/validation/validation.go:416.2,417.34 2 1
goldbox-rpg/pkg/validation/validation.go:417.34,419.3 1 1
goldbox-rpg/pkg/validation/validation.go:421.2,421.12 1 1
goldbox-rpg/pkg/validation/validation.go:424.47,427.2 1 1
goldbox-rpg/pkg/validation/validation.go:431.104,433.13 2 1
goldbox-rpg/pkg/validation/validation.go:433.13,435.3 1 1
goldbox-rpg/pkg/validation/validation.go:437.2,438.9 2 1
goldbox-rpg/pkg/validation/validation.go:438.9,440.3 1 1
goldbox-rpg/pkg/validation/validation.go:442.2,442.40 1 1
goldbox-rpg/pkg/validation/validation.go:442.40,444.3 1 1
goldbox-rpg/pkg/validation/validation.go:447.2,447.17 1 1
goldbox-rpg/pkg/validation/validation.go:447.17,449.3 1 0
goldbox-rpg/pkg/validation/validation.go:451.2,451.12 1 1
goldbox-rpg/pkg/validation/validation.go:454.49,463.42 3 1
goldbox-rpg/pkg/validation/validation.go:463.42,464.26 1 1
goldbox-rpg/pkg/validation/validation.go:464.26,466.4 1 1
goldbox-rpg/pkg/validation/validation.go:469.2,469.57 1 1
goldbox-rpg/pkg/validation/validation.go:472.44,476.23 2 1
goldbox-rpg/pkg/validation/validation.go:476.23,478.3 1 1
goldbox-rpg/pkg/validation/validation.go:480.2,480.24 1 1
goldbox-rpg/pkg/validation/validation.go:480.24,482.3 1 1
goldbox-rpg/pkg/validation/validation.go:484.2,485.38 2 1
goldbox-rpg/pkg/validation/validation.go:485.38,487.3 1 1
goldbox-rpg/pkg/validation/validation.go:489.2,489.12 1 1
goldbox-rpg/pkg/validation/validation.go:492.47,505.39 3 1
goldbox-rpg/pkg/validation/validation.go:505.39,506.24 1 1
goldbox-rpg/pkg/validation/validation.go:506.24,508.4 1 1
goldbox-rpg/pkg/validation/validation.go:511.2,511.55 1 1
goldbox-rpg/pkg/validation/validation.go:514.68,516.16 2 1
goldbox-rpg/pkg/validation/validation.go:516.16,518.3 1 1
goldbox-rpg/pkg/validation/validation.go:519.2,519.74 1 1
goldbox-rpg/pkg/validation/validation.go:519.74,521.3 1 1
goldbox-rpg/pkg/validation/validation.go:522.2,523.12 2 1
goldbox-rpg/pkg/validation/validation.go:526.70,528.2 1 1
goldbox-rpg/pkg/validation/validation.go:531.69,533.16 2 1
goldbox-rpg/pkg/validation/validation.go:533.16,535.3 1 1
goldbox-rpg/pkg/validation/validation.go:536.2,536.93 1 1
goldbox-rpg/pkg/validation/validation.go:540.72,543.2 2 1
goldbox-rpg/pkg/validation/validation.go:546.72,549.2 2 1
goldbox-rpg/pkg/validation/validation.go:552.68,553.19 1 1
goldbox-rpg/pkg/validation/validation.go:553.19,555.3 1 1
goldbox-rpg/pkg/validation/validation.go:556.2,557.9 2 1
goldbox-rpg/pkg/validation/validation.go:557.9,559.3 1 1
goldbox-rpg/pkg/validation/validation.go:560.2,560.49 1 1
goldbox-rpg/pkg/validation/validation.go:560.49,562.3 1 1
goldbox-rpg/pkg/validation/validation.go:563.2,563.12 1 1
goldbox-rpg/pkg/validation/validation.go:567.73,568.19 1 1
goldbox-rpg/pkg/validation/validation.go:568.19,570.3 1 1
goldbox-rpg/pkg/validation/validation.go:571.2,572.9 2 1
goldbox-rpg/pkg/validation/validation.go:572.9,574.3 1 0
goldbox-rpg/pkg/validation/validation.go:575.2,575.49 1 1
goldbox-rpg/pkg/validation/validation.go:575.49,577.3 1 1
goldbox-rpg/pkg/validation/validation.go:578.2,578.12 1 1
goldbox-rpg/pkg/validation/validation.go:582.73,584.2 1 1
goldbox-rpg/pkg/validation/validation.go:587.72,588.19 1 0
goldbox-rpg/pkg/validation/validation.go:588.19,590.3 1 0
goldbox-rpg/pkg/validation/validation.go:591.2,592.9 2 0
goldbox-rpg/pkg/validation/validation.go:592.9,594.3 1 0
goldbox-rpg/pkg/validation/validation.go:595.2,595.49 1 0
goldbox-rpg/pkg/validation/validation.go:595.49,597.3 1 0
goldbox-rpg/pkg/validation/validation.go:598.2,598.12 1 0
goldbox-rpg/pkg/validation/validation.go:602.69,604.2 1 0
goldbox-rpg/pkg/validation/validation.go:607.78,609.16 2 1
goldbox-rpg/pkg/validation/validation.go:609.16,611.3 1 0
goldbox-rpg/pkg/validation/validation.go:612.2,612.79 1 1
goldbox-rpg/pkg/validation/validation.go:616.76,618.16 2 1
goldbox-rpg/pkg/validation/validation.go:618.16,620.3 1 0
goldbox-rpg/pkg/validation/validation.go:621.2,621.98 1 1
goldbox-rpg/pkg/validation/validation.go:621.98,623.3 1 1
goldbox-rpg/pkg/validation/validation.go:624.2,624.86 1 1
goldbox-rpg/pkg/validation/validation.go:628.69,630.16 2 1
goldbox-rpg/pkg/validation/validation.go:630.16,632.3 1 0
goldbox-rpg/pkg/validation/validation.go:633.2,633.87 1 1
goldbox-rpg/pkg/validation/validation.go:637.77,639.16 2 1
goldbox-rpg/pkg/validation/validation.go:639.16,641.3 1 0
goldbox-rpg/pkg/validation/validation.go:642.2,643.12 2 1
goldbox-rpg/pkg/validation/validation.go:647.78,649.16 2 1
goldbox-rpg/pkg/validation/validation.go:649.16,651.3 1 0
goldbox-rpg/pkg/validation/validation.go:652.2,652.82 1 1
goldbox-rpg/pkg/validation/validation.go:656.73,658.16 2 1
goldbox-rpg/pkg/validation/validation.go:658.16,660.3 1 0
goldbox-rpg/pkg/validation/validation.go:661.2,661.89 1 1
goldbox-rpg/pkg/validation/validation.go:665.73,668.2 2 1
goldbox-rpg/pkg/validation/validation.go:671.74,674.2 2 1
goldbox-rpg/pkg/validation/validation.go:677.75,680.2 2 1
goldbox-rpg/pkg/validation/validation.go:683.69,686.2 2 1
goldbox-rpg/pkg/validation/validation.go:689.76,691.16 2 1
goldbox-rpg/pkg/validation/validation.go:691.16,693.3 1 1
goldbox-rpg/pkg/validation/validation.go:694.2,694.86 1 1
goldbox-rpg/pkg/validation/validation_helpers.go:12.93,14.9 2 1
goldbox-rpg/pkg/validation/validation_helpers.go:14.9,16.3 1 1
goldbox-rpg/pkg/validation/validation_helpers.go:17.2,17.22 1 1
goldbox-rpg/pkg/validation/validation_helpers.go:22.103,24.16 2 1
goldbox-rpg/pkg/validation/validation_helpers.go:24.16,26.3 1 1
goldbox-rpg/pkg/validation/validation_helpers.go:27.2,27.59 1 1
goldbox-rpg/pkg/validation/validation_helpers.go:27.59,29.3 1 1
goldbox-rpg/pkg/validation/validation_helpers.go:30.2,30.22 1 1
goldbox-rpg/pkg/validation/validation_helpers.go:35.133,37.13 2 1
goldbox-rpg/pkg/validation/validation_helpers.go:37.13,39.3 1 1
goldbox-rpg/pkg/validation/validation_helpers.go:41.2,42.9 2 1
goldbox-rpg/pkg/validation/validation_helpers.go:42.9,44.3 1 1
goldbox-rpg/pkg/validation/validation_helpers.go:46.2,46.22 1 1
goldbox-rpg/pkg/validation/validation_helpers.go:46.22,48.3 1 1
goldbox-rpg/pkg/validation/validation_helpers.go:49.2,49.12 1 1
goldbox-rpg/pkg/validation/validation_helpers.go:54.133,56.13 2 1
goldbox-rpg/pkg/validation/validation_helpers.go:56.13,58.3 1 0
goldbox-rpg/pkg/validation/validation_helpers.go:60.2,61.9 2 1
goldbox-rpg/pkg/validation/validation_helpers.go:61.9,63.3 1 1
goldbox-rpg/pkg/validation/validation_helpers.go:65.2,65.38 1 1
goldbox-rpg/pkg/validation/validation_helpers.go:65.38,67.3 1 1
goldbox-rpg/pkg/validation/validation_helpers.go:68.2,68.22 1 1
goldbox-rpg/pkg/validation/validation_helpers.go:73.137,75.13 2 1
goldbox-rpg/pkg/validation/validation_helpers.go:75.13,77.3 1 1
goldbox-rpg/pkg/validation/validation_helpers.go:79.2,80.9 2 1
goldbox-rpg/pkg/validation/validation_helpers.go:80.9,82.3 1 1
goldbox-rpg/pkg/validation/validation_helpers.go:84.2,84.22 1 1
goldbox-rpg/pkg/validation/validation_helpers.go:84.22,85.45 1 1
goldbox-rpg/pkg/validation/validation_helpers.go:85.45,87.4 1 1
goldbox-rpg/pkg/validation/validation_helpers.go:89.2,89.28 1 1
goldbox-rpg/pkg/validation/validation_helpers.go:93.86,94.40 1 0
goldbox-rpg/pkg/validation/validation_helpers.go:94.40,95.23 1 0
goldbox-rpg/pkg/validation/validation_helpers.go:95.23,97.4 1 0
goldbox-rpg/pkg/validation/validation_helpers.go:99.2,99.55 1 0
goldbox-rpg/pkg/validation/validation_helpers.go:103.43,104.36 1 1
goldbox-rpg/pkg/validation/validation_helpers.go:104.36,106.3 1 1
goldbox-rpg/pkg/validation/validation_helpers.go:107.2,107.12 1 1
goldbox-rpg/pkg/config/config.go:143.30,203.42 4 1
goldbox-rpg/pkg/config/config.go:203.42,210.3 2 1
goldbox-rpg/pkg/config/config.go:212.2,220.20 2 1
goldbox-rpg/pkg/config/config.go:242.72,248.21 2 1
goldbox-rpg/pkg/config/config.go:248.21,250.3 1 1
goldbox-rpg/pkg/config/config.go:252.2,312.42 36 1
goldbox-rpg/pkg/config/config.go:312.42,319.3 2 1
goldbox-rpg/pkg/config/config.go:321.2,329.20 2 1
goldbox-rpg/pkg/config/config.go:336.35,337.51 1 1
goldbox-rpg/pkg/config/config.go:337.51,339.3 1 1
goldbox-rpg/pkg/config/config.go:341.2,341.45 1 1
goldbox-rpg/pkg/config/config.go:341.45,343.3 1 1
goldbox-rpg/pkg/config/config.go:345.2,345.53 1 1
goldbox-rpg/pkg/config/config.go:345.53,347.3 1 1
goldbox-rpg/pkg/config/config.go:349.2,349.52 1 1
goldbox-rpg/pkg/config/config.go:349.52,351.3 1 0
goldbox-rpg/pkg/config/config.go:353.2,353.48 1 1
goldbox-rpg/pkg/config/config.go:353.48,355.3 1 0
goldbox-rpg/pkg/config/config.go:357.2,357.12 1 1
goldbox-rpg/pkg/config/config.go:363.49,365.46 1 1
goldbox-rpg/pkg/config/config.go:365.46,367.3 1 1
goldbox-rpg/pkg/config/config.go:370.2,372.39 3 1
goldbox-rpg/pkg/config/config.go:372.39,373.43 1 1
goldbox-rpg/pkg/config/config.go:373.43,375.9 2 1
goldbox-rpg/pkg/config/config.go:378.2,378.12 1 1
goldbox-rpg/pkg/config/config.go:378.12,380.3 1 1
goldbox-rpg/pkg/config/config.go:382.2,382.12 1 1
goldbox-rpg/pkg/config/config.go:388.43,389.36 1 1
goldbox-rpg/pkg/config/config.go:389.36,391.3 1 1
goldbox-rpg/pkg/config/config.go:393.2,393.36 1 1
goldbox-rpg/pkg/config/config.go:393.36,395.3 1 1
goldbox-rpg/pkg/config/config.go:397.2,397.12 1 1
goldbox-rpg/pkg/config/config.go:403.51,405.29 1 1
goldbox-rpg/pkg/config/config.go:405.29,407.3 1 1
goldbox-rpg/pkg/config/config.go:410.2,410.52 1 1
goldbox-rpg/pkg/config/config.go:410.52,412.3 1 1
goldbox-rpg/pkg/config/config.go:414.2,414.12 1 1
goldbox-rpg/pkg/config/config.go:420.50,421.24 1 1
goldbox-rpg/pkg/config/config.go:421.24,422.40 1 0
goldbox-rpg/pkg/config/config.go:422.40,424.4 1 0
goldbox-rpg/pkg/config/config.go:425.3,425.28 1 0
goldbox-rpg/pkg/config/config.go:425.28,427.4 1 0
goldbox-rpg/pkg/config/config.go:430.2,430.12 1 1
goldbox-rpg/pkg/config/config.go:436.46,437.20 1 1
goldbox-rpg/pkg/config/config.go:437.20,438.29 1 1
goldbox-rpg/pkg/config/config.go:438.29,440.4 1 0
goldbox-rpg/pkg/config/config.go:441.3,441.30 1 1
goldbox-rpg/pkg/config/config.go:441.30,443.4 1 0
goldbox-rpg/pkg/config/config.go:444.3,444.44 1 1
goldbox-rpg/pkg/config/config.go:444.44,446.4 1 0
goldbox-rpg/pkg/config/config.go:447.3,447.38 1 1
goldbox-rpg/pkg/config/config.go:447.38,449.4 1 0
goldbox-rpg/pkg/config/config.go:450.3,450.61 1 1
goldbox-rpg/pkg/config/config.go:450.61,452.4 1 0
goldbox-rpg/pkg/config/config.go:455.2,455.12 1 1
goldbox-rpg/pkg/config/config.go:461.52,466.21 3 1
goldbox-rpg/pkg/config/config.go:466.21,468.3 1 1
goldbox-rpg/pkg/config/config.go:471.2,471.43 1 1
goldbox-rpg/pkg/config/config.go:471.43,472.24 1 1
goldbox-rpg/pkg/config/config.go:472.24,474.4 1 1
goldbox-rpg/pkg/config/config.go:477.2,477.14 1 1
goldbox-rpg/pkg/config/config.go:484.53,493.2 1 1
goldbox-rpg/pkg/config/config.go:497.54,498.42 1 1
goldbox-rpg/pkg/config/config.go:498.42,500.3 1 1
goldbox-rpg/pkg/config/config.go:501.2,501.21 1 1
goldbox-rpg/pkg/config/config.go:504.52,505.42 1 1
goldbox-rpg/pkg/config/config.go:505.42,506.55 1 1
goldbox-rpg/pkg/config/config.go:506.55,508.4 1 1
goldbox-rpg/pkg/config/config.go:510.2,510.21 1 1
goldbox-rpg/pkg/config/config.go:513.58,514.42 1 1
goldbox-rpg/pkg/config/config.go:514.42,515.67 1 1
goldbox-rpg/pkg/config/config.go:515.67,517.4 1 1
goldbox-rpg/pkg/config/config.go:519.2,519.21 1 1
goldbox-rpg/pkg/config/config.go:522.55,523.42 1 1
goldbox-rpg/pkg/config/config.go:523.42,524.61 1 1
goldbox-rpg/pkg/config/config.go:524.61,526.4 1 1
goldbox-rpg/pkg/config/config.go:528.2,528.21 1 1
goldbox-rpg/pkg/config/config.go:531.77,532.42 1 1
goldbox-rpg/pkg/config/config.go:532.42,533.61 1 1
goldbox-rpg/pkg/config/config.go:533.61,535.4 1 1
goldbox-rpg/pkg/config/config.go:537.2,537.21 1 1
goldbox-rpg/pkg/config/config.go:540.70,541.42 1 1
goldbox-rpg/pkg/config/config.go:541.42,545.30 3 1
goldbox-rpg/pkg/config/config.go:545.30,546.57 1 1
goldbox-rpg/pkg/config/config.go:546.57,548.5 1 1
goldbox-rpg/pkg/config/config.go:550.3,550.16 1 1
goldbox-rpg/pkg/config/config.go:552.2,552.21 1 1
goldbox-rpg/pkg/config/config.go:555.64,556.42 1 1
goldbox-rpg/pkg/config/config.go:556.42,557.67 1 1
goldbox-rpg/pkg/config/config.go:557.67,559.4 1 1
goldbox-rpg/pkg/config/config.go:561.2,561.21 1 1
goldbox-rpg/pkg/config/config.go:567.111,569.75 1 1
goldbox-rpg/pkg/config/config.go:569.75,571.3 1 1
goldbox-rpg/pkg/config/config.go:574.2,574.42 1 1
goldbox-rpg/pkg/config/config.go:578.109,580.75 1 1
goldbox-rpg/pkg/config/config.go:580.75,581.55 1 1
goldbox-rpg/pkg/config/config.go:581.55,583.4 1 1
goldbox-rpg/pkg/config/config.go:587.2,587.39 1 1
goldbox-rpg/pkg/config/config.go:591.115,593.75 1 1
goldbox-rpg/pkg/config/config.go:593.75,594.67 1 1
goldbox-rpg/pkg/config/config.go:594.67,596.4 1 1
goldbox-rpg/pkg/config/config.go:600.2,600.41 1 1
goldbox-rpg/pkg/config/config.go:604.112,606.75 1 1
goldbox-rpg/pkg/config/config.go:606.75,607.61 1 1
goldbox-rpg/pkg/config/config.go:607.61,609.4 1 1
goldbox-rpg/pkg/config/config.go:613.2,613.40 1 1
goldbox-rpg/pkg/config/config.go:617.134,619.75 1 1
goldbox-rpg/pkg/config/config.go:619.75,620.61 1 1
goldbox-rpg/pkg/config/config.go:620.61,622.4 1 1
goldbox-rpg/pkg/config/config.go:626.2,626.44 1 1
goldbox-rpg/pkg/config/config.go:630.127,632.75 1 1
goldbox-rpg/pkg/config/config.go:632.75,636.30 3 1
goldbox-rpg/pkg/config/config.go:636.30,637.57 1 1
goldbox-rpg/pkg/config/config.go:637.57,639.5 1 1
goldbox-rpg/pkg/config/config.go:641.3,641.16 1 1
goldbox-rpg/pkg/config/config.go:645.2,645.47 1 1
goldbox-rpg/pkg/config/config.go:649.121,651.75 1 1
goldbox-rpg/pkg/config/config.go:651.75,652.67 1 1
goldbox-rpg/pkg/config/config.go:652.67,654.4 1 1
goldbox-rpg/pkg/config/config.go:658.2,658.43 1 1
goldbox-rpg/pkg/config/loader.go:32.54,36.81 3 1
goldbox-rpg/pkg/config/loader.go:36.81,38.17 2 1
goldbox-rpg/pkg/config/loader.go:38.17,40.4 1 1
goldbox-rpg/pkg/config/loader.go:42.3,42.54 1 1
goldbox-rpg/pkg/config/loader.go:42.54,44.4 1 1
goldbox-rpg/pkg/config/loader.go:46.3,46.13 1 1
goldbox-rpg/pkg/config/loader.go:48.2,48.16 1 1
goldbox-rpg/pkg/config/loader.go:48.16,50.3 1 1
goldbox-rpg/pkg/config/loader.go:52.2,52.19 1 1
goldbox-rpg/pkg/server/alerting.go:37.38,38.12 1 1
goldbox-rpg/pkg/server/alerting.go:39.22,40.16 1 1
goldbox-rpg/pkg/server/alerting.go:41.25,42.19 1 1
goldbox-rpg/pkg/server/alerting.go:43.26,44.20 1 1
goldbox-rpg/pkg/server/alerting.go:45.10,46.19 1 1
goldbox-rpg/pkg/server/alerting.go:69.54,78.21 2 1
goldbox-rpg/pkg/server/alerting.go:79.22,80.29 1 0
goldbox-rpg/pkg/server/alerting.go:81.25,82.29 1 1
goldbox-rpg/pkg/server/alerting.go:83.26,84.30 1 0
goldbox-rpg/pkg/server/alerting.go:115.116,122.2 1 1
goldbox-rpg/pkg/server/alerting.go:130.58,136.6 4 1
goldbox-rpg/pkg/server/alerting.go:136.6,137.10 1 1
goldbox-rpg/pkg/server/alerting.go:138.19,139.25 1 0
goldbox-rpg/pkg/server/alerting.go:140.22,142.10 2 1
goldbox-rpg/pkg/server/alerting.go:143.21,145.10 2 0
goldbox-rpg/pkg/server/alerting.go:152.38,154.2 1 1
goldbox-rpg/pkg/server/alerting.go:159.50,165.46 4 1
goldbox-rpg/pkg/server/alerting.go:165.46,174.3 1 1
goldbox-rpg/pkg/server/alerting.go:177.2,178.46 2 1
goldbox-rpg/pkg/server/alerting.go:178.46,187.3 1 1
goldbox-rpg/pkg/server/alerting.go:190.2,190.24 1 1
goldbox-rpg/pkg/server/alerting.go:190.24,192.49 2 1
goldbox-rpg/pkg/server/alerting.go:192.49,201.4 1 1
goldbox-rpg/pkg/server/alerting.go:206.2,210.47 2 1
goldbox-rpg/pkg/server/alerting.go:210.47,219.3 1 1
goldbox-rpg/pkg/server/alerting.go:223.47,232.2 1 1
goldbox-rpg/pkg/server/circuitbreaker.go:37.67,39.2 1 1
goldbox-rpg/pkg/server/circuitbreaker.go:42.97,44.2 1 1
goldbox-rpg/pkg/server/circuitbreaker_manager.go:27.101,29.2 1 1
goldbox-rpg/pkg/server/circuitbreaker_manager.go:32.103,34.2 1 1
goldbox-rpg/pkg/server/combat.go:91.36,102.2 1 1
goldbox-rpg/pkg/server/combat.go:111.73,117.57 2 1
goldbox-rpg/pkg/server/combat.go:117.57,119.3 1 1
goldbox-rpg/pkg/server/combat.go:121.2,121.70 1 1
goldbox-rpg/pkg/server/combat.go:121.70,123.64 1 1
goldbox-rpg/pkg/server/combat.go:123.64,129.4 2 0
goldbox-rpg/pkg/server/combat.go:130.3,130.29 1 1
goldbox-rpg/pkg/server/combat.go:133.2,133.57 1 1
goldbox-rpg/pkg/server/combat.go:133.57,135.3 1 1
goldbox-rpg/pkg/server/combat.go:137.2,137.57 1 1
goldbox-rpg/pkg/server/combat.go:137.57,139.3 1 1
goldbox-rpg/pkg/server/combat.go:141.2,141.74 1 1
goldbox-rpg/pkg/server/combat.go:141.74,143.3 1 1
goldbox-rpg/pkg/server/combat.go:145.2,145.73 1 1
goldbox-rpg/pkg/server/combat.go:145.73,147.3 1 1
goldbox-rpg/pkg/server/combat.go:149.2,153.12 2 1
goldbox-rpg/pkg/server/combat.go:157.45,172.36 3 1
goldbox-rpg/pkg/server/combat.go:172.36,176.3 3 1
goldbox-rpg/pkg/server/combat.go:179.2,181.14 2 1
goldbox-rpg/pkg/server/combat.go:185.59,191.36 4 1
goldbox-rpg/pkg/server/combat.go:191.36,195.3 3 0
goldbox-rpg/pkg/server/combat.go:197.2,207.3 3 1
goldbox-rpg/pkg/server/combat.go:247.60,253.61 2 1
goldbox-rpg/pkg/server/combat.go:253.61,261.3 2 1
goldbox-rpg/pkg/server/combat.go:263.2,270.18 3 1
goldbox-rpg/pkg/server/combat.go:278.63,285.63 2 1
goldbox-rpg/pkg/server/combat.go:285.63,291.3 2 1
goldbox-rpg/pkg/server/combat.go:293.2,308.12 9 1
goldbox-rpg/pkg/server/combat.go:311.41,312.25 1 1
goldbox-rpg/pkg/server/combat.go:312.25,314.3 1 0
goldbox-rpg/pkg/server/combat.go:315.2,315.60 1 1
goldbox-rpg/pkg/server/combat.go:318.34,320.70 1 0
goldbox-rpg/pkg/server/combat.go:320.70,327.3 2 0
goldbox-rpg/pkg/server/combat.go:329.2,333.43 3 0
goldbox-rpg/pkg/server/combat.go:333.43,334.37 1 0
goldbox-rpg/pkg/server/combat.go:334.37,336.9 2 0
goldbox-rpg/pkg/server/combat.go:340.2,340.21 1 0
goldbox-rpg/pkg/server/combat.go:340.21,341.64 1 0
goldbox-rpg/pkg/server/combat.go:341.64,348.4 1 0
goldbox-rpg/pkg/server/combat.go:352.2,356.26 3 0
goldbox-rpg/pkg/server/combat.go:356.26,358.3 1 0
goldbox-rpg/pkg/server/combat.go:360.2,360.19 1 0
goldbox-rpg/pkg/server/combat.go:360.19,362.3 1 0
goldbox-rpg/pkg/server/combat.go:371.45,377.20 2 1
goldbox-rpg/pkg/server/combat.go:377.20,382.3 2 0
goldbox-rpg/pkg/server/combat.go:385.2,385.29 1 1
goldbox-rpg/pkg/server/combat.go:385.29,390.3 2 0
goldbox-rpg/pkg/server/combat.go:393.2,393.43 1 1
goldbox-rpg/pkg/server/combat.go:393.43,400.3 2 0
goldbox-rpg/pkg/server/combat.go:402.2,405.26 3 1
goldbox-rpg/pkg/server/combat.go:405.26,411.3 2 0
goldbox-rpg/pkg/server/combat.go:414.2,426.19 5 1
goldbox-rpg/pkg/server/combat.go:431.45,445.41 5 0
goldbox-rpg/pkg/server/combat.go:445.41,456.55 3 0
goldbox-rpg/pkg/server/combat.go:456.55,468.4 3 0
goldbox-rpg/pkg/server/combat.go:471.2,474.49 1 0
goldbox-rpg/pkg/server/combat.go:481.43,487.37 2 0
goldbox-rpg/pkg/server/combat.go:487.37,492.3 2 0
goldbox-rpg/pkg/server/combat.go:494.2,500.29 3 0
goldbox-rpg/pkg/server/combat.go:500.29,506.3 3 0
goldbox-rpg/pkg/server/combat.go:508.2,511.14 2 0
goldbox-rpg/pkg/server/combat.go:519.65,521.2 0 0
goldbox-rpg/pkg/server/combat.go:527.51,540.51 5 0
goldbox-rpg/pkg/server/combat.go:540.51,541.21 1 0
goldbox-rpg/pkg/server/combat.go:541.21,544.35 3 0
goldbox-rpg/pkg/server/combat.go:544.35,546.5 1 0
goldbox-rpg/pkg/server/combat.go:548.4,552.31 1 0
goldbox-rpg/pkg/server/combat.go:556.2,561.15 2 0
goldbox-rpg/pkg/server/combat.go:565.33,571.42 2 0
goldbox-rpg/pkg/server/combat.go:571.42,574.3 2 0
goldbox-rpg/pkg/server/combat.go:576.2,594.37 6 0
goldbox-rpg/pkg/server/combat.go:605.75,614.45 3 1
goldbox-rpg/pkg/server/combat.go:614.45,616.3 1 1
goldbox-rpg/pkg/server/combat.go:616.8,616.58 1 0
goldbox-rpg/pkg/server/combat.go:616.58,618.3 1 0
goldbox-rpg/pkg/server/combat.go:618.8,625.3 3 0
goldbox-rpg/pkg/server/combat.go:627.2,630.17 3 1
goldbox-rpg/pkg/server/combat.go:630.17,636.3 2 0
goldbox-rpg/pkg/server/combat.go:638.2,646.18 2 1
goldbox-rpg/pkg/server/combat.go:646.18,652.3 2 0
goldbox-rpg/pkg/server/combat.go:653.2,653.12 1 1
goldbox-rpg/pkg/server/combat.go:674.74,676.19 1 1
goldbox-rpg/pkg/server/combat.go:676.19,686.24 4 1
goldbox-rpg/pkg/server/combat.go:686.24,688.4 1 1
goldbox-rpg/pkg/server/combat.go:690.3,697.23 2 1
goldbox-rpg/pkg/server/combat.go:700.2,716.30 5 0
goldbox-rpg/pkg/server/combat.go:723.69,739.43 5 0
goldbox-rpg/pkg/server/combat.go:739.43,745.3 2 0
goldbox-rpg/pkg/server/combat.go:746.2,763.47 4 0
goldbox-rpg/pkg/server/combat.go:784.103,811.2 4 0
goldbox-rpg/pkg/server/combat.go:823.110,832.13 3 1
goldbox-rpg/pkg/server/combat.go:832.13,839.3 3 0
goldbox-rpg/pkg/server/combat.go:841.2,847.20 3 1
goldbox-rpg/pkg/server/combat.go:847.20,849.47 2 0
goldbox-rpg/pkg/server/combat.go:849.47,855.4 3 0
goldbox-rpg/pkg/server/combat.go:858.2,864.54 3 1
goldbox-rpg/pkg/server/combat.go:864.54,870.3 2 0
goldbox-rpg/pkg/server/combat.go:872.2,882.20 3 1
goldbox-rpg/pkg/server/combat.go:886.64,892.39 2 0
goldbox-rpg/pkg/server/combat.go:892.39,895.3 2 0
goldbox-rpg/pkg/server/combat.go:897.2,905.12 4 0
goldbox-rpg/pkg/server/combat.go:908.69,916.35 4 0
goldbox-rpg/pkg/server/combat.go:916.35,918.29 2 0
goldbox-rpg/pkg/server/combat.go:918.29,919.17 1 0
goldbox-rpg/pkg/server/combat.go:919.17,921.10 2 0
goldbox-rpg/pkg/server/combat.go:924.3,924.15 1 0
goldbox-rpg/pkg/server/combat.go:924.15,926.4 1 0
goldbox-rpg/pkg/server/combat.go:930.2,930.61 1 0
goldbox-rpg/pkg/server/combat.go:930.61,937.3 2 0
goldbox-rpg/pkg/server/combat.go:939.2,941.12 3 0
goldbox-rpg/pkg/server/combat.go:944.48,951.43 3 0
goldbox-rpg/pkg/server/combat.go:951.43,952.49 1 0
goldbox-rpg/pkg/server/combat.go:952.49,954.4 1 0
goldbox-rpg/pkg/server/combat.go:954.9,956.4 1 0
goldbox-rpg/pkg/server/combat.go:958.2,958.38 1 0
goldbox-rpg/pkg/server/combat.go:961.52,963.2 1 1
goldbox-rpg/pkg/server/combat.go:966.36,972.25 2 1
goldbox-rpg/pkg/server/combat.go:972.25,975.3 2 1
goldbox-rpg/pkg/server/combat.go:977.2,984.41 4 1
goldbox-rpg/pkg/server/combat.go:994.75,995.26 1 1
goldbox-rpg/pkg/server/combat.go:995.26,997.3 1 1
goldbox-rpg/pkg/server/combat.go:1000.2,1001.38 2 1
goldbox-rpg/pkg/server/combat.go:1001.38,1002.21 1 1
goldbox-rpg/pkg/server/combat.go:1002.21,1004.4 1 1
goldbox-rpg/pkg/server/combat.go:1005.3,1005.21 1 1
goldbox-rpg/pkg/server/combat.go:1005.21,1007.4 1 1
goldbox-rpg/pkg/server/combat.go:1008.3,1008.24 1 1
goldbox-rpg/pkg/server/combat.go:1011.2,1011.12 1 1
goldbox-rpg/pkg/server/correlation.go:23.62,24.71 1 1
goldbox-rpg/pkg/server/correlation.go:24.71,27.26 2 1
goldbox-rpg/pkg/server/correlation.go:27.26,30.4 1 1
goldbox-rpg/pkg/server/correlation.go:31.3,31.26 1 1
goldbox-rpg/pkg/server/correlation.go:31.26,34.4 1 1
goldbox-rpg/pkg/server/correlation.go:37.3,60.23 9 1
goldbox-rpg/pkg/server/correlation.go:65.51,66.67 1 1
goldbox-rpg/pkg/server/correlation.go:66.67,68.3 1 1
goldbox-rpg/pkg/server/correlation.go:69.2,69.11 1 1
goldbox-rpg/pkg/server/correlation.go:73.83,75.2 1 1
goldbox-rpg/pkg/server/errors.go:60.39,61.23 1 1
goldbox-rpg/pkg/server/errors.go:61.23,63.3 1 1
goldbox-rpg/pkg/server/errors.go:64.2,64.59 1 1
goldbox-rpg/pkg/server/errors.go:67.39,69.2 1 1
goldbox-rpg/pkg/server/errors.go:72.76,78.2 1 1
goldbox-rpg/pkg/server/errors.go:88.42,89.23 1 1
goldbox-rpg/pkg/server/errors.go:89.23,92.3 1 1
goldbox-rpg/pkg/server/errors.go:93.2,93.72 1 0
goldbox-rpg/pkg/server/errors.go:96.42,98.2 1 1
goldbox-rpg/pkg/server/errors.go:101.98,108.2 1 1
goldbox-rpg/pkg/server/errors.go:118.43,119.43 1 1
goldbox-rpg/pkg/server/errors.go:119.43,122.3 1 1
goldbox-rpg/pkg/server/errors.go:123.2,123.23 1 0
goldbox-rpg/pkg/server/errors.go:123.23,125.3 1 0
goldbox-rpg/pkg/server/errors.go:126.2,126.63 1 0
goldbox-rpg/pkg/server/errors.go:129.43,131.2 1 1
goldbox-rpg/pkg/server/errors.go:134.94,141.2 1 1
goldbox-rpg/pkg/server/errors.go:150.43,152.2 1 1
goldbox-rpg/pkg/server/errors.go:154.43,156.2 1 1
goldbox-rpg/pkg/server/errors.go:159.80,165.2 1 1
goldbox-rpg/pkg/server/errors.go:174.35,175.24 1 1
goldbox-rpg/pkg/server/errors.go:175.24,177.3 1 1
goldbox-rpg/pkg/server/errors.go:178.2,178.59 1 0
goldbox-rpg/pkg/server/errors.go:181.35,183.2 1 1
goldbox-rpg/pkg/server/errors.go:186.77,192.2 1 1
goldbox-rpg/pkg/server/errors.go:201.41,202.22 1 1
goldbox-rpg/pkg/server/errors.go:202.22,204.3 1 1
goldbox-rpg/pkg/server/errors.go:205.2,205.61 1 0
goldbox-rpg/pkg/server/errors.go:208.41,210.2 1 1
goldbox-rpg/pkg/server/errors.go:213.79,219.2 1 1
goldbox-rpg/pkg/server/errors.go:244.47,245.16 1 1
goldbox-rpg/pkg/server/errors.go:245.16,247.3 1 1
goldbox-rpg/pkg/server/errors.go:250.2,251.30 2 1
goldbox-rpg/pkg/server/errors.go:251.30,253.3 1 1
goldbox-rpg/pkg/server/errors.go:255.2,256.29 2 1
goldbox-rpg/pkg/server/errors.go:256.29,258.3 1 1
goldbox-rpg/pkg/server/errors.go:260.2,261.30 2 1
goldbox-rpg/pkg/server/errors.go:261.30,263.3 1 1
goldbox-rpg/pkg/server/errors.go:265.2,266.28 2 1
goldbox-rpg/pkg/server/errors.go:266.28,268.3 1 1
goldbox-rpg/pkg/server/errors.go:270.2,271.29 2 1
goldbox-rpg/pkg/server/errors.go:271.29,273.3 1 1
goldbox-rpg/pkg/server/errors.go:275.2,276.28 2 1
goldbox-rpg/pkg/server/errors.go:276.28,278.3 1 1
goldbox-rpg/pkg/server/errors.go:281.2,281.9 1 1
goldbox-rpg/pkg/server/errors.go:285.38,286.30 1 1
goldbox-rpg/pkg/server/errors.go:291.36,292.33 1 1
goldbox-rpg/pkg/server/errors.go:296.33,297.34 1 1
goldbox-rpg/pkg/server/errors.go:301.36,302.32 1 1
goldbox-rpg/pkg/server/errors.go:314.32,315.31 1 1
goldbox-rpg/pkg/server/errors.go:317.10,318.30 1 1
goldbox-rpg/pkg/server/handlers.go:44.77,50.16 3 1
goldbox-rpg/pkg/server/handlers.go:50.16,52.3 1 1
goldbox-rpg/pkg/server/handlers.go:54.2,55.16 2 1
goldbox-rpg/pkg/server/handlers.go:55.16,57.3 1 1
goldbox-rpg/pkg/server/handlers.go:58.2,60.68 2 1
goldbox-rpg/pkg/server/handlers.go:60.68,62.3 1 0
goldbox-rpg/pkg/server/handlers.go:64.2,65.16 2 1
goldbox-rpg/pkg/server/handlers.go:65.16,67.3 1 0
goldbox-rpg/pkg/server/handlers.go:69.2,69.70 1 1
goldbox-rpg/pkg/server/handlers.go:69.70,71.3 1 0
goldbox-rpg/pkg/server/handlers.go:73.2,73.72 1 1
goldbox-rpg/pkg/server/handlers.go:73.72,75.3 1 0
goldbox-rpg/pkg/server/handlers.go:77.2,84.8 2 1
goldbox-rpg/pkg/server/handlers.go:93.3,100.53 2 1
goldbox-rpg/pkg/server/handlers.go:100.53,106.59 2 1
goldbox-rpg/pkg/server/handlers.go:106.59,112.4 2 1
goldbox-rpg/pkg/server/handlers.go:115.3,116.10 2 0
goldbox-rpg/pkg/server/handlers.go:116.10,118.4 1 0
goldbox-rpg/pkg/server/handlers.go:119.3,120.22 2 0
goldbox-rpg/pkg/server/handlers.go:123.2,123.18 1 1
goldbox-rpg/pkg/server/handlers.go:127.62,128.49 1 0
goldbox-rpg/pkg/server/handlers.go:129.20,130.35 1 0
goldbox-rpg/pkg/server/handlers.go:131.19,132.34 1 0
goldbox-rpg/pkg/server/handlers.go:133.20,134.35 1 0
goldbox-rpg/pkg/server/handlers.go:135.19,136.34 1 0
goldbox-rpg/pkg/server/handlers.go:137.10,138.18 1 0
goldbox-rpg/pkg/server/handlers.go:143.81,145.16 2 1
goldbox-rpg/pkg/server/handlers.go:145.16,151.3 2 1
goldbox-rpg/pkg/server/handlers.go:152.2,152.21 1 1
goldbox-rpg/pkg/server/handlers.go:156.74,157.37 1 1
goldbox-rpg/pkg/server/handlers.go:157.37,159.3 1 1
goldbox-rpg/pkg/server/handlers.go:161.2,161.56 1 0
goldbox-rpg/pkg/server/handlers.go:161.56,167.3 2 0
goldbox-rpg/pkg/server/handlers.go:169.2,169.52 1 0
goldbox-rpg/pkg/server/handlers.go:169.52,179.3 2 0
goldbox-rpg/pkg/server/handlers.go:181.2,181.12 1 0
goldbox-rpg/pkg/server/handlers.go:185.123,196.72 4 1
goldbox-rpg/pkg/server/handlers.go:196.72,202.3 2 0
goldbox-rpg/pkg/server/handlers.go:204.2,204.20 1 1
goldbox-rpg/pkg/server/handlers.go:208.76,209.37 1 1
goldbox-rpg/pkg/server/handlers.go:209.37,211.3 1 1
goldbox-rpg/pkg/server/handlers.go:213.2,213.54 1 0
goldbox-rpg/pkg/server/handlers.go:213.54,220.3 2 0
goldbox-rpg/pkg/server/handlers.go:222.2,229.12 2 0
goldbox-rpg/pkg/server/handlers.go:233.92,236.51 2 1
goldbox-rpg/pkg/server/handlers.go:236.51,242.3 2 0
goldbox-rpg/pkg/server/handlers.go:244.2,258.12 3 1
goldbox-rpg/pkg/server/handlers.go:282.79,293.53 3 1
goldbox-rpg/pkg/server/handlers.go:293.53,299.3 2 0
goldbox-rpg/pkg/server/handlers.go:301.2,302.16 2 1
goldbox-rpg/pkg/server/handlers.go:302.16,308.3 2 1
goldbox-rpg/pkg/server/handlers.go:309.2,311.37 2 1
goldbox-rpg/pkg/server/handlers.go:311.37,316.3 2 1
goldbox-rpg/pkg/server/handlers.go:318.2,318.64 1 1
goldbox-rpg/pkg/server/handlers.go:318.64,324.3 2 1
goldbox-rpg/pkg/server/handlers.go:327.2,327.62 1 1
goldbox-rpg/pkg/server/handlers.go:327.62,337.3 2 1
goldbox-rpg/pkg/server/handlers.go:339.2,347.16 3 1
goldbox-rpg/pkg/server/handlers.go:347.16,354.3 2 0
goldbox-rpg/pkg/server/handlers.go:357.2,357.64 1 1
goldbox-rpg/pkg/server/handlers.go:357.64,364.3 2 0
goldbox-rpg/pkg/server/handlers.go:365.2,376.20 3 1
goldbox-rpg/pkg/server/handlers.go:401.82,407.16 3 1
goldbox-rpg/pkg/server/handlers.go:407.16,409.3 1 0
goldbox-rpg/pkg/server/handlers.go:411.2,412.16 2 1
goldbox-rpg/pkg/server/handlers.go:412.16,414.3 1 1
goldbox-rpg/pkg/server/handlers.go:415.2,417.76 2 1
goldbox-rpg/pkg/server/handlers.go:417.76,419.3 1 1
goldbox-rpg/pkg/server/handlers.go:421.2,422.16 2 1
goldbox-rpg/pkg/server/handlers.go:422.16,424.3 1 1
goldbox-rpg/pkg/server/handlers.go:426.2,427.16 2 0
goldbox-rpg/pkg/server/handlers.go:427.16,429.3 1 0
goldbox-rpg/pkg/server/handlers.go:431.2,431.71 1 0
goldbox-rpg/pkg/server/handlers.go:431.71,433.3 1 0
goldbox-rpg/pkg/server/handlers.go:435.2,439.20 2 0
goldbox-rpg/pkg/server/handlers.go:449.3,457.53 2 1
goldbox-rpg/pkg/server/handlers.go:457.53,463.3 2 0
goldbox-rpg/pkg/server/handlers.go:465.2,465.18 1 1
goldbox-rpg/pkg/server/handlers.go:469.88,471.16 2 1
goldbox-rpg/pkg/server/handlers.go:471.16,477.3 2 1
goldbox-rpg/pkg/server/handlers.go:478.2,478.21 1 1
goldbox-rpg/pkg/server/handlers.go:482.82,484.37 1 1
goldbox-rpg/pkg/server/handlers.go:484.37,486.3 1 0
goldbox-rpg/pkg/server/handlers.go:489.2,489.56 1 1
goldbox-rpg/pkg/server/handlers.go:489.56,495.3 2 1
goldbox-rpg/pkg/server/handlers.go:498.2,498.53 1 1
goldbox-rpg/pkg/server/handlers.go:498.53,507.3 2 0
goldbox-rpg/pkg/server/handlers.go:509.2,509.12 1 1
goldbox-rpg/pkg/server/handlers.go:513.108,515.16 2 1
goldbox-rpg/pkg/server/handlers.go:515.16,522.3 2 0
goldbox-rpg/pkg/server/handlers.go:525.2,525.33 1 1
goldbox-rpg/pkg/server/handlers.go:525.33,532.3 2 1
goldbox-rpg/pkg/server/handlers.go:534.2,534.19 1 0
goldbox-rpg/pkg/server/handlers.go:538.140,547.16 3 0
goldbox-rpg/pkg/server/handlers.go:547.16,554.3 2 0
goldbox-rpg/pkg/server/handlers.go:556.2,556.20 1 0
goldbox-rpg/pkg/server/handlers.go:560.77,562.37 1 0
goldbox-rpg/pkg/server/handlers.go:562.37,564.3 1 0
goldbox-rpg/pkg/server/handlers.go:566.2,566.55 1 0
goldbox-rpg/pkg/server/handlers.go:566.55,573.3 2 0
goldbox-rpg/pkg/server/handlers.go:575.2,582.12 2 0
goldbox-rpg/pkg/server/handlers.go:604.84,614.53 3 1
goldbox-rpg/pkg/server/handlers.go:614.53,620.3 2 1
goldbox-rpg/pkg/server/handlers.go:622.2,622.36 1 1
goldbox-rpg/pkg/server/handlers.go:622.36,627.3 2 0
goldbox-rpg/pkg/server/handlers.go:630.2,631.28 2 1
goldbox-rpg/pkg/server/handlers.go:631.28,633.84 2 1
goldbox-rpg/pkg/server/handlers.go:633.84,640.4 2 0
goldbox-rpg/pkg/server/handlers.go:641.3,641.17 1 1
goldbox-rpg/pkg/server/handlers.go:644.2,650.68 3 1
goldbox-rpg/pkg/server/handlers.go:650.68,656.3 2 1
goldbox-rpg/pkg/server/handlers.go:659.2,660.43 2 0
goldbox-rpg/pkg/server/handlers.go:660.43,661.38 1 0
goldbox-rpg/pkg/server/handlers.go:661.38,662.72 1 0
goldbox-rpg/pkg/server/handlers.go:662.72,669.10 3 0
goldbox-rpg/pkg/server/handlers.go:673.2,709.8 6 0
goldbox-rpg/pkg/server/handlers.go:731.80,740.53 3 1
goldbox-rpg/pkg/server/handlers.go:740.53,746.3 2 1
goldbox-rpg/pkg/server/handlers.go:748.2,749.13 2 1
goldbox-rpg/pkg/server/handlers.go:749.13,755.3 2 1
goldbox-rpg/pkg/server/handlers.go:756.2,758.37 2 1
goldbox-rpg/pkg/server/handlers.go:758.37,763.3 2 0
goldbox-rpg/pkg/server/handlers.go:765.2,765.64 1 1
goldbox-rpg/pkg/server/handlers.go:765.64,771.3 2 0
goldbox-rpg/pkg/server/handlers.go:773.2,786.20 5 1
goldbox-rpg/pkg/server/handlers.go:786.20,788.42 2 1
goldbox-rpg/pkg/server/handlers.go:788.42,789.75 1 1
goldbox-rpg/pkg/server/handlers.go:789.75,796.10 3 1
goldbox-rpg/pkg/server/handlers.go:799.3,799.17 1 1
goldbox-rpg/pkg/server/handlers.go:802.2,802.43 1 1
goldbox-rpg/pkg/server/handlers.go:802.43,807.3 2 0
goldbox-rpg/pkg/server/handlers.go:810.2,827.8 3 1
goldbox-rpg/pkg/server/handlers.go:902.85,912.53 4 1
goldbox-rpg/pkg/server/handlers.go:912.53,915.3 2 1
goldbox-rpg/pkg/server/handlers.go:918.2,919.16 2 1
goldbox-rpg/pkg/server/handlers.go:919.16,922.3 2 1
goldbox-rpg/pkg/server/handlers.go:923.2,927.18 3 1
goldbox-rpg/pkg/server/handlers.go:927.18,930.3 2 0
goldbox-rpg/pkg/server/handlers.go:933.2,936.19 3 1
goldbox-rpg/pkg/server/handlers.go:940.89,946.27 2 1
goldbox-rpg/pkg/server/handlers.go:946.27,968.3 3 1
goldbox-rpg/pkg/server/handlers.go:970.2,970.19 1 1
goldbox-rpg/pkg/server/handlers.go:1000.84,1013.53 3 1
goldbox-rpg/pkg/server/handlers.go:1013.53,1019.3 2 1
goldbox-rpg/pkg/server/handlers.go:1021.2,1022.13 2 1
goldbox-rpg/pkg/server/handlers.go:1022.13,1028.3 2 1
goldbox-rpg/pkg/server/handlers.go:1031.2,1041.13 5 0
goldbox-rpg/pkg/server/handlers.go:1041.13,1047.3 2 0
goldbox-rpg/pkg/server/handlers.go:1049.2,1050.9 2 0
goldbox-rpg/pkg/server/handlers.go:1050.9,1056.3 2 0
goldbox-rpg/pkg/server/handlers.go:1058.2,1058.55 1 0
goldbox-rpg/pkg/server/handlers.go:1058.55,1064.3 2 0
goldbox-rpg/pkg/server/handlers.go:1066.2,1078.8 3 0
goldbox-rpg/pkg/server/handlers.go:1083.81,1092.53 3 1
goldbox-rpg/pkg/server/handlers.go:1092.53,1098.3 2 0
goldbox-rpg/pkg/server/handlers.go:1100.2,1100.26 1 1
goldbox-rpg/pkg/server/handlers.go:1100.26,1105.3 2 1
goldbox-rpg/pkg/server/handlers.go:1108.2,1135.8 9 1
goldbox-rpg/pkg/server/handlers.go:1162.88,1168.16 3 1
goldbox-rpg/pkg/server/handlers.go:1168.16,1170.3 1 0
goldbox-rpg/pkg/server/handlers.go:1172.2,1173.16 2 1
goldbox-rpg/pkg/server/handlers.go:1173.16,1175.3 1 1
goldbox-rpg/pkg/server/handlers.go:1177.2,1178.21 2 1
goldbox-rpg/pkg/server/handlers.go:1178.21,1188.3 2 1
goldbox-rpg/pkg/server/handlers.go:1190.2,1209.8 3 1
goldbox-rpg/pkg/server/handlers.go:1223.108,1225.53 2 1
goldbox-rpg/pkg/server/handlers.go:1225.53,1231.3 2 0
goldbox-rpg/pkg/server/handlers.go:1232.2,1232.18 1 1
goldbox-rpg/pkg/server/handlers.go:1236.110,1247.13 3 1
goldbox-rpg/pkg/server/handlers.go:1247.13,1253.3 2 1
goldbox-rpg/pkg/server/handlers.go:1255.2,1255.27 1 1
goldbox-rpg/pkg/server/handlers.go:1255.27,1265.3 2 1
goldbox-rpg/pkg/server/handlers.go:1267.2,1274.8 1 1
goldbox-rpg/pkg/server/handlers.go:1278.108,1282.2 3 1
goldbox-rpg/pkg/server/handlers.go:1285.86,1290.6 4 1
goldbox-rpg/pkg/server/handlers.go:1290.6,1292.50 2 1
goldbox-rpg/pkg/server/handlers.go:1292.50,1293.9 1 1
goldbox-rpg/pkg/server/handlers.go:1295.3,1298.62 1 0
goldbox-rpg/pkg/server/handlers.go:1301.2,1313.20 3 1
goldbox-rpg/pkg/server/handlers.go:1313.20,1315.3 1 1
goldbox-rpg/pkg/server/handlers.go:1317.2,1317.16 1 1
goldbox-rpg/pkg/server/handlers.go:1322.80,1327.13 4 1
goldbox-rpg/pkg/server/handlers.go:1327.13,1329.3 1 1
goldbox-rpg/pkg/server/handlers.go:1331.2,1331.27 1 1
goldbox-rpg/pkg/server/handlers.go:1331.27,1333.3 1 0
goldbox-rpg/pkg/server/handlers.go:1335.2,1335.21 1 1
goldbox-rpg/pkg/server/handlers.go:1346.101,1348.53 2 1
goldbox-rpg/pkg/server/handlers.go:1348.53,1354.3 2 1
goldbox-rpg/pkg/server/handlers.go:1356.2,1356.25 1 1
goldbox-rpg/pkg/server/handlers.go:1356.25,1361.3 2 0
goldbox-rpg/pkg/server/handlers.go:1363.2,1363.22 1 1
goldbox-rpg/pkg/server/handlers.go:1363.22,1368.3 2 0
goldbox-rpg/pkg/server/handlers.go:1370.2,1370.18 1 1
goldbox-rpg/pkg/server/handlers.go:1374.77,1375.36 1 1
goldbox-rpg/pkg/server/handlers.go:1375.36,1376.57 1 1
goldbox-rpg/pkg/server/handlers.go:1376.57,1382.4 2 1
goldbox-rpg/pkg/server/handlers.go:1384.2,1384.12 1 1
goldbox-rpg/pkg/server/handlers.go:1388.100,1390.17 2 1
goldbox-rpg/pkg/server/handlers.go:1390.17,1396.3 2 1
goldbox-rpg/pkg/server/handlers.go:1398.2,1399.20 2 1
goldbox-rpg/pkg/server/handlers.go:1399.20,1401.3 1 1
goldbox-rpg/pkg/server/handlers.go:1403.2,1403.31 1 1
goldbox-rpg/pkg/server/handlers.go:1403.31,1410.3 1 1
goldbox-rpg/pkg/server/handlers.go:1412.2,1412.20 1 1
goldbox-rpg/pkg/server/handlers.go:1436.80,1442.16 3 1
goldbox-rpg/pkg/server/handlers.go:1442.16,1444.3 1 1
goldbox-rpg/pkg/server/handlers.go:1446.2,1447.16 2 1
goldbox-rpg/pkg/server/handlers.go:1447.16,1449.3 1 1
goldbox-rpg/pkg/server/handlers.go:1451.2,1451.71 1 1
goldbox-rpg/pkg/server/handlers.go:1451.71,1453.3 1 1
goldbox-rpg/pkg/server/handlers.go:1455.2,1463.16 3 1
goldbox-rpg/pkg/server/handlers.go:1463.16,1469.3 2 1
goldbox-rpg/pkg/server/handlers.go:1471.2,1475.71 2 1
goldbox-rpg/pkg/server/handlers.go:1479.94,1480.50 1 0
goldbox-rpg/pkg/server/handlers.go:1480.50,1481.24 1 0
goldbox-rpg/pkg/server/handlers.go:1481.24,1483.4 1 0
goldbox-rpg/pkg/server/handlers.go:1485.2,1485.19 1 0
goldbox-rpg/pkg/server/handlers.go:1489.83,1494.53 2 1
goldbox-rpg/pkg/server/handlers.go:1494.53,1500.3 2 0
goldbox-rpg/pkg/server/handlers.go:1502.2,1502.25 1 1
goldbox-rpg/pkg/server/handlers.go:1502.25,1507.3 2 0
goldbox-rpg/pkg/server/handlers.go:1509.2,1509.27 1 1
goldbox-rpg/pkg/server/handlers.go:1513.89,1515.27 1 1
goldbox-rpg/pkg/server/handlers.go:1515.27,1516.48 1 0
goldbox-rpg/pkg/server/handlers.go:1516.48,1522.4 1 0
goldbox-rpg/pkg/server/handlers.go:1526.2,1526.31 1 1
goldbox-rpg/pkg/server/handlers.go:1530.71,1531.27 1 1
goldbox-rpg/pkg/server/handlers.go:1531.27,1533.69 1 1
goldbox-rpg/pkg/server/handlers.go:1533.69,1535.4 1 1
goldbox-rpg/pkg/server/handlers.go:1540.67,1545.13 4 1
goldbox-rpg/pkg/server/handlers.go:1545.13,1551.3 2 1
goldbox-rpg/pkg/server/handlers.go:1554.2,1567.12 5 1
goldbox-rpg/pkg/server/handlers.go:1586.82,1592.16 3 1
goldbox-rpg/pkg/server/handlers.go:1592.16,1594.3 1 0
goldbox-rpg/pkg/server/handlers.go:1596.2,1596.59 1 1
goldbox-rpg/pkg/server/handlers.go:1596.59,1598.3 1 1
goldbox-rpg/pkg/server/handlers.go:1600.2,1602.8 1 1
goldbox-rpg/pkg/server/handlers_equipment.go:31.82,42.53 3 1
goldbox-rpg/pkg/server/handlers_equipment.go:42.53,48.3 2 1
goldbox-rpg/pkg/server/handlers_equipment.go:51.2,52.16 2 1
goldbox-rpg/pkg/server/handlers_equipment.go:52.16,54.3 1 1
goldbox-rpg/pkg/server/handlers_equipment.go:56.2,60.16 3 1
goldbox-rpg/pkg/server/handlers_equipment.go:60.16,66.3 2 0
goldbox-rpg/pkg/server/handlers_equipment.go:69.2,70.66 2 1
goldbox-rpg/pkg/server/handlers_equipment.go:70.66,72.3 1 0
goldbox-rpg/pkg/server/handlers_equipment.go:75.2,75.59 1 1
goldbox-rpg/pkg/server/handlers_equipment.go:75.59,83.3 2 1
goldbox-rpg/pkg/server/handlers_equipment.go:86.2,102.25 4 1
goldbox-rpg/pkg/server/handlers_equipment.go:102.25,104.3 1 0
goldbox-rpg/pkg/server/handlers_equipment.go:106.2,106.22 1 1
goldbox-rpg/pkg/server/handlers_equipment.go:125.84,135.53 3 1
goldbox-rpg/pkg/server/handlers_equipment.go:135.53,141.3 2 1
goldbox-rpg/pkg/server/handlers_equipment.go:144.2,145.16 2 1
goldbox-rpg/pkg/server/handlers_equipment.go:145.16,147.3 1 1
goldbox-rpg/pkg/server/handlers_equipment.go:149.2,153.16 3 1
goldbox-rpg/pkg/server/handlers_equipment.go:153.16,159.3 2 0
goldbox-rpg/pkg/server/handlers_equipment.go:162.2,163.16 2 1
goldbox-rpg/pkg/server/handlers_equipment.go:163.16,173.3 2 0
goldbox-rpg/pkg/server/handlers_equipment.go:175.2,186.8 2 1
goldbox-rpg/pkg/server/handlers_equipment.go:203.85,212.53 3 1
goldbox-rpg/pkg/server/handlers_equipment.go:212.53,218.3 2 1
goldbox-rpg/pkg/server/handlers_equipment.go:221.2,222.16 2 1
goldbox-rpg/pkg/server/handlers_equipment.go:222.16,224.3 1 1
goldbox-rpg/pkg/server/handlers_equipment.go:226.2,234.40 5 1
goldbox-rpg/pkg/server/handlers_equipment.go:234.40,238.3 3 1
goldbox-rpg/pkg/server/handlers_equipment.go:241.2,255.8 3 1
goldbox-rpg/pkg/server/handlers_equipment.go:259.70,274.47 2 1
goldbox-rpg/pkg/server/handlers_equipment.go:274.47,276.3 1 1
goldbox-rpg/pkg/server/handlers_equipment.go:278.2,278.74 1 1
goldbox-rpg/pkg/server/handlers_equipment.go:282.60,295.45 2 1
goldbox-rpg/pkg/server/handlers_equipment.go:295.45,297.3 1 1
goldbox-rpg/pkg/server/handlers_equipment.go:299.2,299.18 1 0
goldbox-rpg/pkg/server/handlers_faction.go:32.91,36.53 3 1
goldbox-rpg/pkg/server/handlers_faction.go:36.53,38.3 1 0
goldbox-rpg/pkg/server/handlers_faction.go:40.2,41.16 2 1
goldbox-rpg/pkg/server/handlers_faction.go:41.16,44.17 2 1
goldbox-rpg/pkg/server/handlers_faction.go:44.17,46.4 1 1
goldbox-rpg/pkg/server/handlers_faction.go:49.2,52.8 1 1
goldbox-rpg/pkg/server/handlers_faction.go:56.92,62.53 3 0
goldbox-rpg/pkg/server/handlers_faction.go:62.53,64.3 1 0
goldbox-rpg/pkg/server/handlers_faction.go:66.2,72.8 2 0
goldbox-rpg/pkg/server/handlers_faction.go:76.83,80.53 3 1
goldbox-rpg/pkg/server/handlers_faction.go:80.53,82.3 1 0
goldbox-rpg/pkg/server/handlers_faction.go:85.2,86.16 2 1
goldbox-rpg/pkg/server/handlers_faction.go:86.16,88.17 2 1
goldbox-rpg/pkg/server/handlers_faction.go:88.17,90.4 1 0
goldbox-rpg/pkg/server/handlers_faction.go:93.2,93.98 1 1
goldbox-rpg/pkg/server/handlers_faction.go:93.98,95.3 1 0
goldbox-rpg/pkg/server/handlers_faction.go:97.2,100.8 1 1
goldbox-rpg/pkg/server/handlers_faction.go:104.83,108.53 3 0
goldbox-rpg/pkg/server/handlers_faction.go:108.53,110.3 1 0
goldbox-rpg/pkg/server/handlers_faction.go:112.2,112.86 1 0
goldbox-rpg/pkg/server/handlers_faction.go:112.86,114.3 1 0
goldbox-rpg/pkg/server/handlers_faction.go:116.2,119.8 1 0
goldbox-rpg/pkg/server/handlers_faction.go:123.84,127.53 3 0
goldbox-rpg/pkg/server/handlers_faction.go:127.53,129.3 1 0
goldbox-rpg/pkg/server/handlers_faction.go:131.2,131.87 1 0
goldbox-rpg/pkg/server/handlers_faction.go:131.87,133.3 1 0
goldbox-rpg/pkg/server/handlers_faction.go:135.2,138.8 1 0
goldbox-rpg/pkg/server/handlers_faction.go:142.88,146.53 3 1
goldbox-rpg/pkg/server/handlers_faction.go:146.53,148.3 1 0
goldbox-rpg/pkg/server/handlers_faction.go:151.2,152.16 2 1
goldbox-rpg/pkg/server/handlers_faction.go:152.16,154.17 2 1
goldbox-rpg/pkg/server/handlers_faction.go:154.17,156.4 1 0
goldbox-rpg/pkg/server/handlers_faction.go:159.2,159.91 1 1
goldbox-rpg/pkg/server/handlers_faction.go:159.91,161.3 1 0
goldbox-rpg/pkg/server/handlers_faction.go:163.2,166.8 1 1
goldbox-rpg/pkg/server/handlers_faction.go:170.87,174.53 3 0
goldbox-rpg/pkg/server/handlers_faction.go:174.53,176.3 1 0
goldbox-rpg/pkg/server/handlers_faction.go:178.2,178.90 1 0
goldbox-rpg/pkg/server/handlers_faction.go:178.90,180.3 1 0
goldbox-rpg/pkg/server/handlers_faction.go:182.2,185.8 1 0
goldbox-rpg/pkg/server/handlers_faction.go:189.86,193.53 3 0
goldbox-rpg/pkg/server/handlers_faction.go:193.53,195.3 1 0
goldbox-rpg/pkg/server/handlers_faction.go:197.2,197.89 1 0
goldbox-rpg/pkg/server/handlers_faction.go:197.89,199.3 1 0
goldbox-rpg/pkg/server/handlers_faction.go:201.2,204.8 1 0
goldbox-rpg/pkg/server/handlers_faction.go:208.82,212.53 3 1
goldbox-rpg/pkg/server/handlers_faction.go:212.53,214.3 1 0
goldbox-rpg/pkg/server/handlers_faction.go:217.2,218.16 2 1
goldbox-rpg/pkg/server/handlers_faction.go:218.16,220.17 2 1
goldbox-rpg/pkg/server/handlers_faction.go:220.17,222.4 1 0
goldbox-rpg/pkg/server/handlers_faction.go:225.2,225.94 1 1
goldbox-rpg/pkg/server/handlers_faction.go:225.94,227.3 1 0
goldbox-rpg/pkg/server/handlers_faction.go:229.2,232.8 1 1
goldbox-rpg/pkg/server/handlers_faction.go:236.91,240.53 3 1
goldbox-rpg/pkg/server/handlers_faction.go:240.53,242.3 1 0
goldbox-rpg/pkg/server/handlers_faction.go:245.2,246.16 2 1
goldbox-rpg/pkg/server/handlers_faction.go:246.16,248.17 2 1
goldbox-rpg/pkg/server/handlers_faction.go:248.17,250.4 1 0
goldbox-rpg/pkg/server/handlers_faction.go:253.2,253.93 1 1
goldbox-rpg/pkg/server/handlers_faction.go:253.93,255.3 1 0
goldbox-rpg/pkg/server/handlers_faction.go:257.2,260.8 1 1
goldbox-rpg/pkg/server/handlers_guild.go:49.84,53.53 3 1
goldbox-rpg/pkg/server/handlers_guild.go:53.53,55.3 1 0
goldbox-rpg/pkg/server/handlers_guild.go:57.2,58.16 2 1
goldbox-rpg/pkg/server/handlers_guild.go:58.16,60.3 1 1
goldbox-rpg/pkg/server/handlers_guild.go:61.2,65.16 4 1
goldbox-rpg/pkg/server/handlers_guild.go:65.16,67.3 1 0
goldbox-rpg/pkg/server/handlers_guild.go:69.2,73.8 1 1
goldbox-rpg/pkg/server/handlers_guild.go:77.81,81.53 3 1
goldbox-rpg/pkg/server/handlers_guild.go:81.53,83.3 1 0
goldbox-rpg/pkg/server/handlers_guild.go:85.2,86.16 2 1
goldbox-rpg/pkg/server/handlers_guild.go:86.16,88.3 1 1
goldbox-rpg/pkg/server/handlers_guild.go:90.2,93.8 1 1
goldbox-rpg/pkg/server/handlers_guild.go:97.90,103.53 3 0
goldbox-rpg/pkg/server/handlers_guild.go:103.53,105.3 1 0
goldbox-rpg/pkg/server/handlers_guild.go:107.2,108.16 2 0
goldbox-rpg/pkg/server/handlers_guild.go:108.16,110.3 1 0
goldbox-rpg/pkg/server/handlers_guild.go:111.2,115.16 4 0
goldbox-rpg/pkg/server/handlers_guild.go:115.16,121.3 1 0
goldbox-rpg/pkg/server/handlers_guild.go:123.2,126.8 1 0
goldbox-rpg/pkg/server/handlers_guild.go:130.82,134.53 3 0
goldbox-rpg/pkg/server/handlers_guild.go:134.53,136.3 1 0
goldbox-rpg/pkg/server/handlers_guild.go:138.2,139.16 2 0
goldbox-rpg/pkg/server/handlers_guild.go:139.16,141.3 1 0
goldbox-rpg/pkg/server/handlers_guild.go:142.2,145.90 3 0
goldbox-rpg/pkg/server/handlers_guild.go:145.90,147.3 1 0
goldbox-rpg/pkg/server/handlers_guild.go:149.2,152.8 1 0
goldbox-rpg/pkg/server/handlers_guild.go:156.83,162.53 3 0
goldbox-rpg/pkg/server/handlers_guild.go:162.53,164.3 1 0
goldbox-rpg/pkg/server/handlers_guild.go:166.2,167.16 2 0
goldbox-rpg/pkg/server/handlers_guild.go:167.16,169.3 1 0
goldbox-rpg/pkg/server/handlers_guild.go:170.2,173.63 3 0
goldbox-rpg/pkg/server/handlers_guild.go:173.63,175.3 1 0
goldbox-rpg/pkg/server/handlers_guild.go:177.2,180.8 1 0
goldbox-rpg/pkg/server/handlers_guild.go:184.88,188.53 3 0
goldbox-rpg/pkg/server/handlers_guild.go:188.53,190.3 1 0
goldbox-rpg/pkg/server/handlers_guild.go:192.2,193.16 2 0
goldbox-rpg/pkg/server/handlers_guild.go:193.16,195.3 1 0
goldbox-rpg/pkg/server/handlers_guild.go:196.2,199.87 3 0
goldbox-rpg/pkg/server/handlers_guild.go:199.87,201.3 1 0
goldbox-rpg/pkg/server/handlers_guild.go:203.2,206.8 1 0
goldbox-rpg/pkg/server/handlers_guild.go:210.91,214.53 3 0
goldbox-rpg/pkg/server/handlers_guild.go:214.53,216.3 1 0
goldbox-rpg/pkg/server/handlers_guild.go:218.2,219.16 2 0
goldbox-rpg/pkg/server/handlers_guild.go:219.16,221.3 1 0
goldbox-rpg/pkg/server/handlers_guild.go:222.2,225.92 3 0
goldbox-rpg/pkg/server/handlers_guild.go:225.92,227.3 1 0
goldbox-rpg/pkg/server/handlers_guild.go:229.2,232.8 1 0
goldbox-rpg/pkg/server/handlers_guild.go:236.90,240.53 3 0
goldbox-rpg/pkg/server/handlers_guild.go:240.53,242.3 1 0
goldbox-rpg/pkg/server/handlers_guild.go:244.2,245.16 2 0
goldbox-rpg/pkg/server/handlers_guild.go:245.16,247.3 1 0
goldbox-rpg/pkg/server/handlers_guild.go:248.2,251.90 3 0
goldbox-rpg/pkg/server/handlers_guild.go:251.90,253.3 1 0
goldbox-rpg/pkg/server/handlers_guild.go:255.2,258.8 1 0
goldbox-rpg/pkg/server/handlers_guild.go:262.85,266.53 3 0
goldbox-rpg/pkg/server/handlers_guild.go:266.53,268.3 1 0
goldbox-rpg/pkg/server/handlers_guild.go:270.2,271.16 2 0
goldbox-rpg/pkg/server/handlers_guild.go:271.16,273.3 1 0
goldbox-rpg/pkg/server/handlers_guild.go:274.2,277.85 3 0
goldbox-rpg/pkg/server/handlers_guild.go:277.85,279.3 1 0
goldbox-rpg/pkg/server/handlers_guild.go:281.2,284.8 1 0
goldbox-rpg/pkg/server/handlers_guild.go:288.86,292.53 3 0
goldbox-rpg/pkg/server/handlers_guild.go:292.53,294.3 1 0
goldbox-rpg/pkg/server/handlers_guild.go:296.2,297.16 2 0
goldbox-rpg/pkg/server/handlers_guild.go:297.16,299.3 1 0
goldbox-rpg/pkg/server/handlers_guild.go:300.2,303.86 3 0
goldbox-rpg/pkg/server/handlers_guild.go:303.86,305.3 1 0
goldbox-rpg/pkg/server/handlers_guild.go:307.2,310.8 1 0
goldbox-rpg/pkg/server/handlers_guild.go:314.83,324.2 3 1
goldbox-rpg/pkg/server/handlers_guild.go:327.92,331.53 3 0
goldbox-rpg/pkg/server/handlers_guild.go:331.53,333.3 1 0
goldbox-rpg/pkg/server/handlers_guild.go:335.2,336.16 2 0
goldbox-rpg/pkg/server/handlers_guild.go:336.16,338.3 1 0
goldbox-rpg/pkg/server/handlers_guild.go:339.2,342.105 3 0
goldbox-rpg/pkg/server/handlers_guild.go:342.105,344.3 1 0
goldbox-rpg/pkg/server/handlers_guild.go:346.2,349.8 1 0
goldbox-rpg/pkg/server/handlers_pcg.go:24.88,30.16 3 1
goldbox-rpg/pkg/server/handlers_pcg.go:30.16,32.3 1 0
goldbox-rpg/pkg/server/handlers_pcg.go:34.2,35.16 2 1
goldbox-rpg/pkg/server/handlers_pcg.go:35.16,37.3 1 0
goldbox-rpg/pkg/server/handlers_pcg.go:38.2,40.67 2 1
goldbox-rpg/pkg/server/handlers_pcg.go:40.67,42.3 1 0
goldbox-rpg/pkg/server/handlers_pcg.go:44.2,47.16 3 1
goldbox-rpg/pkg/server/handlers_pcg.go:47.16,49.3 1 0
goldbox-rpg/pkg/server/handlers_pcg.go:51.2,53.60 2 1
goldbox-rpg/pkg/server/handlers_pcg.go:57.110,60.53 2 1
goldbox-rpg/pkg/server/handlers_pcg.go:60.53,66.3 2 0
goldbox-rpg/pkg/server/handlers_pcg.go:68.2,68.18 1 1
goldbox-rpg/pkg/server/handlers_pcg.go:72.96,74.16 2 1
goldbox-rpg/pkg/server/handlers_pcg.go:74.16,76.3 1 0
goldbox-rpg/pkg/server/handlers_pcg.go:77.2,77.21 1 1
goldbox-rpg/pkg/server/handlers_pcg.go:81.94,82.27 1 1
goldbox-rpg/pkg/server/handlers_pcg.go:82.27,84.3 1 0
goldbox-rpg/pkg/server/handlers_pcg.go:86.2,86.26 1 1
goldbox-rpg/pkg/server/handlers_pcg.go:86.26,88.3 1 0
goldbox-rpg/pkg/server/handlers_pcg.go:90.2,90.12 1 1
goldbox-rpg/pkg/server/handlers_pcg.go:94.83,95.25 1 1
goldbox-rpg/pkg/server/handlers_pcg.go:95.25,97.3 1 0
goldbox-rpg/pkg/server/handlers_pcg.go:101.98,106.42 4 1
goldbox-rpg/pkg/server/handlers_pcg.go:107.30,108.117 1 0
goldbox-rpg/pkg/server/handlers_pcg.go:109.28,110.129 1 0
goldbox-rpg/pkg/server/handlers_pcg.go:111.29,112.113 1 0
goldbox-rpg/pkg/server/handlers_pcg.go:113.29,114.108 1 1
goldbox-rpg/pkg/server/handlers_pcg.go:115.10,116.74 1 0
goldbox-rpg/pkg/server/handlers_pcg.go:119.2,119.16 1 1
goldbox-rpg/pkg/server/handlers_pcg.go:119.16,121.3 1 0
goldbox-rpg/pkg/server/handlers_pcg.go:123.2,123.21 1 1
goldbox-rpg/pkg/server/handlers_pcg.go:127.80,135.2 1 1
goldbox-rpg/pkg/server/handlers_pcg.go:138.127,146.2 1 1
goldbox-rpg/pkg/server/handlers_pcg.go:161.114,164.53 2 0
goldbox-rpg/pkg/server/handlers_pcg.go:164.53,170.3 2 0
goldbox-rpg/pkg/server/handlers_pcg.go:172.2,172.18 1 0
goldbox-rpg/pkg/server/handlers_pcg.go:176.95,178.16 2 0
goldbox-rpg/pkg/server/handlers_pcg.go:178.16,180.3 1 0
goldbox-rpg/pkg/server/handlers_pcg.go:181.2,183.26 2 0
goldbox-rpg/pkg/server/handlers_pcg.go:183.26,185.3 1 0
goldbox-rpg/pkg/server/handlers_pcg.go:187.2,187.12 1 0
goldbox-rpg/pkg/server/handlers_pcg.go:191.87,192.20 1 0
goldbox-rpg/pkg/server/handlers_pcg.go:192.20,194.3 1 0
goldbox-rpg/pkg/server/handlers_pcg.go:195.2,195.21 1 0
goldbox-rpg/pkg/server/handlers_pcg.go:195.21,197.3 1 0
goldbox-rpg/pkg/server/handlers_pcg.go:198.2,198.25 1 0
goldbox-rpg/pkg/server/handlers_pcg.go:198.25,200.3 1 0
goldbox-rpg/pkg/server/handlers_pcg.go:201.2,201.22 1 0
goldbox-rpg/pkg/server/handlers_pcg.go:201.22,203.3 1 0
goldbox-rpg/pkg/server/handlers_pcg.go:204.2,204.25 1 0
goldbox-rpg/pkg/server/handlers_pcg.go:204.25,206.3 1 0
goldbox-rpg/pkg/server/handlers_pcg.go:207.2,207.28 1 0
goldbox-rpg/pkg/server/handlers_pcg.go:207.28,209.3 1 0
goldbox-rpg/pkg/server/handlers_pcg.go:213.100,218.16 4 0
goldbox-rpg/pkg/server/handlers_pcg.go:218.16,220.3 1 0
goldbox-rpg/pkg/server/handlers_pcg.go:222.2,222.21 1 0
goldbox-rpg/pkg/server/handlers_pcg.go:226.84,235.2 1 0
goldbox-rpg/pkg/server/handlers_pcg.go:238.131,247.2 1 0
goldbox-rpg/pkg/server/handlers_pcg.go:250.90,256.16 3 0
goldbox-rpg/pkg/server/handlers_pcg.go:256.16,258.3 1 0
goldbox-rpg/pkg/server/handlers_pcg.go:260.2,260.66 1 0
goldbox-rpg/pkg/server/handlers_pcg.go:260.66,262.3 1 0
goldbox-rpg/pkg/server/handlers_pcg.go:264.2,267.16 3 0
goldbox-rpg/pkg/server/handlers_pcg.go:267.16,269.3 1 0
goldbox-rpg/pkg/server/handlers_pcg.go:271.2,273.62 2 0
goldbox-rpg/pkg/server/handlers_pcg.go:277.86,292.53 3 1
goldbox-rpg/pkg/server/handlers_pcg.go:292.53,298.3 2 0
goldbox-rpg/pkg/server/handlers_pcg.go:299.2,300.16 2 1
goldbox-rpg/pkg/server/handlers_pcg.go:300.16,302.3 1 0
goldbox-rpg/pkg/server/handlers_pcg.go:303.2,305.26 2 1
goldbox-rpg/pkg/server/handlers_pcg.go:305.26,307.3 1 0
goldbox-rpg/pkg/server/handlers_pcg.go:310.2,310.20 1 1
goldbox-rpg/pkg/server/handlers_pcg.go:310.20,312.3 1 0
goldbox-rpg/pkg/server/handlers_pcg.go:313.2,313.25 1 1
goldbox-rpg/pkg/server/handlers_pcg.go:313.25,315.3 1 0
goldbox-rpg/pkg/server/handlers_pcg.go:316.2,316.25 1 1
goldbox-rpg/pkg/server/handlers_pcg.go:316.25,318.3 1 0
goldbox-rpg/pkg/server/handlers_pcg.go:319.2,319.26 1 1
goldbox-rpg/pkg/server/handlers_pcg.go:319.26,321.3 1 0
goldbox-rpg/pkg/server/handlers_pcg.go:323.2,330.16 5 1
goldbox-rpg/pkg/server/handlers_pcg.go:330.16,332.3 1 0
goldbox-rpg/pkg/server/handlers_pcg.go:334.2,348.8 2 1
goldbox-rpg/pkg/server/handlers_pcg.go:363.106,365.53 2 0
goldbox-rpg/pkg/server/handlers_pcg.go:365.53,371.3 2 0
goldbox-rpg/pkg/server/handlers_pcg.go:372.2,372.18 1 0
goldbox-rpg/pkg/server/handlers_pcg.go:376.76,378.16 2 0
goldbox-rpg/pkg/server/handlers_pcg.go:378.16,380.3 1 0
goldbox-rpg/pkg/server/handlers_pcg.go:381.2,382.12 2 0
goldbox-rpg/pkg/server/handlers_pcg.go:386.79,387.20 1 0
goldbox-rpg/pkg/server/handlers_pcg.go:387.20,389.3 1 0
goldbox-rpg/pkg/server/handlers_pcg.go:390.2,390.21 1 0
goldbox-rpg/pkg/server/handlers_pcg.go:390.21,392.3 1 0
goldbox-rpg/pkg/server/handlers_pcg.go:393.2,393.24 1 0
goldbox-rpg/pkg/server/handlers_pcg.go:393.24,395.3 1 0
goldbox-rpg/pkg/server/handlers_pcg.go:396.2,396.21 1 0
goldbox-rpg/pkg/server/handlers_pcg.go:396.21,398.3 1 0
goldbox-rpg/pkg/server/handlers_pcg.go:399.2,399.25 1 0
goldbox-rpg/pkg/server/handlers_pcg.go:399.25,401.3 1 0
goldbox-rpg/pkg/server/handlers_pcg.go:402.2,402.29 1 0
goldbox-rpg/pkg/server/handlers_pcg.go:402.29,404.3 1 0
goldbox-rpg/pkg/server/handlers_pcg.go:408.94,413.16 4 0
goldbox-rpg/pkg/server/handlers_pcg.go:413.16,415.3 1 0
goldbox-rpg/pkg/server/handlers_pcg.go:417.2,417.19 1 0
goldbox-rpg/pkg/server/handlers_pcg.go:421.121,442.2 2 0
goldbox-rpg/pkg/server/handlers_pcg.go:445.86,451.16 3 0
goldbox-rpg/pkg/server/handlers_pcg.go:451.16,453.3 1 0
goldbox-rpg/pkg/server/handlers_pcg.go:455.2,455.72 1 0
goldbox-rpg/pkg/server/handlers_pcg.go:455.72,457.3 1 0
goldbox-rpg/pkg/server/handlers_pcg.go:459.2,462.16 3 0
goldbox-rpg/pkg/server/handlers_pcg.go:462.16,464.3 1 0
goldbox-rpg/pkg/server/handlers_pcg.go:466.2,466.56 1 0
goldbox-rpg/pkg/server/handlers_pcg.go:481.86,487.16 3 0
goldbox-rpg/pkg/server/handlers_pcg.go:487.16,489.3 1 0
goldbox-rpg/pkg/server/handlers_pcg.go:491.2,491.72 1 0
goldbox-rpg/pkg/server/handlers_pcg.go:491.72,493.3 1 0
goldbox-rpg/pkg/server/handlers_pcg.go:495.2,498.16 3 0
goldbox-rpg/pkg/server/handlers_pcg.go:498.16,500.3 1 0
goldbox-rpg/pkg/server/handlers_pcg.go:502.2,504.56 2 0
goldbox-rpg/pkg/server/handlers_pcg.go:508.104,511.53 2 0
goldbox-rpg/pkg/server/handlers_pcg.go:511.53,517.3 2 0
goldbox-rpg/pkg/server/handlers_pcg.go:519.2,519.18 1 0
goldbox-rpg/pkg/server/handlers_pcg.go:523.76,525.16 2 0
goldbox-rpg/pkg/server/handlers_pcg.go:525.16,527.3 1 0
goldbox-rpg/pkg/server/handlers_pcg.go:528.2,529.12 2 0
goldbox-rpg/pkg/server/handlers_pcg.go:533.77,534.25 1 0
goldbox-rpg/pkg/server/handlers_pcg.go:534.25,536.3 1 0
goldbox-rpg/pkg/server/handlers_pcg.go:537.2,537.25 1 0
goldbox-rpg/pkg/server/handlers_pcg.go:537.25,539.3 1 0
goldbox-rpg/pkg/server/handlers_pcg.go:540.2,540.28 1 0
goldbox-rpg/pkg/server/handlers_pcg.go:540.28,542.3 1 0
goldbox-rpg/pkg/server/handlers_pcg.go:543.2,543.28 1 0
goldbox-rpg/pkg/server/handlers_pcg.go:543.28,545.3 1 0
goldbox-rpg/pkg/server/handlers_pcg.go:546.2,546.26 1 0
goldbox-rpg/pkg/server/handlers_pcg.go:546.26,548.3 1 0
goldbox-rpg/pkg/server/handlers_pcg.go:549.2,549.29 1 0
goldbox-rpg/pkg/server/handlers_pcg.go:549.29,551.3 1 0
goldbox-rpg/pkg/server/handlers_pcg.go:555.92,560.16 4 0
goldbox-rpg/pkg/server/handlers_pcg.go:560.16,562.3 1 0
goldbox-rpg/pkg/server/handlers_pcg.go:564.2,564.19 1 0
goldbox-rpg/pkg/server/handlers_pcg.go:568.93,576.2 1 0
goldbox-rpg/pkg/server/handlers_pcg.go:579.119,590.2 1 0
goldbox-rpg/pkg/server/handlers_pcg.go:593.84,602.53 3 1
goldbox-rpg/pkg/server/handlers_pcg.go:602.53,608.3 2 0
goldbox-rpg/pkg/server/handlers_pcg.go:610.2,611.16 2 1
goldbox-rpg/pkg/server/handlers_pcg.go:611.16,613.3 1 0
goldbox-rpg/pkg/server/handlers_pcg.go:614.2,627.8 4 1
goldbox-rpg/pkg/server/handlers_pcg.go:631.88,643.53 3 1
goldbox-rpg/pkg/server/handlers_pcg.go:643.53,649.3 2 0
goldbox-rpg/pkg/server/handlers_pcg.go:651.2,652.16 2 1
goldbox-rpg/pkg/server/handlers_pcg.go:652.16,654.3 1 0
goldbox-rpg/pkg/server/handlers_pcg.go:655.2,657.27 2 1
goldbox-rpg/pkg/server/handlers_pcg.go:657.27,659.3 1 0
goldbox-rpg/pkg/server/handlers_pcg.go:661.2,661.24 1 1
goldbox-rpg/pkg/server/handlers_pcg.go:661.24,663.3 1 0
goldbox-rpg/pkg/server/handlers_pcg.go:666.2,667.16 2 1
goldbox-rpg/pkg/server/handlers_pcg.go:667.16,669.3 1 0
goldbox-rpg/pkg/server/handlers_pcg.go:671.2,685.8 2 1
goldbox-rpg/pkg/server/handlers_quest.go:27.83,38.53 4 1
goldbox-rpg/pkg/server/handlers_quest.go:38.53,43.3 2 1
goldbox-rpg/pkg/server/handlers_quest.go:46.2,47.16 2 1
goldbox-rpg/pkg/server/handlers_quest.go:47.16,53.3 2 1
goldbox-rpg/pkg/server/handlers_quest.go:56.2,56.61 1 0
goldbox-rpg/pkg/server/handlers_quest.go:56.61,62.3 2 0
goldbox-rpg/pkg/server/handlers_quest.go:64.2,73.8 2 0
goldbox-rpg/pkg/server/handlers_quest.go:91.86,98.16 4 1
goldbox-rpg/pkg/server/handlers_quest.go:98.16,100.3 1 0
goldbox-rpg/pkg/server/handlers_quest.go:102.2,103.16 2 1
goldbox-rpg/pkg/server/handlers_quest.go:103.16,106.3 2 0
goldbox-rpg/pkg/server/handlers_quest.go:108.2,109.16 2 1
goldbox-rpg/pkg/server/handlers_quest.go:109.16,112.3 2 0
goldbox-rpg/pkg/server/handlers_quest.go:114.2,114.82 1 1
goldbox-rpg/pkg/server/handlers_quest.go:114.82,116.3 1 0
goldbox-rpg/pkg/server/handlers_quest.go:118.2,130.8 3 1
goldbox-rpg/pkg/server/handlers_quest.go:140.102,142.53 2 1
goldbox-rpg/pkg/server/handlers_quest.go:142.53,147.3 2 0
goldbox-rpg/pkg/server/handlers_quest.go:148.2,148.18 1 1
goldbox-rpg/pkg/server/handlers_quest.go:152.110,153.33 1 1
goldbox-rpg/pkg/server/handlers_quest.go:153.33,155.22 2 1
goldbox-rpg/pkg/server/handlers_quest.go:156.14,157.58 1 1
goldbox-rpg/pkg/server/handlers_quest.go:158.15,159.46 1 1
goldbox-rpg/pkg/server/handlers_quest.go:160.15,161.52 1 1
goldbox-rpg/pkg/server/handlers_quest.go:162.11,167.44 1 0
goldbox-rpg/pkg/server/handlers_quest.go:169.3,169.17 1 1
goldbox-rpg/pkg/server/handlers_quest.go:169.17,171.4 1 0
goldbox-rpg/pkg/server/handlers_quest.go:173.2,173.12 1 1
goldbox-rpg/pkg/server/handlers_quest.go:177.111,185.66 2 1
goldbox-rpg/pkg/server/handlers_quest.go:185.66,188.3 2 0
goldbox-rpg/pkg/server/handlers_quest.go:189.2,190.12 2 1
goldbox-rpg/pkg/server/handlers_quest.go:194.99,204.2 3 1
goldbox-rpg/pkg/server/handlers_quest.go:207.105,208.25 1 1
goldbox-rpg/pkg/server/handlers_quest.go:208.25,210.3 1 0
goldbox-rpg/pkg/server/handlers_quest.go:212.2,224.66 3 1
goldbox-rpg/pkg/server/handlers_quest.go:224.66,227.3 2 0
goldbox-rpg/pkg/server/handlers_quest.go:228.2,229.12 2 1
goldbox-rpg/pkg/server/handlers_quest.go:249.88,262.53 4 1
goldbox-rpg/pkg/server/handlers_quest.go:262.53,267.3 2 1
goldbox-rpg/pkg/server/handlers_quest.go:270.2,271.16 2 1
goldbox-rpg/pkg/server/handlers_quest.go:271.16,277.3 2 1
goldbox-rpg/pkg/server/handlers_quest.go:280.2,280.107 1 0
goldbox-rpg/pkg/server/handlers_quest.go:280.107,287.3 2 0
goldbox-rpg/pkg/server/handlers_quest.go:289.2,302.8 2 0
goldbox-rpg/pkg/server/handlers_quest.go:319.82,330.53 4 1
goldbox-rpg/pkg/server/handlers_quest.go:330.53,335.3 2 1
goldbox-rpg/pkg/server/handlers_quest.go:338.2,339.16 2 1
goldbox-rpg/pkg/server/handlers_quest.go:339.16,345.3 2 1
goldbox-rpg/pkg/server/handlers_quest.go:348.2,348.62 1 0
goldbox-rpg/pkg/server/handlers_quest.go:348.62,354.3 2 0
goldbox-rpg/pkg/server/handlers_quest.go:356.2,365.8 2 0
goldbox-rpg/pkg/server/handlers_quest.go:382.81,393.53 4 1
goldbox-rpg/pkg/server/handlers_quest.go:393.53,398.3 2 1
goldbox-rpg/pkg/server/handlers_quest.go:401.2,402.16 2 1
goldbox-rpg/pkg/server/handlers_quest.go:402.16,408.3 2 1
goldbox-rpg/pkg/server/handlers_quest.go:411.2,412.16 2 0
goldbox-rpg/pkg/server/handlers_quest.go:412.16,418.3 2 0
goldbox-rpg/pkg/server/handlers_quest.go:420.2,428.8 2 0
goldbox-rpg/pkg/server/handlers_quest.go:443.88,453.53 4 1
goldbox-rpg/pkg/server/handlers_quest.go:453.53,458.3 2 1
goldbox-rpg/pkg/server/handlers_quest.go:461.2,462.16 2 1
goldbox-rpg/pkg/server/handlers_quest.go:462.16,468.3 2 1
goldbox-rpg/pkg/server/handlers_quest.go:471.2,482.8 3 0
goldbox-rpg/pkg/server/handlers_quest.go:497.91,507.53 4 1
goldbox-rpg/pkg/server/handlers_quest.go:507.53,512.3 2 1
goldbox-rpg/pkg/server/handlers_quest.go:515.2,516.16 2 1
goldbox-rpg/pkg/server/handlers_quest.go:516.16,522.3 2 1
goldbox-rpg/pkg/server/handlers_quest.go:525.2,536.8 3 0
goldbox-rpg/pkg/server/handlers_quest.go:551.84,561.53 4 1
goldbox-rpg/pkg/server/handlers_quest.go:561.53,566.3 2 1
goldbox-rpg/pkg/server/handlers_quest.go:569.2,570.16 2 1
goldbox-rpg/pkg/server/handlers_quest.go:570.16,576.3 2 1
goldbox-rpg/pkg/server/handlers_quest.go:579.2,590.8 3 0
goldbox-rpg/pkg/server/handlers_spatial.go:29.90,42.53 3 1
goldbox-rpg/pkg/server/handlers_spatial.go:42.53,48.3 2 0
goldbox-rpg/pkg/server/handlers_spatial.go:50.2,51.13 2 1
goldbox-rpg/pkg/server/handlers_spatial.go:51.13,57.3 2 1
goldbox-rpg/pkg/server/handlers_spatial.go:59.2,82.8 5 1
goldbox-rpg/pkg/server/handlers_spatial.go:102.91,114.53 3 1
goldbox-rpg/pkg/server/handlers_spatial.go:114.53,120.3 2 0
goldbox-rpg/pkg/server/handlers_spatial.go:122.2,123.13 2 1
goldbox-rpg/pkg/server/handlers_spatial.go:123.13,129.3 2 0
goldbox-rpg/pkg/server/handlers_spatial.go:131.2,147.8 5 1
goldbox-rpg/pkg/server/handlers_spatial.go:167.90,179.53 3 1
goldbox-rpg/pkg/server/handlers_spatial.go:179.53,185.3 2 0
goldbox-rpg/pkg/server/handlers_spatial.go:187.2,188.13 2 1
goldbox-rpg/pkg/server/handlers_spatial.go:188.13,194.3 2 0
goldbox-rpg/pkg/server/handlers_spatial.go:196.2,212.8 5 1
goldbox-rpg/pkg/server/handlers_spatial.go:234.81,247.53 3 0
goldbox-rpg/pkg/server/handlers_spatial.go:247.53,253.3 2 0
goldbox-rpg/pkg/server/handlers_spatial.go:255.2,256.13 2 0
goldbox-rpg/pkg/server/handlers_spatial.go:256.13,262.3 2 0
goldbox-rpg/pkg/server/handlers_spatial.go:264.2,281.27 7 0
goldbox-rpg/pkg/server/handlers_spatial.go:281.27,287.3 1 0
goldbox-rpg/pkg/server/handlers_spatial.go:289.2,299.8 2 0
goldbox-rpg/pkg/server/handlers_spell.go:25.81,34.53 3 1
goldbox-rpg/pkg/server/handlers_spell.go:34.53,40.3 2 1
goldbox-rpg/pkg/server/handlers_spell.go:42.2,42.23 1 1
goldbox-rpg/pkg/server/handlers_spell.go:42.23,44.3 1 1
goldbox-rpg/pkg/server/handlers_spell.go:46.2,47.16 2 1
goldbox-rpg/pkg/server/handlers_spell.go:47.16,54.3 2 1
goldbox-rpg/pkg/server/handlers_spell.go:56.2,64.8 2 1
goldbox-rpg/pkg/server/handlers_spell.go:77.89,86.53 3 1
goldbox-rpg/pkg/server/handlers_spell.go:86.53,92.3 2 1
goldbox-rpg/pkg/server/handlers_spell.go:94.2,94.19 1 1
goldbox-rpg/pkg/server/handlers_spell.go:94.19,100.3 2 1
goldbox-rpg/pkg/server/handlers_spell.go:102.2,115.8 3 1
goldbox-rpg/pkg/server/handlers_spell.go:129.90,138.53 3 1
goldbox-rpg/pkg/server/handlers_spell.go:138.53,144.3 2 1
goldbox-rpg/pkg/server/handlers_spell.go:146.2,146.22 1 1
goldbox-rpg/pkg/server/handlers_spell.go:146.22,148.3 1 1
goldbox-rpg/pkg/server/handlers_spell.go:150.2,164.8 4 1
goldbox-rpg/pkg/server/handlers_spell.go:177.85,196.2 5 1
goldbox-rpg/pkg/server/handlers_spell.go:209.85,218.53 3 1
goldbox-rpg/pkg/server/handlers_spell.go:218.53,224.3 2 1
goldbox-rpg/pkg/server/handlers_spell.go:226.2,226.21 1 1
goldbox-rpg/pkg/server/handlers_spell.go:226.21,228.3 1 1
goldbox-rpg/pkg/server/handlers_spell.go:230.2,243.8 3 1
goldbox-rpg/pkg/server/health.go:19.26,21.43 1 1
goldbox-rpg/pkg/server/health.go:21.43,23.41 1 1
goldbox-rpg/pkg/server/health.go:23.41,24.37 1 0
goldbox-rpg/pkg/server/health.go:24.37,26.5 1 0
goldbox-rpg/pkg/server/health.go:29.3,29.64 1 1
goldbox-rpg/pkg/server/health.go:29.64,31.4 1 0
goldbox-rpg/pkg/server/health.go:33.2,33.16 1 1
goldbox-rpg/pkg/server/health.go:72.57,95.2 12 1
goldbox-rpg/pkg/server/health.go:98.118,102.2 3 1
goldbox-rpg/pkg/server/health.go:105.88,107.2 1 0
goldbox-rpg/pkg/server/health.go:110.78,118.37 3 1
goldbox-rpg/pkg/server/health.go:118.37,133.17 7 1
goldbox-rpg/pkg/server/health.go:133.17,141.32 4 1
goldbox-rpg/pkg/server/health.go:141.32,143.5 1 0
goldbox-rpg/pkg/server/health.go:145.4,150.35 1 1
goldbox-rpg/pkg/server/health.go:151.9,156.32 2 1
goldbox-rpg/pkg/server/health.go:156.32,158.5 1 1
goldbox-rpg/pkg/server/health.go:160.4,163.35 1 1
goldbox-rpg/pkg/server/health.go:166.3,166.52 1 1
goldbox-rpg/pkg/server/health.go:170.2,171.26 2 1
goldbox-rpg/pkg/server/health.go:172.28,173.40 1 1
goldbox-rpg/pkg/server/health.go:174.32,175.41 1 0
goldbox-rpg/pkg/server/health.go:176.31,177.42 1 1
goldbox-rpg/pkg/server/health.go:178.10,179.42 1 0
goldbox-rpg/pkg/server/health.go:182.2,184.17 2 1
goldbox-rpg/pkg/server/health.go:188.80,192.56 2 1
goldbox-rpg/pkg/server/health.go:192.56,194.3 1 1
goldbox-rpg/pkg/server/health.go:196.2,200.25 3 1
goldbox-rpg/pkg/server/health.go:201.27,202.29 1 1
goldbox-rpg/pkg/server/health.go:203.28,204.29 1 0
goldbox-rpg/pkg/server/health.go:205.29,206.45 1 0
goldbox-rpg/pkg/server/health.go:207.10,208.46 1 0
goldbox-rpg/pkg/server/health.go:211.2,214.60 3 1
goldbox-rpg/pkg/server/health.go:214.60,217.3 2 0
goldbox-rpg/pkg/server/health.go:221.83,226.46 3 1
goldbox-rpg/pkg/server/health.go:226.46,230.3 3 0
goldbox-rpg/pkg/server/health.go:232.2,233.26 2 1
goldbox-rpg/pkg/server/health.go:237.82,241.2 2 1
goldbox-rpg/pkg/server/health.go:245.65,246.22 1 1
goldbox-rpg/pkg/server/health.go:246.22,248.3 1 0
goldbox-rpg/pkg/server/health.go:251.2,251.9 1 1
goldbox-rpg/pkg/server/health.go:252.24,253.74 1 0
goldbox-rpg/pkg/server/health.go:254.10,254.10 0 1
goldbox-rpg/pkg/server/health.go:258.2,258.12 1 1
goldbox-rpg/pkg/server/health.go:261.68,262.48 1 1
goldbox-rpg/pkg/server/health.go:262.48,264.3 1 1
goldbox-rpg/pkg/server/health.go:267.2,270.39 3 1
goldbox-rpg/pkg/server/health.go:270.39,272.3 1 0
goldbox-rpg/pkg/server/health.go:274.2,274.12 1 1
goldbox-rpg/pkg/server/health.go:277.71,278.55 1 1
goldbox-rpg/pkg/server/health.go:278.55,280.3 1 1
goldbox-rpg/pkg/server/health.go:283.2,284.21 2 1
goldbox-rpg/pkg/server/health.go:284.21,286.3 1 0
goldbox-rpg/pkg/server/health.go:288.2,288.12 1 1
goldbox-rpg/pkg/server/health.go:291.70,292.51 1 1
goldbox-rpg/pkg/server/health.go:292.51,294.3 1 1
goldbox-rpg/pkg/server/health.go:297.2,297.12 1 1
goldbox-rpg/pkg/server/health.go:300.69,301.53 1 1
goldbox-rpg/pkg/server/health.go:301.53,303.3 1 1
goldbox-rpg/pkg/server/health.go:306.2,307.21 2 1
goldbox-rpg/pkg/server/health.go:307.21,309.3 1 0
goldbox-rpg/pkg/server/health.go:312.2,313.20 2 1
goldbox-rpg/pkg/server/health.go:313.20,315.3 1 0
goldbox-rpg/pkg/server/health.go:318.2,319.18 2 1
goldbox-rpg/pkg/server/health.go:319.18,321.3 1 0
goldbox-rpg/pkg/server/health.go:323.2,323.12 1 1
goldbox-rpg/pkg/server/health.go:326.75,327.52 1 1
goldbox-rpg/pkg/server/health.go:327.52,329.3 1 1
goldbox-rpg/pkg/server/health.go:333.2,337.16 2 1
goldbox-rpg/pkg/server/health.go:337.16,339.3 1 0
goldbox-rpg/pkg/server/health.go:341.2,341.12 1 1
goldbox-rpg/pkg/server/health.go:344.74,347.22 2 1
goldbox-rpg/pkg/server/health.go:347.22,349.3 1 0
goldbox-rpg/pkg/server/health.go:352.2,353.18 2 1
goldbox-rpg/pkg/server/health.go:353.18,355.3 1 0
goldbox-rpg/pkg/server/health.go:357.2,357.12 1 1
goldbox-rpg/pkg/server/health.go:360.72,361.50 1 1
goldbox-rpg/pkg/server/health.go:361.50,363.3 1 1
goldbox-rpg/pkg/server/health.go:367.2,367.12 1 1
goldbox-rpg/pkg/server/health.go:370.72,371.49 1 1
goldbox-rpg/pkg/server/health.go:371.49,373.3 1 1
goldbox-rpg/pkg/server/health.go:376.2,376.38 1 1
goldbox-rpg/pkg/server/health.go:376.38,378.3 1 0
goldbox-rpg/pkg/server/health.go:380.2,380.12 1 1
goldbox-rpg/pkg/server/health.go:383.77,384.54 1 1
goldbox-rpg/pkg/server/health.go:384.54,386.3 1 1
goldbox-rpg/pkg/server/health.go:389.2,389.12 1 1
goldbox-rpg/pkg/server/metrics.go:52.28,65.2 9 1
goldbox-rpg/pkg/server/metrics.go:67.33,102.2 4 1
goldbox-rpg/pkg/server/metrics.go:104.39,127.2 3 1
goldbox-rpg/pkg/server/metrics.go:129.34,152.2 3 1
goldbox-rpg/pkg/server/metrics.go:154.36,213.2 8 1
goldbox-rpg/pkg/server/metrics.go:215.33,236.2 1 1
goldbox-rpg/pkg/server/metrics.go:239.45,244.2 1 1
goldbox-rpg/pkg/server/metrics.go:247.135,253.21 4 1
goldbox-rpg/pkg/server/metrics.go:253.21,255.3 1 1
goldbox-rpg/pkg/server/metrics.go:256.2,256.22 1 1
goldbox-rpg/pkg/server/metrics.go:256.22,258.3 1 1
goldbox-rpg/pkg/server/metrics.go:262.68,265.35 2 1
goldbox-rpg/pkg/server/metrics.go:265.35,267.3 1 1
goldbox-rpg/pkg/server/metrics.go:267.8,267.45 1 1
goldbox-rpg/pkg/server/metrics.go:267.45,269.3 1 1
goldbox-rpg/pkg/server/metrics.go:273.73,275.2 1 1
goldbox-rpg/pkg/server/metrics.go:278.65,280.2 1 1
goldbox-rpg/pkg/server/metrics.go:283.53,285.2 1 1
goldbox-rpg/pkg/server/metrics.go:288.51,290.2 1 1
goldbox-rpg/pkg/server/metrics.go:293.63,295.2 1 1
goldbox-rpg/pkg/server/metrics.go:298.39,305.2 5 1
goldbox-rpg/pkg/server/metrics.go:308.60,310.2 1 1
goldbox-rpg/pkg/server/metrics.go:313.43,315.2 1 1
goldbox-rpg/pkg/server/metrics.go:318.57,320.2 1 1
goldbox-rpg/pkg/server/metrics.go:323.39,328.2 3 1
goldbox-rpg/pkg/server/metrics.go:331.38,336.2 3 1
goldbox-rpg/pkg/server/metrics.go:339.69,340.71 1 1
goldbox-rpg/pkg/server/metrics.go:340.71,351.26 4 1
goldbox-rpg/pkg/server/metrics.go:351.26,353.4 1 1
goldbox-rpg/pkg/server/metrics.go:356.3,380.37 5 1
goldbox-rpg/pkg/server/metrics.go:391.56,394.2 2 1
goldbox-rpg/pkg/server/metrics.go:396.60,400.2 3 1
goldbox-rpg/pkg/server/metrics.go:403.74,404.58 1 0
goldbox-rpg/pkg/server/metrics.go:404.58,406.3 1 0
goldbox-rpg/pkg/server/metrics.go:407.2,407.109 1 0
goldbox-rpg/pkg/server/metrics.go:411.43,413.14 1 1
goldbox-rpg/pkg/server/metrics.go:414.11,415.16 1 1
goldbox-rpg/pkg/server/metrics.go:416.17,417.18 1 1
goldbox-rpg/pkg/server/metrics.go:418.16,419.17 1 0
goldbox-rpg/pkg/server/metrics.go:420.15,421.16 1 0
goldbox-rpg/pkg/server/metrics.go:422.18,423.19 1 0
goldbox-rpg/pkg/server/metrics.go:424.14,425.15 1 1
goldbox-rpg/pkg/server/metrics.go:426.13,427.21 1 0
goldbox-rpg/pkg/server/metrics.go:428.10,430.21 1 0
goldbox-rpg/pkg/server/metrics.go:430.21,432.4 1 0
goldbox-rpg/pkg/server/metrics.go:433.3,433.14 1 0
goldbox-rpg/pkg/server/middleware.go:17.58,18.71 1 1
goldbox-rpg/pkg/server/middleware.go:18.71,21.22 2 1
goldbox-rpg/pkg/server/middleware.go:21.22,24.4 1 1
goldbox-rpg/pkg/server/middleware.go:27.3,47.23 8 1
goldbox-rpg/pkg/server/middleware.go:52.56,53.71 1 1
goldbox-rpg/pkg/server/middleware.go:53.71,71.3 4 1
goldbox-rpg/pkg/server/middleware.go:75.57,76.71 1 1
goldbox-rpg/pkg/server/middleware.go:76.71,77.16 1 1
goldbox-rpg/pkg/server/middleware.go:77.16,78.36 1 1
goldbox-rpg/pkg/server/middleware.go:78.36,89.5 3 1
goldbox-rpg/pkg/server/middleware.go:91.3,91.23 1 1
goldbox-rpg/pkg/server/middleware.go:96.78,97.46 1 1
goldbox-rpg/pkg/server/middleware.go:97.46,98.72 1 1
goldbox-rpg/pkg/server/middleware.go:98.72,102.47 2 1
goldbox-rpg/pkg/server/middleware.go:102.47,104.5 1 1
goldbox-rpg/pkg/server/middleware.go:106.4,111.29 4 1
goldbox-rpg/pkg/server/middleware.go:111.29,114.5 2 1
goldbox-rpg/pkg/server/middleware.go:116.4,116.24 1 1
goldbox-rpg/pkg/server/middleware.go:124.62,126.60 1 1
goldbox-rpg/pkg/server/middleware.go:126.60,128.3 1 1
goldbox-rpg/pkg/server/middleware.go:130.2,130.59 1 1
goldbox-rpg/pkg/server/middleware.go:130.59,132.3 1 1
goldbox-rpg/pkg/server/middleware.go:134.2,134.49 1 1
goldbox-rpg/pkg/server/middleware.go:138.47,139.59 1 1
goldbox-rpg/pkg/server/middleware.go:139.59,141.3 1 1
goldbox-rpg/pkg/server/middleware.go:142.2,142.11 1 1
goldbox-rpg/pkg/server/middleware.go:146.47,147.57 1 1
goldbox-rpg/pkg/server/middleware.go:147.57,149.3 1 1
goldbox-rpg/pkg/server/middleware.go:150.2,150.11 1 1
goldbox-rpg/pkg/server/middleware.go:154.42,156.53 1 1
goldbox-rpg/pkg/server/middleware.go:156.53,158.51 1 1
goldbox-rpg/pkg/server/middleware.go:158.51,160.4 1 1
goldbox-rpg/pkg/server/middleware.go:162.2,162.47 1 1
goldbox-rpg/pkg/server/middleware.go:162.47,164.3 1 1
goldbox-rpg/pkg/server/middleware.go:167.2,167.65 1 1
goldbox-rpg/pkg/server/middleware.go:167.65,169.3 1 1
goldbox-rpg/pkg/server/middleware.go:172.2,172.21 1 1
goldbox-rpg/pkg/server/middleware.go:176.40,177.15 1 1
goldbox-rpg/pkg/server/middleware.go:177.15,179.3 1 1
goldbox-rpg/pkg/server/middleware.go:181.2,181.32 1 1
goldbox-rpg/pkg/server/middleware.go:181.32,182.20 1 1
goldbox-rpg/pkg/server/middleware.go:182.20,184.4 1 1
goldbox-rpg/pkg/server/middleware.go:186.2,186.24 1 1
goldbox-rpg/pkg/server/middleware.go:190.34,195.37 3 1
goldbox-rpg/pkg/server/middleware.go:195.37,197.3 1 1
goldbox-rpg/pkg/server/middleware.go:200.2,200.37 1 1
goldbox-rpg/pkg/server/middleware.go:200.37,202.3 1 1
goldbox-rpg/pkg/server/middleware.go:204.2,204.21 1 1
goldbox-rpg/pkg/server/middleware.go:208.67,209.30 1 1
goldbox-rpg/pkg/server/middleware.go:209.30,211.3 1 1
goldbox-rpg/pkg/server/middleware.go:213.2,213.41 1 1
goldbox-rpg/pkg/server/middleware.go:213.41,214.42 1 1
goldbox-rpg/pkg/server/middleware.go:214.42,216.4 1 1
goldbox-rpg/pkg/server/middleware.go:218.2,218.14 1 1
goldbox-rpg/pkg/server/middleware.go:227.61,230.2 2 1
goldbox-rpg/pkg/server/middleware.go:233.79,234.58 1 0
goldbox-rpg/pkg/server/middleware.go:234.58,236.3 1 0
goldbox-rpg/pkg/server/middleware.go:237.2,237.114 1 0
goldbox-rpg/pkg/server/movement.go:27.119,42.19 4 1
goldbox-rpg/pkg/server/movement.go:43.18,44.22 1 1
goldbox-rpg/pkg/server/movement.go:44.22,46.4 1 1
goldbox-rpg/pkg/server/movement.go:47.18,48.31 1 1
goldbox-rpg/pkg/server/movement.go:48.31,50.4 1 1
goldbox-rpg/pkg/server/movement.go:51.17,52.30 1 1
goldbox-rpg/pkg/server/movement.go:52.30,54.4 1 1
goldbox-rpg/pkg/server/movement.go:55.17,56.22 1 1
goldbox-rpg/pkg/server/movement.go:56.22,58.4 1 1
goldbox-rpg/pkg/server/movement.go:61.2,66.15 2 1
goldbox-rpg/pkg/server/movement.go:72.99,75.19 2 1
goldbox-rpg/pkg/server/movement.go:76.18,77.13 1 1
goldbox-rpg/pkg/server/movement.go:78.18,79.13 1 1
goldbox-rpg/pkg/server/movement.go:80.17,81.13 1 1
goldbox-rpg/pkg/server/movement.go:82.17,83.13 1 1
goldbox-rpg/pkg/server/movement.go:86.2,86.15 1 1
goldbox-rpg/pkg/server/openapi_validator.go:26.70,29.16 2 1
goldbox-rpg/pkg/server/openapi_validator.go:29.16,31.3 1 0
goldbox-rpg/pkg/server/openapi_validator.go:34.2,34.52 1 1
goldbox-rpg/pkg/server/openapi_validator.go:34.52,36.3 1 1
goldbox-rpg/pkg/server/openapi_validator.go:39.2,43.16 4 1
goldbox-rpg/pkg/server/openapi_validator.go:43.16,45.3 1 0
goldbox-rpg/pkg/server/openapi_validator.go:48.2,48.54 1 1
goldbox-rpg/pkg/server/openapi_validator.go:48.54,50.3 1 1
goldbox-rpg/pkg/server/openapi_validator.go:53.2,54.16 2 1
goldbox-rpg/pkg/server/openapi_validator.go:54.16,56.3 1 0
goldbox-rpg/pkg/server/openapi_validator.go:58.2,61.8 1 1
goldbox-rpg/pkg/server/openapi_validator.go:65.67,71.16 4 1
goldbox-rpg/pkg/server/openapi_validator.go:71.16,74.3 1 1
goldbox-rpg/pkg/server/openapi_validator.go:77.2,84.101 2 1
goldbox-rpg/pkg/server/openapi_validator.go:84.101,86.3 1 1
goldbox-rpg/pkg/server/openapi_validator.go:88.2,88.12 1 1
goldbox-rpg/pkg/server/openapi_validator.go:92.89,98.16 4 0
goldbox-rpg/pkg/server/openapi_validator.go:98.16,101.3 1 0
goldbox-rpg/pkg/server/openapi_validator.go:104.2,115.103 2 0
goldbox-rpg/pkg/server/openapi_validator.go:115.103,117.3 1 0
goldbox-rpg/pkg/server/openapi_validator.go:119.2,119.12 1 0
goldbox-rpg/pkg/server/openapi_validator.go:123.81,124.71 1 1
goldbox-rpg/pkg/server/openapi_validator.go:124.71,128.46 2 1
goldbox-rpg/pkg/server/openapi_validator.go:128.46,138.4 3 1
goldbox-rpg/pkg/server/openapi_validator.go:141.3,141.23 1 1
goldbox-rpg/pkg/server/process.go:30.67,31.56 1 1
goldbox-rpg/pkg/server/process.go:31.56,33.3 1 1
goldbox-rpg/pkg/server/process.go:35.2,35.21 1 1
goldbox-rpg/pkg/server/process.go:36.33,37.47 1 1
goldbox-rpg/pkg/server/process.go:38.31,39.48 1 1
goldbox-rpg/pkg/server/process.go:40.52,41.49 1 1
goldbox-rpg/pkg/server/process.go:42.10,48.64 2 1
goldbox-rpg/pkg/server/process.go:53.70,54.19 1 1
goldbox-rpg/pkg/server/process.go:54.19,59.3 2 1
goldbox-rpg/pkg/server/process.go:60.2,60.12 1 1
goldbox-rpg/pkg/server/process.go:64.76,66.16 2 1
goldbox-rpg/pkg/server/process.go:66.16,73.3 1 1
goldbox-rpg/pkg/server/process.go:74.2,74.12 1 1
goldbox-rpg/pkg/server/process.go:78.77,80.16 2 1
goldbox-rpg/pkg/server/process.go:80.16,87.3 1 1
goldbox-rpg/pkg/server/process.go:88.2,88.12 1 1
goldbox-rpg/pkg/server/process.go:92.78,94.16 2 1
goldbox-rpg/pkg/server/process.go:94.16,101.3 1 1
goldbox-rpg/pkg/server/process.go:102.2,102.12 1 1
goldbox-rpg/pkg/server/process.go:122.69,129.13 4 1
goldbox-rpg/pkg/server/process.go:129.13,132.3 2 1
goldbox-rpg/pkg/server/process.go:134.2,134.46 1 1
goldbox-rpg/pkg/server/process.go:134.46,137.18 3 1
goldbox-rpg/pkg/server/process.go:137.18,143.4 2 0
goldbox-rpg/pkg/server/process.go:143.9,149.4 1 1
goldbox-rpg/pkg/server/process.go:150.3,150.13 1 1
goldbox-rpg/pkg/server/process.go:153.2,154.51 2 0
goldbox-rpg/pkg/server/process.go:192.67,199.13 4 1
goldbox-rpg/pkg/server/process.go:199.13,202.3 2 1
goldbox-rpg/pkg/server/process.go:204.2,204.46 1 1
goldbox-rpg/pkg/server/process.go:204.46,215.3 5 1
goldbox-rpg/pkg/server/process.go:217.2,218.46 2 0
goldbox-rpg/pkg/server/process.go:254.67,261.13 4 1
goldbox-rpg/pkg/server/process.go:261.13,264.3 2 1
goldbox-rpg/pkg/server/process.go:266.2,266.46 1 1
goldbox-rpg/pkg/server/process.go:266.46,275.30 3 1
goldbox-rpg/pkg/server/process.go:276.19,277.30 1 1
goldbox-rpg/pkg/server/process.go:278.20,279.31 1 0
goldbox-rpg/pkg/server/process.go:280.23,281.34 1 0
goldbox-rpg/pkg/server/process.go:282.23,283.34 1 0
goldbox-rpg/pkg/server/process.go:284.17,285.28 1 0
goldbox-rpg/pkg/server/process.go:286.19,287.30 1 0
goldbox-rpg/pkg/server/process.go:288.11,290.67 2 0
goldbox-rpg/pkg/server/process.go:292.3,292.13 1 1
goldbox-rpg/pkg/server/process.go:295.2,296.57 2 0
goldbox-rpg/pkg/server/profiling.go:25.66,52.2 13 1
goldbox-rpg/pkg/server/profiling.go:55.62,56.24 1 0
goldbox-rpg/pkg/server/profiling.go:56.24,59.3 2 0
goldbox-rpg/pkg/server/profiling.go:61.2,68.35 3 0
goldbox-rpg/pkg/server/profiling.go:72.64,73.24 1 1
goldbox-rpg/pkg/server/profiling.go:73.24,75.3 1 0
goldbox-rpg/pkg/server/profiling.go:77.2,78.32 2 1
goldbox-rpg/pkg/server/profiling.go:89.90,95.2 1 1
goldbox-rpg/pkg/server/profiling.go:98.39,104.6 4 1
goldbox-rpg/pkg/server/profiling.go:104.6,105.10 1 1
goldbox-rpg/pkg/server/profiling.go:106.19,107.23 1 0
goldbox-rpg/pkg/server/profiling.go:108.22,110.10 2 1
goldbox-rpg/pkg/server/profiling.go:116.38,118.2 1 1
goldbox-rpg/pkg/server/profiling.go:121.48,133.2 4 1
goldbox-rpg/pkg/server/ratelimit.go:51.54,68.2 4 1
goldbox-rpg/pkg/server/ratelimit.go:78.46,83.13 4 1
goldbox-rpg/pkg/server/ratelimit.go:83.13,90.3 2 1
goldbox-rpg/pkg/server/ratelimit.go:90.8,93.3 1 1
goldbox-rpg/pkg/server/ratelimit.go:95.2,95.30 1 1
goldbox-rpg/pkg/server/ratelimit.go:100.38,104.6 3 1
goldbox-rpg/pkg/server/ratelimit.go:104.6,105.10 1 1
goldbox-rpg/pkg/server/ratelimit.go:106.24,107.10 1 1
goldbox-rpg/pkg/server/ratelimit.go:108.19,109.16 1 1
goldbox-rpg/pkg/server/ratelimit.go:115.34,122.37 5 1
goldbox-rpg/pkg/server/ratelimit.go:122.37,123.44 1 1
goldbox-rpg/pkg/server/ratelimit.go:123.44,126.4 2 1
goldbox-rpg/pkg/server/ratelimit.go:129.2,129.17 1 1
goldbox-rpg/pkg/server/ratelimit.go:129.17,134.3 1 1
goldbox-rpg/pkg/server/ratelimit.go:138.32,139.22 1 1
goldbox-rpg/pkg/server/ratelimit.go:139.22,141.3 1 1
goldbox-rpg/pkg/server/ratelimit.go:150.52,157.2 3 1
goldbox-rpg/pkg/server/ratelimit.go:167.87,168.46 1 1
goldbox-rpg/pkg/server/ratelimit.go:168.46,169.72 1 1
goldbox-rpg/pkg/server/ratelimit.go:169.72,171.26 1 1
goldbox-rpg/pkg/server/ratelimit.go:171.26,174.5 2 1
goldbox-rpg/pkg/server/ratelimit.go:177.4,180.36 2 1
goldbox-rpg/pkg/server/ratelimit.go:180.36,194.5 5 1
goldbox-rpg/pkg/server/ratelimit.go:197.4,197.24 1 1
goldbox-rpg/pkg/server/server.go:44.39,46.2 1 1
goldbox-rpg/pkg/server/server.go:49.80,55.2 1 1
goldbox-rpg/pkg/server/server.go:149.104,151.16 2 1
goldbox-rpg/pkg/server/server.go:151.16,154.3 2 0
goldbox-rpg/pkg/server/server.go:156.2,157.28 2 1
goldbox-rpg/pkg/server/server.go:161.79,163.16 2 1
goldbox-rpg/pkg/server/server.go:163.16,166.3 2 0
goldbox-rpg/pkg/server/server.go:168.2,169.54 2 1
goldbox-rpg/pkg/server/server.go:169.54,171.55 2 1
goldbox-rpg/pkg/server/server.go:171.55,178.4 2 0
goldbox-rpg/pkg/server/server.go:181.2,182.50 2 1
goldbox-rpg/pkg/server/server.go:182.50,185.3 2 0
goldbox-rpg/pkg/server/server.go:187.2,188.26 2 1
goldbox-rpg/pkg/server/server.go:192.69,197.96 4 1
goldbox-rpg/pkg/server/server.go:197.96,200.3 2 0
goldbox-rpg/pkg/server/server.go:202.2,203.94 2 1
goldbox-rpg/pkg/server/server.go:203.94,206.3 2 0
goldbox-rpg/pkg/server/server.go:208.2,209.100 2 1
goldbox-rpg/pkg/server/server.go:209.100,212.3 2 0
goldbox-rpg/pkg/server/server.go:214.2,215.94 2 1
goldbox-rpg/pkg/server/server.go:215.94,218.3 2 0
goldbox-rpg/pkg/server/server.go:220.2,220.63 1 1
goldbox-rpg/pkg/server/server.go:220.63,223.3 2 0
goldbox-rpg/pkg/server/server.go:225.2,226.24 2 1
goldbox-rpg/pkg/server/server.go:230.172,255.2 3 1
goldbox-rpg/pkg/server/server.go:258.76,269.25 6 1
goldbox-rpg/pkg/server/server.go:269.25,274.3 4 1
goldbox-rpg/pkg/server/server.go:278.95,282.26 3 1
goldbox-rpg/pkg/server/server.go:282.26,289.3 2 1
goldbox-rpg/pkg/server/server.go:289.8,291.3 1 1
goldbox-rpg/pkg/server/server.go:295.74,299.16 3 1
goldbox-rpg/pkg/server/server.go:299.16,305.3 2 1
goldbox-rpg/pkg/server/server.go:307.2,308.83 2 0
goldbox-rpg/pkg/server/server.go:312.95,317.16 3 1
goldbox-rpg/pkg/server/server.go:317.16,319.3 1 0
goldbox-rpg/pkg/server/server.go:321.2,324.68 2 1
goldbox-rpg/pkg/server/server.go:324.68,326.3 1 0
goldbox-rpg/pkg/server/server.go:326.8,328.3 1 1
goldbox-rpg/pkg/server/server.go:330.2,330.12 1 1
goldbox-rpg/pkg/server/server.go:334.102,338.16 3 1
goldbox-rpg/pkg/server/server.go:338.16,340.3 1 0
goldbox-rpg/pkg/server/server.go:342.2,345.16 3 1
goldbox-rpg/pkg/server/server.go:345.16,348.3 2 0
goldbox-rpg/pkg/server/server.go:350.2,351.47 2 1
goldbox-rpg/pkg/server/server.go:351.47,359.33 2 0
goldbox-rpg/pkg/server/server.go:359.33,364.31 4 0
goldbox-rpg/pkg/server/server.go:364.31,368.5 3 0
goldbox-rpg/pkg/server/server.go:368.10,373.5 1 0
goldbox-rpg/pkg/server/server.go:377.2,378.12 2 1
goldbox-rpg/pkg/server/server.go:382.81,386.12 3 1
goldbox-rpg/pkg/server/server.go:386.12,392.7 4 1
goldbox-rpg/pkg/server/server.go:392.7,393.11 1 1
goldbox-rpg/pkg/server/server.go:394.22,396.11 2 0
goldbox-rpg/pkg/server/server.go:397.20,398.69 1 0
goldbox-rpg/pkg/server/server.go:398.69,400.6 1 0
goldbox-rpg/pkg/server/server.go:400.11,402.6 1 0
goldbox-rpg/pkg/server/server.go:409.91,413.12 3 1
goldbox-rpg/pkg/server/server.go:413.12,419.7 4 1
goldbox-rpg/pkg/server/server.go:419.7,420.11 1 1
goldbox-rpg/pkg/server/server.go:421.22,423.11 2 0
goldbox-rpg/pkg/server/server.go:424.20,425.52 1 0
goldbox-rpg/pkg/server/server.go:425.52,427.6 1 0
goldbox-rpg/pkg/server/server.go:427.11,429.6 1 0
goldbox-rpg/pkg/server/server.go:436.45,440.27 3 0
goldbox-rpg/pkg/server/server.go:440.27,442.3 1 0
goldbox-rpg/pkg/server/server.go:444.2,445.45 2 0
goldbox-rpg/pkg/server/server.go:445.45,453.28 2 0
goldbox-rpg/pkg/server/server.go:453.28,456.4 2 0
goldbox-rpg/pkg/server/server.go:458.3,458.36 1 0
goldbox-rpg/pkg/server/server.go:461.2,461.49 1 0
goldbox-rpg/pkg/server/server.go:522.54,530.16 4 1
goldbox-rpg/pkg/server/server.go:530.16,532.3 1 0
goldbox-rpg/pkg/server/server.go:534.2,535.16 2 1
goldbox-rpg/pkg/server/server.go:535.16,537.3 1 0
goldbox-rpg/pkg/server/server.go:539.2,540.16 2 1
goldbox-rpg/pkg/server/server.go:540.16,542.3 1 0
goldbox-rpg/pkg/server/server.go:544.2,547.27 2 1
goldbox-rpg/pkg/server/server.go:547.27,548.68 1 1
goldbox-rpg/pkg/server/server.go:548.68,550.4 1 0
goldbox-rpg/pkg/server/server.go:554.2,554.34 1 1
goldbox-rpg/pkg/server/server.go:554.34,555.75 1 1
goldbox-rpg/pkg/server/server.go:555.75,557.4 1 0
goldbox-rpg/pkg/server/server.go:560.2,564.31 4 1
goldbox-rpg/pkg/server/server.go:564.31,566.3 1 1
goldbox-rpg/pkg/server/server.go:567.2,567.31 1 1
goldbox-rpg/pkg/server/server.go:567.31,569.3 1 1
goldbox-rpg/pkg/server/server.go:571.2,574.27 2 1
goldbox-rpg/pkg/server/server.go:574.27,576.3 1 1
goldbox-rpg/pkg/server/server.go:579.2,579.34 1 1
goldbox-rpg/pkg/server/server.go:579.34,581.3 1 1
goldbox-rpg/pkg/server/server.go:583.2,585.20 3 1
goldbox-rpg/pkg/server/server.go:593.39,597.24 2 0
goldbox-rpg/pkg/server/server.go:597.24,598.57 1 0
goldbox-rpg/pkg/server/server.go:598.57,600.4 1 0
goldbox-rpg/pkg/server/server.go:601.3,601.47 1 0
goldbox-rpg/pkg/server/server.go:605.2,605.27 1 0
goldbox-rpg/pkg/server/server.go:605.27,606.45 1 0
goldbox-rpg/pkg/server/server.go:606.45,608.4 1 0
goldbox-rpg/pkg/server/server.go:609.3,609.45 1 0
goldbox-rpg/pkg/server/server.go:613.2,613.29 1 0
goldbox-rpg/pkg/server/server.go:613.29,615.3 1 0
goldbox-rpg/pkg/server/server.go:618.2,618.35 1 0
goldbox-rpg/pkg/server/server.go:618.35,620.3 1 0
goldbox-rpg/pkg/server/server.go:622.2,622.12 1 0
goldbox-rpg/pkg/server/server.go:658.71,668.2 2 1
goldbox-rpg/pkg/server/server.go:671.81,672.31 1 1
goldbox-rpg/pkg/server/server.go:672.31,675.3 1 1
goldbox-rpg/pkg/server/server.go:676.2,676.54 1 0
goldbox-rpg/pkg/server/server.go:681.81,682.26 1 1
goldbox-rpg/pkg/server/server.go:682.26,684.3 1 1
goldbox-rpg/pkg/server/server.go:686.2,687.36 2 1
goldbox-rpg/pkg/server/server.go:687.36,700.3 5 1
goldbox-rpg/pkg/server/server.go:701.2,701.13 1 1
goldbox-rpg/pkg/server/server.go:706.95,707.20 1 1
goldbox-rpg/pkg/server/server.go:708.17,709.33 1 1
goldbox-rpg/pkg/server/server.go:709.33,714.4 3 1
goldbox-rpg/pkg/server/server.go:715.16,716.33 1 1
goldbox-rpg/pkg/server/server.go:716.33,719.4 2 1
goldbox-rpg/pkg/server/server.go:720.15,721.33 1 1
goldbox-rpg/pkg/server/server.go:721.33,724.4 2 1
goldbox-rpg/pkg/server/server.go:725.18,726.33 1 1
goldbox-rpg/pkg/server/server.go:726.33,729.4 2 1
goldbox-rpg/pkg/server/server.go:731.2,731.14 1 1
goldbox-rpg/pkg/server/server.go:736.91,737.59 1 1
goldbox-rpg/pkg/server/server.go:737.59,739.3 1 0
goldbox-rpg/pkg/server/server.go:741.2,741.34 1 1
goldbox-rpg/pkg/server/server.go:741.34,744.3 2 0
goldbox-rpg/pkg/server/server.go:746.2,746.63 1 1
goldbox-rpg/pkg/server/server.go:746.63,751.3 3 1
goldbox-rpg/pkg/server/server.go:753.2,753.14 1 1
goldbox-rpg/pkg/server/server.go:758.88,759.20 1 1
goldbox-rpg/pkg/server/server.go:760.33,761.33 1 0
goldbox-rpg/pkg/server/server.go:761.33,764.4 2 0
goldbox-rpg/pkg/server/server.go:765.27,766.33 1 0
goldbox-rpg/pkg/server/server.go:766.33,769.4 2 0
goldbox-rpg/pkg/server/server.go:771.2,771.14 1 1
goldbox-rpg/pkg/server/server.go:775.85,785.29 3 1
goldbox-rpg/pkg/server/server.go:785.29,787.3 1 1
goldbox-rpg/pkg/server/server.go:790.2,790.42 1 1
goldbox-rpg/pkg/server/server.go:790.42,792.3 1 1
goldbox-rpg/pkg/server/server.go:795.2,795.38 1 1
goldbox-rpg/pkg/server/server.go:795.38,797.3 1 1
goldbox-rpg/pkg/server/server.go:800.2,800.35 1 1
goldbox-rpg/pkg/server/server.go:800.35,802.3 1 0
goldbox-rpg/pkg/server/server.go:805.2,806.32 2 1
goldbox-rpg/pkg/server/server.go:810.75,820.16 4 1
goldbox-rpg/pkg/server/server.go:820.16,822.3 1 0
goldbox-rpg/pkg/server/server.go:824.2,824.43 1 1
goldbox-rpg/pkg/server/server.go:824.43,826.3 1 1
goldbox-rpg/pkg/server/server.go:828.2,829.16 2 1
goldbox-rpg/pkg/server/server.go:829.16,832.3 2 0
goldbox-rpg/pkg/server/server.go:834.2,834.69 1 1
goldbox-rpg/pkg/server/server.go:834.69,837.3 2 1
goldbox-rpg/pkg/server/server.go:839.2,840.35 2 1
goldbox-rpg/pkg/server/server.go:844.126,846.16 2 1
goldbox-rpg/pkg/server/server.go:846.16,850.3 3 0
goldbox-rpg/pkg/server/server.go:851.2,854.32 3 1
goldbox-rpg/pkg/server/server.go:858.110,859.44 1 1
goldbox-rpg/pkg/server/server.go:859.44,862.3 2 1
goldbox-rpg/pkg/server/server.go:864.2,864.33 1 1
goldbox-rpg/pkg/server/server.go:864.33,868.3 3 1
goldbox-rpg/pkg/server/server.go:870.2,870.14 1 1
goldbox-rpg/pkg/server/server.go:882.105,884.61 2 1
goldbox-rpg/pkg/server/server.go:884.61,891.3 2 0
goldbox-rpg/pkg/server/server.go:892.2,892.18 1 1
goldbox-rpg/pkg/server/server.go:896.93,897.26 1 1
goldbox-rpg/pkg/server/server.go:897.26,904.3 2 1
goldbox-rpg/pkg/server/server.go:906.2,906.22 1 1
goldbox-rpg/pkg/server/server.go:906.22,913.3 2 0
goldbox-rpg/pkg/server/server.go:915.2,915.12 1 1
goldbox-rpg/pkg/server/server.go:919.95,920.47 1 1
goldbox-rpg/pkg/server/server.go:920.47,922.3 1 1
goldbox-rpg/pkg/server/server.go:922.8,924.3 1 1
goldbox-rpg/pkg/server/server.go:928.104,935.16 3 1
goldbox-rpg/pkg/server/server.go:935.16,939.3 3 1
goldbox-rpg/pkg/server/server.go:941.2,941.34 1 0
goldbox-rpg/pkg/server/server.go:963.97,972.21 4 1
goldbox-rpg/pkg/server/server.go:972.21,973.66 1 1
goldbox-rpg/pkg/server/server.go:973.66,975.4 1 0
goldbox-rpg/pkg/server/server.go:979.2,980.101 2 1
goldbox-rpg/pkg/server/server.go:980.101,982.3 1 1
goldbox-rpg/pkg/server/server.go:985.2,986.13 2 1
goldbox-rpg/pkg/server/server.go:986.13,990.3 3 0
goldbox-rpg/pkg/server/server.go:992.2,994.16 3 1
goldbox-rpg/pkg/server/server.go:994.16,997.3 2 1
goldbox-rpg/pkg/server/server.go:999.2,1000.20 2 1
goldbox-rpg/pkg/server/server.go:1004.46,1069.2 60 1
goldbox-rpg/pkg/server/server.go:1086.67,1103.60 5 0
goldbox-rpg/pkg/server/server.go:1103.60,1106.3 2 0
goldbox-rpg/pkg/server/server.go:1108.2,1109.39 2 0
goldbox-rpg/pkg/server/server.go:1133.84,1163.60 5 1
goldbox-rpg/pkg/server/server.go:1163.60,1166.3 2 0
goldbox-rpg/pkg/server/server.go:1168.2,1171.36 2 1
goldbox-rpg/pkg/server/server.go:1183.28,1185.2 1 1
goldbox-rpg/pkg/server/server.go:1200.57,1204.24 2 1
goldbox-rpg/pkg/server/server.go:1204.24,1205.51 1 1
goldbox-rpg/pkg/server/server.go:1205.51,1207.4 1 0
goldbox-rpg/pkg/server/server.go:1211.2,1213.20 2 1
goldbox-rpg/pkg/server/server.go:1232.56,1250.75 6 0
goldbox-rpg/pkg/server/server.go:1250.75,1253.3 2 0
goldbox-rpg/pkg/server/server.go:1255.2,1256.12 2 0
goldbox-rpg/pkg/server/server.go:1261.66,1262.71 1 1
goldbox-rpg/pkg/server/server.go:1262.71,1263.16 1 1
goldbox-rpg/pkg/server/server.go:1263.16,1264.36 1 1
goldbox-rpg/pkg/server/server.go:1264.36,1267.28 2 0
goldbox-rpg/pkg/server/server.go:1267.28,1269.6 1 0
goldbox-rpg/pkg/server/server.go:1271.5,1286.7 3 0
goldbox-rpg/pkg/server/server.go:1289.3,1289.23 1 1
goldbox-rpg/pkg/server/server.go:1295.88,1296.46 1 1
goldbox-rpg/pkg/server/server.go:1296.46,1297.72 1 1
goldbox-rpg/pkg/server/server.go:1297.72,1302.4 3 1
goldbox-rpg/pkg/server/server.go:1308.35,1313.26 3 1
goldbox-rpg/pkg/server/server.go:1313.26,1316.3 2 1
goldbox-rpg/pkg/server/server.go:1319.2,1319.26 1 1
goldbox-rpg/pkg/server/server.go:1319.26,1322.3 2 1
goldbox-rpg/pkg/server/server.go:1325.2,1325.26 1 1
goldbox-rpg/pkg/server/server.go:1325.26,1328.3 2 1
goldbox-rpg/pkg/server/server.go:1331.2,1331.26 1 1
goldbox-rpg/pkg/server/server.go:1331.26,1334.3 2 1
goldbox-rpg/pkg/server/server.go:1336.2,1337.12 2 1
goldbox-rpg/pkg/server/session.go:11.13,14.2 1 1
goldbox-rpg/pkg/server/session.go:27.67,33.50 2 1
goldbox-rpg/pkg/server/session.go:33.50,39.3 2 1
goldbox-rpg/pkg/server/session.go:41.2,41.9 1 1
goldbox-rpg/pkg/server/session.go:42.38,49.14 2 1
goldbox-rpg/pkg/server/session.go:50.40,57.15 2 1
goldbox-rpg/pkg/server/session.go:86.104,96.16 5 1
goldbox-rpg/pkg/server/session.go:96.16,97.58 1 1
goldbox-rpg/pkg/server/session.go:97.58,105.4 4 1
goldbox-rpg/pkg/server/session.go:106.3,109.49 1 1
goldbox-rpg/pkg/server/session.go:112.2,123.22 5 1
goldbox-rpg/pkg/server/session.go:123.22,125.3 1 1
goldbox-rpg/pkg/server/session.go:128.2,145.21 4 1
goldbox-rpg/pkg/server/session.go:218.43,232.12 4 1
goldbox-rpg/pkg/server/session.go:232.12,233.16 1 1
goldbox-rpg/pkg/server/session.go:233.16,234.32 1 1
goldbox-rpg/pkg/server/session.go:234.32,240.5 1 0
goldbox-rpg/pkg/server/session.go:243.3,243.7 1 1
goldbox-rpg/pkg/server/session.go:243.7,244.11 1 1
goldbox-rpg/pkg/server/session.go:245.20,250.31 2 0
goldbox-rpg/pkg/server/session.go:251.18,257.11 3 1
goldbox-rpg/pkg/server/session.go:262.2,265.41 1 1
goldbox-rpg/pkg/server/session.go:268.46,281.38 7 1
goldbox-rpg/pkg/server/session.go:281.38,283.36 2 1
goldbox-rpg/pkg/server/session.go:283.36,285.25 1 1
goldbox-rpg/pkg/server/session.go:285.25,293.13 2 1
goldbox-rpg/pkg/server/session.go:296.4,304.29 2 1
goldbox-rpg/pkg/server/session.go:304.29,305.50 1 0
goldbox-rpg/pkg/server/session.go:305.50,312.6 1 0
goldbox-rpg/pkg/server/session.go:315.4,320.24 4 1
goldbox-rpg/pkg/server/session.go:320.24,322.5 1 0
goldbox-rpg/pkg/server/session.go:326.2,332.44 1 1
goldbox-rpg/pkg/server/session.go:336.73,347.12 5 1
goldbox-rpg/pkg/server/session.go:347.12,355.3 2 1
goldbox-rpg/pkg/server/session.go:355.8,362.3 1 1
goldbox-rpg/pkg/server/session.go:364.2,371.24 2 1
goldbox-rpg/pkg/server/session.go:375.74,393.2 5 0
goldbox-rpg/pkg/server/session.go:396.60,402.20 2 1
goldbox-rpg/pkg/server/session.go:402.20,409.3 2 1
goldbox-rpg/pkg/server/session.go:409.8,414.3 1 0
goldbox-rpg/pkg/server/session.go:416.2,419.36 1 1
goldbox-rpg/pkg/server/spell.go:32.135,35.66 2 1
goldbox-rpg/pkg/server/spell.go:35.66,38.3 2 1
goldbox-rpg/pkg/server/spell.go:40.2,43.16 3 1
goldbox-rpg/pkg/server/spell.go:43.16,45.3 1 0
goldbox-rpg/pkg/server/spell.go:47.2,47.20 1 1
goldbox-rpg/pkg/server/spell.go:51.96,58.2 1 1
goldbox-rpg/pkg/server/spell.go:61.92,63.2 1 1
goldbox-rpg/pkg/server/spell.go:66.56,71.2 1 1
goldbox-rpg/pkg/server/spell.go:74.65,79.2 1 1
goldbox-rpg/pkg/server/spell.go:82.140,83.22 1 1
goldbox-rpg/pkg/server/spell.go:84.28,85.58 1 1
goldbox-rpg/pkg/server/spell.go:86.30,87.60 1 1
goldbox-rpg/pkg/server/spell.go:88.27,89.52 1 1
goldbox-rpg/pkg/server/spell.go:90.10,95.56 2 1
goldbox-rpg/pkg/server/spell.go:100.56,105.2 1 0
goldbox-rpg/pkg/server/spells.go:11.96,18.19 2 1
goldbox-rpg/pkg/server/spells.go:19.28,21.40 1 1
goldbox-rpg/pkg/server/spells.go:21.40,27.4 2 0
goldbox-rpg/pkg/server/spells.go:28.3,28.14 1 1
goldbox-rpg/pkg/server/spells.go:30.29,32.40 1 1
goldbox-rpg/pkg/server/spells.go:32.40,38.4 2 0
goldbox-rpg/pkg/server/spells.go:39.3,39.14 1 1
goldbox-rpg/pkg/server/spells.go:41.30,43.41 1 1
goldbox-rpg/pkg/server/spells.go:43.41,44.37 1 1
goldbox-rpg/pkg/server/spells.go:44.37,49.5 2 1
goldbox-rpg/pkg/server/spells.go:51.3,55.15 2 1
goldbox-rpg/pkg/server/spells.go:57.10,62.15 2 0
goldbox-rpg/pkg/server/spells.go:66.85,74.32 2 1
goldbox-rpg/pkg/server/spells.go:74.32,81.3 2 1
goldbox-rpg/pkg/server/spells.go:84.2,84.45 1 1
goldbox-rpg/pkg/server/spells.go:84.45,85.46 1 1
goldbox-rpg/pkg/server/spells.go:85.46,91.4 2 1
goldbox-rpg/pkg/server/spells.go:94.2,97.12 2 1
goldbox-rpg/pkg/server/spells.go:101.121,108.16 4 1
goldbox-rpg/pkg/server/spells.go:108.16,110.3 1 0
goldbox-rpg/pkg/server/spells.go:112.2,113.16 2 1
goldbox-rpg/pkg/server/spells.go:113.16,115.3 1 0
goldbox-rpg/pkg/server/spells.go:118.2,118.33 1 1
goldbox-rpg/pkg/server/spells.go:118.33,120.17 2 1
goldbox-rpg/pkg/server/spells.go:120.17,122.4 1 0
goldbox-rpg/pkg/server/spells.go:125.2,136.20 3 1
goldbox-rpg/pkg/server/spells.go:140.101,147.2 1 1
goldbox-rpg/pkg/server/spells.go:150.119,152.16 2 1
goldbox-rpg/pkg/server/spells.go:152.16,155.3 2 0
goldbox-rpg/pkg/server/spells.go:156.2,159.22 4 1
goldbox-rpg/pkg/server/spells.go:159.22,161.3 1 1
goldbox-rpg/pkg/server/spells.go:162.2,162.73 1 1
goldbox-rpg/pkg/server/spells.go:162.73,165.3 2 0
goldbox-rpg/pkg/server/spells.go:166.2,166.38 1 1
goldbox-rpg/pkg/server/spells.go:170.120,172.16 2 1
goldbox-rpg/pkg/server/spells.go:172.16,175.3 2 0
goldbox-rpg/pkg/server/spells.go:176.2,178.63 3 1
goldbox-rpg/pkg/server/spells.go:178.63,181.3 2 0
goldbox-rpg/pkg/server/spells.go:182.2,182.39 1 1
goldbox-rpg/pkg/server/spells.go:186.121,189.72 3 1
goldbox-rpg/pkg/server/spells.go:189.72,192.3 2 0
goldbox-rpg/pkg/server/spells.go:193.2,193.32 1 1
goldbox-rpg/pkg/server/spells.go:202.26,217.23 2 1
goldbox-rpg/pkg/server/spells.go:217.23,219.3 1 1
goldbox-rpg/pkg/server/spells.go:220.2,220.24 1 1
goldbox-rpg/pkg/server/spells.go:220.24,222.3 1 1
goldbox-rpg/pkg/server/spells.go:223.2,223.15 1 1
goldbox-rpg/pkg/server/spells.go:227.98,235.2 1 1
goldbox-rpg/pkg/server/spells.go:237.123,257.2 4 1
goldbox-rpg/pkg/server/spells.go:259.122,279.2 4 1
goldbox-rpg/pkg/server/spells.go:281.119,301.2 4 1
goldbox-rpg/pkg/server/spells.go:304.70,310.21 3 1
goldbox-rpg/pkg/server/spells.go:310.21,312.3 1 1
goldbox-rpg/pkg/server/spells.go:315.2,317.45 2 1
goldbox-rpg/pkg/server/spells.go:321.61,322.18 1 1
goldbox-rpg/pkg/server/spells.go:323.18,325.37 1 1
goldbox-rpg/pkg/server/spells.go:326.24,328.37 1 1
goldbox-rpg/pkg/server/spells.go:329.23,331.41 1 1
goldbox-rpg/pkg/server/spells.go:332.10,334.47 1 1
goldbox-rpg/pkg/server/spells.go:339.62,340.18 1 1
goldbox-rpg/pkg/server/spells.go:341.14,343.37 1 1
goldbox-rpg/pkg/server/spells.go:344.21,346.37 1 1
goldbox-rpg/pkg/server/spells.go:347.22,349.37 1 1
goldbox-rpg/pkg/server/spells.go:350.10,352.47 1 1
goldbox-rpg/pkg/server/spells.go:357.41,367.34 2 1
goldbox-rpg/pkg/server/spells.go:367.34,375.3 2 1
goldbox-rpg/pkg/server/spells.go:377.2,378.31 2 1
goldbox-rpg/pkg/server/spells.go:378.31,388.3 3 1
goldbox-rpg/pkg/server/spells.go:390.2,399.14 2 1
goldbox-rpg/pkg/server/spells.go:403.92,414.37 3 1
goldbox-rpg/pkg/server/spells.go:414.37,415.41 1 0
goldbox-rpg/pkg/server/spells.go:415.41,428.17 5 0
goldbox-rpg/pkg/server/spells.go:428.17,437.5 2 0
goldbox-rpg/pkg/server/spells.go:439.4,457.14 4 0
goldbox-rpg/pkg/server/spells.go:460.2,479.12 4 1
goldbox-rpg/pkg/server/spells.go:483.75,493.37 3 1
goldbox-rpg/pkg/server/spells.go:493.37,494.41 1 0
goldbox-rpg/pkg/server/spells.go:494.41,508.21 6 0
goldbox-rpg/pkg/server/spells.go:508.21,519.5 2 0
goldbox-rpg/pkg/server/spells.go:521.4,539.14 4 0
goldbox-rpg/pkg/server/spells.go:542.2,560.12 4 1
goldbox-rpg/pkg/server/state.go:56.56,57.45 1 1
goldbox-rpg/pkg/server/state.go:57.45,59.3 1 1
goldbox-rpg/pkg/server/state.go:61.2,65.26 3 1
goldbox-rpg/pkg/server/state.go:65.26,67.3 1 1
goldbox-rpg/pkg/server/state.go:70.2,70.34 1 1
goldbox-rpg/pkg/server/state.go:70.34,72.3 1 1
goldbox-rpg/pkg/server/state.go:75.2,75.64 1 1
goldbox-rpg/pkg/server/state.go:79.56,81.52 1 1
goldbox-rpg/pkg/server/state.go:81.52,82.55 1 1
goldbox-rpg/pkg/server/state.go:82.55,83.63 1 1
goldbox-rpg/pkg/server/state.go:83.63,85.5 1 1
goldbox-rpg/pkg/server/state.go:90.2,112.39 14 1
goldbox-rpg/pkg/server/state.go:112.39,114.3 1 0
goldbox-rpg/pkg/server/state.go:115.2,124.14 6 1
goldbox-rpg/pkg/server/state.go:127.39,131.22 1 1
goldbox-rpg/pkg/server/state.go:131.22,133.3 1 1
goldbox-rpg/pkg/server/state.go:134.2,134.12 1 1
goldbox-rpg/pkg/server/state.go:138.72,150.15 9 0
goldbox-rpg/pkg/server/state.go:150.15,155.3 4 0
goldbox-rpg/pkg/server/state.go:158.2,158.27 1 0
goldbox-rpg/pkg/server/state.go:158.27,160.3 1 0
goldbox-rpg/pkg/server/state.go:163.2,164.12 2 0
goldbox-rpg/pkg/server/state.go:164.12,166.3 1 0
goldbox-rpg/pkg/server/state.go:168.2,168.9 1 0
goldbox-rpg/pkg/server/state.go:169.21,170.17 1 0
goldbox-rpg/pkg/server/state.go:170.17,173.4 2 0
goldbox-rpg/pkg/server/state.go:174.37,176.40 2 0
goldbox-rpg/pkg/server/state.go:179.2,183.12 3 0
goldbox-rpg/pkg/server/state.go:186.45,187.52 1 0
goldbox-rpg/pkg/server/state.go:187.52,196.3 6 0
goldbox-rpg/pkg/server/state.go:196.8,198.3 1 0
goldbox-rpg/pkg/server/state.go:201.73,202.54 1 0
goldbox-rpg/pkg/server/state.go:202.54,204.3 1 0
goldbox-rpg/pkg/server/state.go:206.2,206.53 1 0
goldbox-rpg/pkg/server/state.go:206.53,208.3 1 0
goldbox-rpg/pkg/server/state.go:210.2,210.53 1 0
goldbox-rpg/pkg/server/state.go:210.53,212.3 1 0
goldbox-rpg/pkg/server/state.go:214.2,214.56 1 0
goldbox-rpg/pkg/server/state.go:214.56,216.3 1 0
goldbox-rpg/pkg/server/state.go:218.2,218.12 1 0
goldbox-rpg/pkg/server/state.go:222.78,224.9 2 0
goldbox-rpg/pkg/server/state.go:224.9,226.3 1 0
goldbox-rpg/pkg/server/state.go:228.2,228.59 1 0
goldbox-rpg/pkg/server/state.go:228.59,230.3 1 0
goldbox-rpg/pkg/server/state.go:232.2,232.12 1 0
goldbox-rpg/pkg/server/state.go:236.77,238.9 2 0
goldbox-rpg/pkg/server/state.go:238.9,240.3 1 0
goldbox-rpg/pkg/server/state.go:242.2,243.9 2 0
goldbox-rpg/pkg/server/state.go:243.9,245.3 1 0
goldbox-rpg/pkg/server/state.go:247.2,247.58 1 0
goldbox-rpg/pkg/server/state.go:247.58,249.3 1 0
goldbox-rpg/pkg/server/state.go:251.2,251.12 1 0
goldbox-rpg/pkg/server/state.go:255.77,257.9 2 0
goldbox-rpg/pkg/server/state.go:257.9,259.3 1 0
goldbox-rpg/pkg/server/state.go:261.2,261.59 1 0
goldbox-rpg/pkg/server/state.go:261.59,263.3 1 0
goldbox-rpg/pkg/server/state.go:265.2,265.12 1 0
goldbox-rpg/pkg/server/state.go:269.80,271.9 2 0
goldbox-rpg/pkg/server/state.go:271.9,273.3 1 0
goldbox-rpg/pkg/server/state.go:275.2,275.41 1 0
goldbox-rpg/pkg/server/state.go:275.41,276.60 1 0
goldbox-rpg/pkg/server/state.go:276.60,278.4 1 0
goldbox-rpg/pkg/server/state.go:281.2,281.12 1 0
goldbox-rpg/pkg/server/state.go:285.79,287.13 2 0
goldbox-rpg/pkg/server/state.go:287.13,289.3 1 0
goldbox-rpg/pkg/server/state.go:291.2,292.9 2 0
goldbox-rpg/pkg/server/state.go:292.9,294.3 1 0
goldbox-rpg/pkg/server/state.go:296.2,296.50 1 0
goldbox-rpg/pkg/server/state.go:296.50,298.3 1 0
goldbox-rpg/pkg/server/state.go:300.2,300.12 1 0
goldbox-rpg/pkg/server/state.go:303.43,321.39 3 0
goldbox-rpg/pkg/server/state.go:321.39,323.3 1 0
goldbox-rpg/pkg/server/state.go:325.2,325.17 1 0
goldbox-rpg/pkg/server/state.go:349.58,352.42 2 1
goldbox-rpg/pkg/server/state.go:352.42,363.3 3 0
goldbox-rpg/pkg/server/state.go:364.2,373.3 1 1
goldbox-rpg/pkg/server/state.go:432.36,455.2 4 1
goldbox-rpg/pkg/server/state.go:468.9,478.57 4 1
goldbox-rpg/pkg/server/state.go:478.57,480.3 1 0
goldbox-rpg/pkg/server/state.go:482.2,487.12 2 1
goldbox-rpg/pkg/server/state.go:502.9,511.37 4 1
goldbox-rpg/pkg/server/state.go:511.37,514.3 2 1
goldbox-rpg/pkg/server/state.go:517.2,517.57 1 1
goldbox-rpg/pkg/server/state.go:517.57,519.3 1 0
goldbox-rpg/pkg/server/state.go:522.2,522.85 1 1
goldbox-rpg/pkg/server/state.go:522.85,523.36 1 0
goldbox-rpg/pkg/server/state.go:523.36,526.4 2 0
goldbox-rpg/pkg/server/state.go:527.3,527.31 1 0
goldbox-rpg/pkg/server/state.go:527.31,529.4 1 0
goldbox-rpg/pkg/server/state.go:530.3,530.32 1 0
goldbox-rpg/pkg/server/state.go:530.32,532.4 1 0
goldbox-rpg/pkg/server/state.go:533.3,537.62 1 0
goldbox-rpg/pkg/server/state.go:540.2,545.12 2 1
goldbox-rpg/pkg/server/swagger.go:15.76,17.16 2 0
goldbox-rpg/pkg/server/swagger.go:17.16,20.3 2 0
goldbox-rpg/pkg/server/swagger.go:22.2,29.46 3 0
goldbox-rpg/pkg/server/swagger.go:29.46,31.3 1 0
goldbox-rpg/pkg/server/swagger.go:35.78,40.53 2 0
goldbox-rpg/pkg/server/swagger.go:40.53,43.3 2 0
goldbox-rpg/pkg/server/swagger.go:46.2,48.32 3 0
goldbox-rpg/pkg/server/timeout.go:36.58,38.22 2 1
goldbox-rpg/pkg/server/timeout.go:38.22,47.3 1 1
goldbox-rpg/pkg/server/timeout.go:47.8,57.3 1 1
goldbox-rpg/pkg/server/timeout.go:59.2,65.3 1 1
goldbox-rpg/pkg/server/timeout.go:69.134,74.21 3 1
goldbox-rpg/pkg/server/timeout.go:74.21,78.3 2 1
goldbox-rpg/pkg/server/timeout.go:78.8,81.3 1 1
goldbox-rpg/pkg/server/timeout.go:85.118,87.2 1 1
goldbox-rpg/pkg/server/timeout.go:90.146,93.2 2 1
goldbox-rpg/pkg/server/timeout.go:96.45,108.2 2 1
goldbox-rpg/pkg/server/timeout.go:111.43,112.37 1 1
goldbox-rpg/pkg/server/timeout.go:112.37,114.3 1 1
goldbox-rpg/pkg/server/timeout.go:116.2,116.37 1 1
goldbox-rpg/pkg/server/timeout.go:116.37,118.3 1 1
goldbox-rpg/pkg/server/timeout.go:120.2,120.21 1 1
goldbox-rpg/pkg/server/timeout.go:120.21,121.37 1 1
goldbox-rpg/pkg/server/timeout.go:121.37,123.4 1 1
goldbox-rpg/pkg/server/timeout.go:125.3,125.38 1 1
goldbox-rpg/pkg/server/timeout.go:125.38,127.4 1 0
goldbox-rpg/pkg/server/timeout.go:129.3,129.60 1 1
goldbox-rpg/pkg/server/timeout.go:129.60,131.4 1 0
goldbox-rpg/pkg/server/timeout.go:134.2,134.12 1 1
goldbox-rpg/pkg/server/timeout.go:141.50,144.49 2 1
goldbox-rpg/pkg/server/timeout.go:144.49,146.3 1 1
goldbox-rpg/pkg/server/timeout.go:148.2,151.12 3 1
goldbox-rpg/pkg/server/timeout.go:155.40,157.2 1 1
goldbox-rpg/pkg/server/timeout.go:160.114,161.32 1 1
goldbox-rpg/pkg/server/timeout.go:161.32,166.3 3 1
goldbox-rpg/pkg/server/timeout.go:168.2,168.72 1 1
goldbox-rpg/pkg/server/timeout.go:172.98,173.32 1 1
goldbox-rpg/pkg/server/timeout.go:173.32,176.3 1 1
goldbox-rpg/pkg/server/timeout.go:178.2,178.70 1 1
goldbox-rpg/pkg/server/tracing.go:20.57,26.2 1 1
goldbox-rpg/pkg/server/tracing.go:31.51,32.60 1 1
goldbox-rpg/pkg/server/tracing.go:32.60,34.3 1 1
goldbox-rpg/pkg/server/tracing.go:36.2,36.49 1 1
goldbox-rpg/pkg/server/tracing.go:40.76,42.2 1 1
goldbox-rpg/pkg/server/tracing.go:45.98,50.66 3 1
goldbox-rpg/pkg/server/tracing.go:50.66,52.3 1 1
goldbox-rpg/pkg/server/tracing.go:53.2,53.58 1 1
goldbox-rpg/pkg/server/tracing.go:53.58,55.3 1 1
goldbox-rpg/pkg/server/tracing.go:57.2,57.47 1 1
goldbox-rpg/pkg/server/tracing.go:61.83,78.16 7 1
goldbox-rpg/pkg/server/tracing.go:78.16,81.3 2 1
goldbox-rpg/pkg/server/tracing.go:81.8,83.3 1 1
goldbox-rpg/pkg/server/tracing.go:85.2,85.12 1 1
goldbox-rpg/pkg/server/tracing.go:89.78,93.31 3 1
goldbox-rpg/pkg/server/tracing.go:93.31,95.3 1 1
goldbox-rpg/pkg/server/tracing.go:96.2,96.27 1 1
goldbox-rpg/pkg/server/tracing.go:96.27,98.3 1 1
goldbox-rpg/pkg/server/tracing.go:100.2,100.21 1 1
goldbox-rpg/pkg/server/tracing.go:100.21,102.3 1 1
goldbox-rpg/pkg/server/tracing.go:103.2,103.15 1 1
goldbox-rpg/pkg/server/tracing.go:107.68,111.16 3 1
goldbox-rpg/pkg/server/tracing.go:111.16,117.3 2 1
goldbox-rpg/pkg/server/types.go:90.72,91.14 1 1
goldbox-rpg/pkg/server/types.go:91.14,93.3 1 1
goldbox-rpg/pkg/server/types.go:95.2,95.36 1 1
goldbox-rpg/pkg/server/types.go:95.36,96.14 1 1
goldbox-rpg/pkg/server/types.go:97.17,98.60 1 1
goldbox-rpg/pkg/server/types.go:98.60,100.5 1 1
goldbox-rpg/pkg/server/types.go:101.20,102.41 1 1
goldbox-rpg/pkg/server/types.go:102.41,104.5 1 1
goldbox-rpg/pkg/server/types.go:105.21,106.46 1 1
goldbox-rpg/pkg/server/types.go:106.46,108.5 1 1
goldbox-rpg/pkg/server/types.go:109.20,110.43 1 1
goldbox-rpg/pkg/server/types.go:110.43,112.5 1 1
goldbox-rpg/pkg/server/types.go:116.2,116.12 1 1
goldbox-rpg/pkg/server/types.go:120.48,121.14 1 1
goldbox-rpg/pkg/server/types.go:121.14,123.3 1 1
goldbox-rpg/pkg/server/types.go:125.2,135.14 2 1
goldbox-rpg/pkg/server/types.go:139.50,151.2 1 1
goldbox-rpg/pkg/server/types.go:154.34,156.2 1 1
goldbox-rpg/pkg/server/types.go:159.35,161.2 1 1
goldbox-rpg/pkg/server/types.go:164.40,166.2 1 1
goldbox-rpg/pkg/server/types.go:171.47,172.24 1 1
goldbox-rpg/pkg/server/types.go:172.24,173.27 1 1
goldbox-rpg/pkg/server/types.go:173.27,175.4 1 1
goldbox-rpg/pkg/server/util.go:32.68,45.34 5 1
goldbox-rpg/pkg/server/util.go:45.34,47.60 2 0
goldbox-rpg/pkg/server/util.go:47.60,48.45 1 0
goldbox-rpg/pkg/server/util.go:48.45,60.5 4 0
goldbox-rpg/pkg/server/util.go:60.10,67.5 3 0
goldbox-rpg/pkg/server/util.go:68.9,70.4 1 0
goldbox-rpg/pkg/server/util.go:73.2,73.40 1 1
goldbox-rpg/pkg/server/util.go:73.40,75.3 1 0
goldbox-rpg/pkg/server/util.go:77.2,78.29 2 1
goldbox-rpg/pkg/server/util.go:78.29,80.3 1 0
goldbox-rpg/pkg/server/util.go:82.2,83.15 2 1
goldbox-rpg/pkg/server/util.go:100.78,112.49 6 0
goldbox-rpg/pkg/server/util.go:112.49,114.45 2 0
goldbox-rpg/pkg/server/util.go:114.45,120.4 2 0
goldbox-rpg/pkg/server/util.go:123.2,124.23 2 0
goldbox-rpg/pkg/server/util.go:142.74,149.63 3 0
goldbox-rpg/pkg/server/util.go:149.63,153.3 3 0
goldbox-rpg/pkg/server/util.go:154.2,155.12 2 0
goldbox-rpg/pkg/server/util.go:175.78,182.37 3 0
goldbox-rpg/pkg/server/util.go:182.37,185.3 2 0
goldbox-rpg/pkg/server/util.go:187.2,200.14 3 0
goldbox-rpg/pkg/server/util.go:217.65,225.52 4 0
goldbox-rpg/pkg/server/util.go:225.52,227.60 2 0
goldbox-rpg/pkg/server/util.go:227.60,228.49 1 0
goldbox-rpg/pkg/server/util.go:228.49,230.31 2 0
goldbox-rpg/pkg/server/util.go:230.31,233.43 3 0
goldbox-rpg/pkg/server/util.go:233.43,235.7 1 0
goldbox-rpg/pkg/server/util.go:236.11,238.6 1 0
goldbox-rpg/pkg/server/util.go:239.10,241.5 1 0
goldbox-rpg/pkg/server/util.go:242.9,244.4 1 0
goldbox-rpg/pkg/server/util.go:247.2,248.16 2 0
goldbox-rpg/pkg/server/util.go:266.68,286.2 8 0
goldbox-rpg/pkg/server/util.go:303.70,310.53 3 1
goldbox-rpg/pkg/server/util.go:310.53,314.34 3 1
goldbox-rpg/pkg/server/util.go:314.34,316.67 2 0
goldbox-rpg/pkg/server/util.go:316.67,319.5 2 0
goldbox-rpg/pkg/server/util.go:319.10,321.5 1 0
goldbox-rpg/pkg/server/util.go:323.8,325.3 1 0
goldbox-rpg/pkg/server/util.go:337.39,352.2 8 0
goldbox-rpg/pkg/server/util.go:382.59,393.2 5 1
goldbox-rpg/pkg/server/util.go:409.65,416.24 3 1
goldbox-rpg/pkg/server/util.go:416.24,417.30 1 1
goldbox-rpg/pkg/server/util.go:417.30,420.4 2 1
goldbox-rpg/pkg/server/util.go:423.2,424.12 2 1
goldbox-rpg/pkg/server/util.go:441.73,448.27 3 1
goldbox-rpg/pkg/server/util.go:448.27,449.32 1 1
goldbox-rpg/pkg/server/util.go:449.32,452.4 2 1
goldbox-rpg/pkg/server/util.go:455.2,456.12 2 1
goldbox-rpg/pkg/server/util.go:496.43,507.50 4 1
goldbox-rpg/pkg/server/util.go:507.50,510.3 2 1
goldbox-rpg/pkg/server/util.go:512.2,513.20 2 1
goldbox-rpg/pkg/server/util.go:513.20,516.3 2 1
goldbox-rpg/pkg/server/util.go:519.2,520.22 2 1
goldbox-rpg/pkg/server/util.go:520.22,523.17 3 1
goldbox-rpg/pkg/server/util.go:523.17,526.4 2 1
goldbox-rpg/pkg/server/util.go:529.2,530.16 2 1
goldbox-rpg/pkg/server/util.go:530.16,533.3 2 1
goldbox-rpg/pkg/server/util.go:535.2,536.22 2 1
goldbox-rpg/pkg/server/util.go:536.22,539.17 3 1
goldbox-rpg/pkg/server/util.go:539.17,542.4 2 1
goldbox-rpg/pkg/server/util.go:546.2,556.15 4 1
goldbox-rpg/pkg/server/util.go:570.24,578.11 3 1
goldbox-rpg/pkg/server/util.go:578.11,581.3 2 1
goldbox-rpg/pkg/server/util.go:582.2,583.10 2 1
goldbox-rpg/pkg/server/util.go:601.44,616.45 5 1
goldbox-rpg/pkg/server/util.go:616.45,617.23 1 1
goldbox-rpg/pkg/server/util.go:617.23,620.4 2 1
goldbox-rpg/pkg/server/util.go:622.2,623.14 2 1
goldbox-rpg/pkg/server/websocket.go:33.51,36.26 2 1
goldbox-rpg/pkg/server/websocket.go:36.26,37.26 1 1
goldbox-rpg/pkg/server/websocket.go:37.26,39.4 1 1
goldbox-rpg/pkg/server/websocket.go:39.9,39.38 1 1
goldbox-rpg/pkg/server/websocket.go:39.38,41.4 1 1
goldbox-rpg/pkg/server/websocket.go:41.9,43.4 1 1
goldbox-rpg/pkg/server/websocket.go:47.2,57.15 8 1
goldbox-rpg/pkg/server/websocket.go:73.50,75.19 2 1
goldbox-rpg/pkg/server/websocket.go:75.19,77.58 1 1
goldbox-rpg/pkg/server/websocket.go:77.58,79.4 1 1
goldbox-rpg/pkg/server/websocket.go:83.3,86.20 4 1
goldbox-rpg/pkg/server/websocket.go:86.20,88.32 2 0
goldbox-rpg/pkg/server/websocket.go:88.32,90.5 1 0
goldbox-rpg/pkg/server/websocket.go:92.3,93.20 2 1
goldbox-rpg/pkg/server/websocket.go:93.20,95.32 2 0
goldbox-rpg/pkg/server/websocket.go:95.32,98.5 1 0
goldbox-rpg/pkg/server/websocket.go:100.3,101.42 2 1
goldbox-rpg/pkg/server/websocket.go:101.42,104.4 2 1
goldbox-rpg/pkg/server/websocket.go:106.3,106.15 1 1
goldbox-rpg/pkg/server/websocket.go:108.2,108.36 1 1
goldbox-rpg/pkg/server/websocket.go:120.82,121.41 1 1
goldbox-rpg/pkg/server/websocket.go:121.41,122.43 1 1
goldbox-rpg/pkg/server/websocket.go:122.43,124.4 1 1
goldbox-rpg/pkg/server/websocket.go:126.2,126.14 1 1
goldbox-rpg/pkg/server/websocket.go:142.52,146.43 1 1
goldbox-rpg/pkg/server/websocket.go:146.43,150.49 2 1
goldbox-rpg/pkg/server/websocket.go:150.49,156.5 2 1
goldbox-rpg/pkg/server/websocket.go:159.4,162.16 3 1
goldbox-rpg/pkg/server/websocket.go:162.16,168.5 1 1
goldbox-rpg/pkg/server/websocket.go:168.10,174.5 1 1
goldbox-rpg/pkg/server/websocket.go:176.4,176.18 1 1
goldbox-rpg/pkg/server/websocket.go:179.2,179.18 1 1
goldbox-rpg/pkg/server/websocket.go:225.54,231.2 1 1
goldbox-rpg/pkg/server/websocket.go:242.62,251.2 1 1
goldbox-rpg/pkg/server/websocket.go:271.77,276.23 3 1
goldbox-rpg/pkg/server/websocket.go:276.23,280.3 3 0
goldbox-rpg/pkg/server/websocket.go:282.2,283.27 2 1
goldbox-rpg/pkg/server/websocket.go:283.27,287.3 3 0
goldbox-rpg/pkg/server/websocket.go:289.2,290.16 2 1
goldbox-rpg/pkg/server/websocket.go:290.16,292.3 1 1
goldbox-rpg/pkg/server/websocket.go:293.2,293.15 1 0
goldbox-rpg/pkg/server/websocket.go:293.15,297.3 3 0
goldbox-rpg/pkg/server/websocket.go:299.2,299.65 1 0
goldbox-rpg/pkg/server/websocket.go:299.65,301.3 1 0
goldbox-rpg/pkg/server/websocket.go:303.2,307.50 4 0
goldbox-rpg/pkg/server/websocket.go:311.104,313.16 2 1
goldbox-rpg/pkg/server/websocket.go:313.16,316.3 2 1
goldbox-rpg/pkg/server/websocket.go:317.2,317.18 1 0
goldbox-rpg/pkg/server/websocket.go:321.97,330.56 2 0
goldbox-rpg/pkg/server/websocket.go:330.56,333.3 2 0
goldbox-rpg/pkg/server/websocket.go:334.2,334.12 1 0
goldbox-rpg/pkg/server/websocket.go:338.113,339.6 1 0
goldbox-rpg/pkg/server/websocket.go:339.6,341.45 2 0
goldbox-rpg/pkg/server/websocket.go:341.45,342.9 1 0
goldbox-rpg/pkg/server/websocket.go:345.3,345.79 1 0
goldbox-rpg/pkg/server/websocket.go:345.79,346.9 1 0
goldbox-rpg/pkg/server/websocket.go:352.135,356.16 3 0
goldbox-rpg/pkg/server/websocket.go:356.16,360.3 3 0
goldbox-rpg/pkg/server/websocket.go:362.2,363.16 2 0
goldbox-rpg/pkg/server/websocket.go:363.16,367.3 3 0
goldbox-rpg/pkg/server/websocket.go:369.2,369.68 1 0
goldbox-rpg/pkg/server/websocket.go:369.68,372.3 2 0
goldbox-rpg/pkg/server/websocket.go:373.2,373.12 1 0
goldbox-rpg/pkg/server/websocket.go:377.113,378.19 1 0
goldbox-rpg/pkg/server/websocket.go:378.19,380.3 1 0
goldbox-rpg/pkg/server/websocket.go:381.2,382.15 2 0
goldbox-rpg/pkg/server/websocket.go:396.92,398.9 2 0
goldbox-rpg/pkg/server/websocket.go:398.9,400.3 1 0
goldbox-rpg/pkg/server/websocket.go:402.2,402.38 1 0
goldbox-rpg/pkg/server/websocket.go:420.82,440.56 6 0
goldbox-rpg/pkg/server/websocket.go:440.56,442.3 1 0
goldbox-rpg/pkg/server/websocket.go:442.8,444.3 1 0
goldbox-rpg/pkg/server/websocket.go:464.103,497.56 6 0
goldbox-rpg/pkg/server/websocket.go:497.56,499.3 1 0
goldbox-rpg/pkg/server/websocket.go:499.8,501.3 1 0
goldbox-rpg/pkg/server/websocket.go:522.80,523.21 1 1
goldbox-rpg/pkg/server/websocket.go:523.21,525.3 1 1
goldbox-rpg/pkg/server/websocket.go:527.2,529.13 3 1
goldbox-rpg/pkg/server/websocket.go:529.13,532.3 2 1
goldbox-rpg/pkg/server/websocket.go:535.2,539.21 4 1
goldbox-rpg/pkg/server/websocket.go:591.71,597.2 1 1
goldbox-rpg/pkg/server/websocket.go:608.41,612.15 3 1
goldbox-rpg/pkg/server/websocket.go:612.15,614.3 1 0
goldbox-rpg/pkg/server/websocket.go:617.2,628.39 10 1
goldbox-rpg/pkg/server/websocket.go:628.39,630.3 1 1
goldbox-rpg/pkg/server/websocket.go:632.2,633.76 2 1
goldbox-rpg/pkg/server/websocket.go:637.40,644.2 5 1
goldbox-rpg/pkg/server/websocket.go:650.67,656.33 5 1
goldbox-rpg/pkg/server/websocket.go:656.33,658.3 1 0
goldbox-rpg/pkg/server/websocket.go:661.2,662.9 2 1
goldbox-rpg/pkg/server/websocket.go:662.9,664.3 1 0
goldbox-rpg/pkg/server/websocket.go:667.2,677.28 2 1
goldbox-rpg/pkg/server/websocket.go:684.69,687.45 3 1
goldbox-rpg/pkg/server/websocket.go:687.45,688.67 1 1
goldbox-rpg/pkg/server/websocket.go:688.67,690.4 1 1
goldbox-rpg/pkg/server/websocket.go:692.2,694.24 2 1
goldbox-rpg/pkg/server/websocket.go:694.24,696.3 1 0
goldbox-rpg/pkg/server/websocket.go:698.2,699.35 2 1
goldbox-rpg/pkg/server/websocket.go:699.35,701.28 1 1
goldbox-rpg/pkg/server/websocket.go:701.28,703.11 1 1
goldbox-rpg/pkg/server/websocket.go:703.11,704.18 1 1
goldbox-rpg/pkg/server/websocket.go:704.18,705.34 1 1
goldbox-rpg/pkg/server/websocket.go:705.34,710.7 1 1
goldbox-rpg/pkg/server/websocket.go:714.5,717.61 3 1
goldbox-rpg/pkg/server/websocket.go:717.61,722.6 1 0
goldbox-rpg/pkg/server/websocket.go:722.11,724.6 1 0
goldbox-rpg/pkg/server/websocket.go:729.2,733.43 1 1
goldbox-rpg/test/e2e/client.go:61.40,81.2 4 1
goldbox-rpg/test/e2e/client.go:84.90,98.16 7 1
goldbox-rpg/test/e2e/client.go:98.16,100.3 1 0
goldbox-rpg/test/e2e/client.go:102.2,109.16 3 1
goldbox-rpg/test/e2e/client.go:109.16,111.3 1 0
goldbox-rpg/test/e2e/client.go:112.2,115.16 3 1
goldbox-rpg/test/e2e/client.go:115.16,117.3 1 0
goldbox-rpg/test/e2e/client.go:119.2,120.56 2 1
goldbox-rpg/test/e2e/client.go:120.56,122.3 1 0
goldbox-rpg/test/e2e/client.go:124.2,124.27 1 1
goldbox-rpg/test/e2e/client.go:124.27,125.33 1 1
goldbox-rpg/test/e2e/client.go:125.33,127.4 1 1
goldbox-rpg/test/e2e/client.go:128.3,128.90 1 1
goldbox-rpg/test/e2e/client.go:131.2,131.29 1 1
goldbox-rpg/test/e2e/client.go:135.43,139.21 3 1
goldbox-rpg/test/e2e/client.go:139.21,141.3 1 0
goldbox-rpg/test/e2e/client.go:143.2,144.16 2 1
goldbox-rpg/test/e2e/client.go:144.16,146.3 1 0
goldbox-rpg/test/e2e/client.go:149.2,150.25 2 1
goldbox-rpg/test/e2e/client.go:150.25,152.3 1 0
goldbox-rpg/test/e2e/client.go:153.2,159.24 4 1
goldbox-rpg/test/e2e/client.go:159.24,161.23 2 1
goldbox-rpg/test/e2e/client.go:161.23,163.35 2 1
goldbox-rpg/test/e2e/client.go:163.35,165.5 1 1
goldbox-rpg/test/e2e/client.go:166.4,166.50 1 1
goldbox-rpg/test/e2e/client.go:170.2,174.16 3 1
goldbox-rpg/test/e2e/client.go:174.16,176.3 1 0
goldbox-rpg/test/e2e/client.go:178.2,183.12 3 1
goldbox-rpg/test/e2e/client.go:187.43,188.23 1 1
goldbox-rpg/test/e2e/client.go:188.23,190.3 1 0
goldbox-rpg/test/e2e/client.go:191.2,192.36 2 1
goldbox-rpg/test/e2e/client.go:192.36,194.3 1 0
goldbox-rpg/test/e2e/client.go:195.2,195.15 1 1
goldbox-rpg/test/e2e/client.go:199.42,200.15 1 1
goldbox-rpg/test/e2e/client.go:200.15,202.30 1 1
goldbox-rpg/test/e2e/client.go:202.30,204.4 1 1
goldbox-rpg/test/e2e/client.go:205.3,205.30 1 1
goldbox-rpg/test/e2e/client.go:205.30,207.4 1 1
goldbox-rpg/test/e2e/client.go:210.2,210.6 1 1
goldbox-rpg/test/e2e/client.go:210.6,211.10 1 1
goldbox-rpg/test/e2e/client.go:212.22,213.10 1 1
goldbox-rpg/test/e2e/client.go:214.11,220.19 4 1
goldbox-rpg/test/e2e/client.go:220.19,222.5 1 0
goldbox-rpg/test/e2e/client.go:224.4,225.46 2 1
goldbox-rpg/test/e2e/client.go:225.46,226.102 1 1
goldbox-rpg/test/e2e/client.go:226.102,228.6 1 0
goldbox-rpg/test/e2e/client.go:229.5,229.11 1 1
goldbox-rpg/test/e2e/client.go:231.4,231.23 1 1
goldbox-rpg/test/e2e/client.go:238.104,242.6 3 1
goldbox-rpg/test/e2e/client.go:242.6,243.10 1 1
goldbox-rpg/test/e2e/client.go:244.34,245.11 1 1
goldbox-rpg/test/e2e/client.go:245.11,248.5 1 0
goldbox-rpg/test/e2e/client.go:249.4,249.32 1 1
goldbox-rpg/test/e2e/client.go:249.32,251.5 1 1
goldbox-rpg/test/e2e/client.go:254.32,255.11 1 0
goldbox-rpg/test/e2e/client.go:255.11,257.5 1 0
goldbox-rpg/test/e2e/client.go:258.4,258.19 1 0
goldbox-rpg/test/e2e/client.go:259.18,260.69 1 1
goldbox-rpg/test/e2e/client.go:266.86,270.9 3 0
goldbox-rpg/test/e2e/client.go:271.29,272.18 1 0
goldbox-rpg/test/e2e/client.go:273.27,274.18 1 0
goldbox-rpg/test/e2e/client.go:275.17,276.54 1 0
goldbox-rpg/test/e2e/client.go:281.41,285.21 3 1
goldbox-rpg/test/e2e/client.go:285.21,287.3 1 0
goldbox-rpg/test/e2e/client.go:290.2,290.26 1 1
goldbox-rpg/test/e2e/client.go:290.26,292.3 1 1
goldbox-rpg/test/e2e/client.go:294.2,298.16 2 1
goldbox-rpg/test/e2e/client.go:298.16,300.3 1 0
goldbox-rpg/test/e2e/client.go:302.2,302.41 1 1
goldbox-rpg/test/e2e/client.go:302.41,304.3 1 0
goldbox-rpg/test/e2e/client.go:306.2,307.12 2 1
goldbox-rpg/test/e2e/client.go:311.32,312.21 1 1
goldbox-rpg/test/e2e/client.go:312.21,314.3 1 0
goldbox-rpg/test/e2e/client.go:315.2,315.12 1 1
goldbox-rpg/test/e2e/client.go:319.61,322.34 2 1
goldbox-rpg/test/e2e/client.go:322.34,324.53 2 1
goldbox-rpg/test/e2e/client.go:324.53,327.4 2 1
goldbox-rpg/test/e2e/client.go:328.3,328.18 1 1
goldbox-rpg/test/e2e/client.go:328.18,330.4 1 0
goldbox-rpg/test/e2e/client.go:332.3,332.37 1 1
goldbox-rpg/test/e2e/client.go:335.2,335.71 1 0
goldbox-rpg/test/e2e/client.go:341.62,347.16 3 1
goldbox-rpg/test/e2e/client.go:347.16,349.3 1 1
goldbox-rpg/test/e2e/client.go:351.2,352.9 2 1
goldbox-rpg/test/e2e/client.go:352.9,354.3 1 0
goldbox-rpg/test/e2e/client.go:356.2,356.23 1 1
goldbox-rpg/test/e2e/client.go:362.106,372.16 3 1
goldbox-rpg/test/e2e/client.go:372.16,374.3 1 1
goldbox-rpg/test/e2e/client.go:377.2,377.61 1 1
goldbox-rpg/test/e2e/client.go:377.61,380.3 2 0
goldbox-rpg/test/e2e/client.go:383.2,384.9 2 1
goldbox-rpg/test/e2e/client.go:384.9,386.3 1 0
goldbox-rpg/test/e2e/client.go:389.2,390.9 2 1
goldbox-rpg/test/e2e/client.go:390.9,392.3 1 0
goldbox-rpg/test/e2e/client.go:393.2,394.9 2 1
goldbox-rpg/test/e2e/client.go:394.9,396.3 1 0
goldbox-rpg/test/e2e/client.go:398.2,398.34 1 1
goldbox-rpg/test/e2e/client.go:402.62,410.2 3 1
goldbox-rpg/test/e2e/client.go:413.81,419.2 2 1
goldbox-rpg/test/e2e/fixtures.go:50.35,52.2 1 1
goldbox-rpg/test/e2e/fixtures.go:55.36,57.2 1 1
goldbox-rpg/test/e2e/fixtures.go:60.54,63.2 2 1
goldbox-rpg/test/e2e/fixtures.go:66.53,69.2 2 1
goldbox-rpg/test/e2e/fixtures.go:72.66,79.2 4 1
goldbox-rpg/test/e2e/fixtures.go:82.106,93.24 7 0
goldbox-rpg/test/e2e/fixtures.go:93.24,95.3 1 0
goldbox-rpg/test/e2e/fixtures.go:98.2,100.25 3 0
goldbox-rpg/test/e2e/fixtures.go:100.25,102.3 1 0
goldbox-rpg/test/e2e/fixtures.go:105.2,128.75 18 0
goldbox-rpg/test/e2e/fixtures.go:132.89,141.20 6 0
goldbox-rpg/test/e2e/fixtures.go:141.20,143.3 1 0
goldbox-rpg/test/e2e/fixtures.go:145.2,145.20 1 0
goldbox-rpg/test/e2e/fixtures.go:145.20,147.3 1 0
goldbox-rpg/test/e2e/fixtures.go:151.92,157.24 4 0
goldbox-rpg/test/e2e/fixtures.go:157.24,159.3 1 0
goldbox-rpg/test/e2e/fixtures.go:161.2,162.71 2 0
goldbox-rpg/test/e2e/fixtures.go:166.81,179.2 8 1
goldbox-rpg/test/e2e/fixtures.go:182.67,187.2 4 0
goldbox-rpg/test/e2e/fixtures.go:197.46,213.2 6 1
goldbox-rpg/test/e2e/fixtures.go:216.33,217.22 1 1
goldbox-rpg/test/e2e/fixtures.go:217.22,219.3 1 1
goldbox-rpg/test/e2e/fixtures.go:220.2,220.22 1 1
goldbox-rpg/test/e2e/fixtures.go:220.22,222.3 1 1
goldbox-rpg/test/e2e/fixtures.go:226.44,228.2 1 1
goldbox-rpg/test/e2e/fixtures.go:231.40,233.2 1 1
goldbox-rpg/test/e2e/fixtures.go:236.66,238.2 1 1
goldbox-rpg/test/e2e/fixtures.go:241.62,244.2 2 1
goldbox-rpg/test/e2e/server.go:30.43,36.16 4 1
goldbox-rpg/test/e2e/server.go:36.16,38.3 1 0
goldbox-rpg/test/e2e/server.go:41.2,45.52 4 1
goldbox-rpg/test/e2e/server.go:45.52,47.3 1 0
goldbox-rpg/test/e2e/server.go:48.2,48.51 1 1
goldbox-rpg/test/e2e/server.go:48.51,50.3 1 0
goldbox-rpg/test/e2e/server.go:53.2,54.54 2 1
goldbox-rpg/test/e2e/server.go:54.54,56.3 1 0
goldbox-rpg/test/e2e/server.go:59.2,64.103 2 1
goldbox-rpg/test/e2e/server.go:64.103,66.3 1 0
goldbox-rpg/test/e2e/server.go:69.2,70.16 2 1
goldbox-rpg/test/e2e/server.go:70.16,72.3 1 0
goldbox-rpg/test/e2e/server.go:74.2,81.8 1 1
goldbox-rpg/test/e2e/server.go:85.37,88.16 2 1
goldbox-rpg/test/e2e/server.go:88.16,90.3 1 0
goldbox-rpg/test/e2e/server.go:93.2,94.33 2 1
goldbox-rpg/test/e2e/server.go:94.33,96.3 1 1
goldbox-rpg/test/e2e/server.go:98.2,101.54 2 1
goldbox-rpg/test/e2e/server.go:101.54,107.40 6 0
goldbox-rpg/test/e2e/server.go:107.40,113.4 4 0
goldbox-rpg/test/e2e/server.go:114.3,114.50 1 0
goldbox-rpg/test/e2e/server.go:115.8,117.3 1 1
goldbox-rpg/test/e2e/server.go:120.2,148.39 12 1
goldbox-rpg/test/e2e/server.go:148.39,150.3 1 0
goldbox-rpg/test/e2e/server.go:153.2,154.63 2 1
goldbox-rpg/test/e2e/server.go:154.63,157.3 2 0
goldbox-rpg/test/e2e/server.go:159.2,160.12 2 1
goldbox-rpg/test/e2e/server.go:164.36,167.26 2 1
goldbox-rpg/test/e2e/server.go:167.26,169.3 1 1
goldbox-rpg/test/e2e/server.go:171.2,171.44 1 1
goldbox-rpg/test/e2e/server.go:171.44,174.17 2 1
goldbox-rpg/test/e2e/server.go:174.17,176.4 1 1
goldbox-rpg/test/e2e/server.go:179.3,180.13 2 1
goldbox-rpg/test/e2e/server.go:180.13,182.4 1 1
goldbox-rpg/test/e2e/server.go:184.3,184.10 1 1
goldbox-rpg/test/e2e/server.go:185.15,186.44 1 1
goldbox-rpg/test/e2e/server.go:187.38,189.68 2 0
goldbox-rpg/test/e2e/server.go:189.68,191.5 1 0
goldbox-rpg/test/e2e/server.go:192.4,192.25 1 0
goldbox-rpg/test/e2e/server.go:196.2,196.23 1 1
goldbox-rpg/test/e2e/server.go:196.23,198.3 1 1
goldbox-rpg/test/e2e/server.go:201.2,201.22 1 1
goldbox-rpg/test/e2e/server.go:201.22,204.3 2 1
goldbox-rpg/test/e2e/server.go:206.2,206.12 1 1
goldbox-rpg/test/e2e/server.go:210.40,212.2 1 1
goldbox-rpg/test/e2e/server.go:215.40,217.2 1 1
goldbox-rpg/test/e2e/server.go:220.56,221.23 1 1
goldbox-rpg/test/e2e/server.go:221.23,223.3 1 0
goldbox-rpg/test/e2e/server.go:226.2,230.16 4 1
goldbox-rpg/test/e2e/server.go:230.16,232.3 1 0
goldbox-rpg/test/e2e/server.go:234.2,234.29 1 1
goldbox-rpg/test/e2e/server.go:238.39,242.34 2 0
goldbox-rpg/test/e2e/server.go:242.34,244.3 1 0
goldbox-rpg/test/e2e/server.go:247.2,250.35 2 0
goldbox-rpg/test/e2e/server.go:250.35,252.3 1 0
goldbox-rpg/test/e2e/server.go:254.2,254.12 1 0
goldbox-rpg/test/e2e/server.go:258.39,260.16 2 1
goldbox-rpg/test/e2e/server.go:260.16,262.3 1 0
goldbox-rpg/test/e2e/server.go:263.2,266.23 3 1
