mode: set
goldbox-rpg/cmd/bootstrap-demo/main.go:96.39,98.21 1 1
goldbox-rpg/cmd/bootstrap-demo/main.go:98.21,100.3 1 1
goldbox-rpg/cmd/bootstrap-demo/main.go:103.2,103.26 1 1
goldbox-rpg/cmd/bootstrap-demo/main.go:103.26,104.24 1 1
goldbox-rpg/cmd/bootstrap-demo/main.go:104.24,106.4 1 1
goldbox-rpg/cmd/bootstrap-demo/main.go:107.3,107.13 1 1
goldbox-rpg/cmd/bootstrap-demo/main.go:111.2,111.37 1 1
goldbox-rpg/cmd/bootstrap-demo/main.go:111.37,113.3 1 1
goldbox-rpg/cmd/bootstrap-demo/main.go:116.2,116.47 1 1
goldbox-rpg/cmd/bootstrap-demo/main.go:116.47,118.3 1 1
goldbox-rpg/cmd/bootstrap-demo/main.go:121.2,121.41 1 1
goldbox-rpg/cmd/bootstrap-demo/main.go:121.41,123.3 1 1
goldbox-rpg/cmd/bootstrap-demo/main.go:126.2,126.22 1 1
goldbox-rpg/cmd/bootstrap-demo/main.go:126.22,128.3 1 1
goldbox-rpg/cmd/bootstrap-demo/main.go:131.2,131.25 1 1
goldbox-rpg/cmd/bootstrap-demo/main.go:131.25,133.3 1 1
goldbox-rpg/cmd/bootstrap-demo/main.go:136.2,136.23 1 1
goldbox-rpg/cmd/bootstrap-demo/main.go:136.23,138.3 1 1
goldbox-rpg/cmd/bootstrap-demo/main.go:140.2,140.12 1 1
goldbox-rpg/cmd/bootstrap-demo/main.go:143.13,144.30 1 0
goldbox-rpg/cmd/bootstrap-demo/main.go:144.30,147.3 2 0
goldbox-rpg/cmd/bootstrap-demo/main.go:152.18,157.42 3 1
goldbox-rpg/cmd/bootstrap-demo/main.go:157.42,159.3 1 0
goldbox-rpg/cmd/bootstrap-demo/main.go:162.2,162.26 1 1
goldbox-rpg/cmd/bootstrap-demo/main.go:162.26,163.50 1 1
goldbox-rpg/cmd/bootstrap-demo/main.go:163.50,165.4 1 0
goldbox-rpg/cmd/bootstrap-demo/main.go:166.3,166.13 1 1
goldbox-rpg/cmd/bootstrap-demo/main.go:169.2,181.49 2 0
goldbox-rpg/cmd/bootstrap-demo/main.go:181.49,183.3 1 0
goldbox-rpg/cmd/bootstrap-demo/main.go:185.2,186.12 2 0
goldbox-rpg/cmd/bootstrap-demo/main.go:189.31,207.2 14 1
goldbox-rpg/cmd/bootstrap-demo/main.go:209.33,215.13 2 1
goldbox-rpg/cmd/bootstrap-demo/main.go:215.13,217.3 1 1
goldbox-rpg/cmd/bootstrap-demo/main.go:217.8,219.3 1 1
goldbox-rpg/cmd/bootstrap-demo/main.go:226.37,228.16 2 1
goldbox-rpg/cmd/bootstrap-demo/main.go:228.16,230.3 1 0
goldbox-rpg/cmd/bootstrap-demo/main.go:232.2,232.25 1 1
goldbox-rpg/cmd/bootstrap-demo/main.go:232.25,235.3 2 1
goldbox-rpg/cmd/bootstrap-demo/main.go:237.2,238.37 2 0
goldbox-rpg/cmd/bootstrap-demo/main.go:238.37,240.3 1 0
goldbox-rpg/cmd/bootstrap-demo/main.go:242.2,247.12 5 0
goldbox-rpg/cmd/bootstrap-demo/main.go:250.49,252.78 1 1
goldbox-rpg/cmd/bootstrap-demo/main.go:252.78,254.3 1 0
goldbox-rpg/cmd/bootstrap-demo/main.go:257.2,260.31 3 1
goldbox-rpg/cmd/bootstrap-demo/main.go:260.31,264.17 3 1
goldbox-rpg/cmd/bootstrap-demo/main.go:264.17,266.4 1 0
goldbox-rpg/cmd/bootstrap-demo/main.go:268.3,268.51 1 1
goldbox-rpg/cmd/bootstrap-demo/main.go:269.8,272.17 2 1
goldbox-rpg/cmd/bootstrap-demo/main.go:272.17,274.4 1 0
goldbox-rpg/cmd/bootstrap-demo/main.go:278.2,286.15 6 1
goldbox-rpg/cmd/bootstrap-demo/main.go:286.15,289.3 2 0
goldbox-rpg/cmd/bootstrap-demo/main.go:292.2,299.16 6 1
goldbox-rpg/cmd/bootstrap-demo/main.go:299.16,301.3 1 0
goldbox-rpg/cmd/bootstrap-demo/main.go:303.2,309.63 3 1
goldbox-rpg/cmd/bootstrap-demo/main.go:309.63,311.3 1 0
goldbox-rpg/cmd/bootstrap-demo/main.go:313.2,313.12 1 1
goldbox-rpg/cmd/bootstrap-demo/main.go:321.81,331.27 2 1
goldbox-rpg/cmd/bootstrap-demo/main.go:332.15,333.51 1 1
goldbox-rpg/cmd/bootstrap-demo/main.go:334.16,335.52 1 1
goldbox-rpg/cmd/bootstrap-demo/main.go:336.14,337.50 1 1
goldbox-rpg/cmd/bootstrap-demo/main.go:338.10,339.71 1 1
goldbox-rpg/cmd/bootstrap-demo/main.go:342.2,342.32 1 1
goldbox-rpg/cmd/bootstrap-demo/main.go:343.16,344.57 1 1
goldbox-rpg/cmd/bootstrap-demo/main.go:345.18,346.59 1 1
goldbox-rpg/cmd/bootstrap-demo/main.go:347.18,348.59 1 1
goldbox-rpg/cmd/bootstrap-demo/main.go:349.10,350.81 1 1
goldbox-rpg/cmd/bootstrap-demo/main.go:353.2,353.29 1 1
goldbox-rpg/cmd/bootstrap-demo/main.go:354.25,355.57 1 1
goldbox-rpg/cmd/bootstrap-demo/main.go:356.18,357.51 1 1
goldbox-rpg/cmd/bootstrap-demo/main.go:358.20,359.52 1 1
goldbox-rpg/cmd/bootstrap-demo/main.go:360.21,361.53 1 1
goldbox-rpg/cmd/bootstrap-demo/main.go:362.10,363.75 1 1
goldbox-rpg/cmd/bootstrap-demo/main.go:366.2,366.29 1 1
goldbox-rpg/cmd/bootstrap-demo/main.go:373.110,397.29 16 1
goldbox-rpg/cmd/bootstrap-demo/main.go:397.29,399.3 1 1
goldbox-rpg/cmd/bootstrap-demo/main.go:401.2,401.43 1 1
goldbox-rpg/cmd/bootstrap-demo/main.go:401.43,403.3 1 1
goldbox-rpg/cmd/bootstrap-demo/main.go:405.2,408.29 3 1
goldbox-rpg/cmd/bootstrap-demo/main.go:408.29,413.3 3 1
goldbox-rpg/cmd/bootstrap-demo/main.go:415.2,420.24 5 1
goldbox-rpg/cmd/bootstrap-demo/main.go:427.51,434.37 3 1
goldbox-rpg/cmd/bootstrap-demo/main.go:434.37,436.54 2 1
goldbox-rpg/cmd/bootstrap-demo/main.go:436.54,438.4 1 1
goldbox-rpg/cmd/bootstrap-demo/main.go:441.2,442.12 2 1
goldbox-rpg/cmd/dungeon-demo/main.go:54.37,68.2 1 1
goldbox-rpg/cmd/dungeon-demo/main.go:70.13,71.30 1 1
goldbox-rpg/cmd/dungeon-demo/main.go:71.30,74.3 2 0
goldbox-rpg/cmd/dungeon-demo/main.go:78.18,84.16 5 1
goldbox-rpg/cmd/dungeon-demo/main.go:84.16,86.3 1 0
goldbox-rpg/cmd/dungeon-demo/main.go:88.2,89.12 2 1
goldbox-rpg/cmd/dungeon-demo/main.go:95.70,107.16 9 1
goldbox-rpg/cmd/dungeon-demo/main.go:107.16,115.3 2 0
goldbox-rpg/cmd/dungeon-demo/main.go:117.2,118.9 2 1
goldbox-rpg/cmd/dungeon-demo/main.go:118.9,125.3 2 0
goldbox-rpg/cmd/dungeon-demo/main.go:127.2,136.21 2 1
goldbox-rpg/cmd/dungeon-demo/main.go:141.76,157.44 13 1
goldbox-rpg/cmd/dungeon-demo/main.go:157.44,164.36 4 1
goldbox-rpg/cmd/dungeon-demo/main.go:164.36,166.4 1 1
goldbox-rpg/cmd/dungeon-demo/main.go:168.3,169.42 2 1
goldbox-rpg/cmd/dungeon-demo/main.go:169.42,171.4 1 1
goldbox-rpg/cmd/dungeon-demo/main.go:172.3,175.33 2 1
goldbox-rpg/cmd/dungeon-demo/main.go:175.33,177.4 1 1
goldbox-rpg/cmd/dungeon-demo/main.go:180.2,183.34 2 1
goldbox-rpg/cmd/dungeon-demo/main.go:183.34,185.44 2 1
goldbox-rpg/cmd/dungeon-demo/main.go:185.44,190.4 1 1
goldbox-rpg/cmd/dungeon-demo/main.go:193.2,195.91 3 1
goldbox-rpg/cmd/dungeon-demo/main.go:198.61,199.19 1 1
goldbox-rpg/cmd/dungeon-demo/main.go:199.19,202.3 2 1
goldbox-rpg/cmd/dungeon-demo/main.go:203.2,203.15 1 1
goldbox-rpg/cmd/dungeon-demo/main.go:206.62,220.2 1 1
goldbox-rpg/cmd/dungeon-demo/main.go:222.88,255.2 1 1
goldbox-rpg/cmd/pcg-demo/main.go:26.29,36.2 3 1
goldbox-rpg/cmd/pcg-demo/main.go:40.32,42.16 2 1
goldbox-rpg/cmd/pcg-demo/main.go:42.16,44.3 1 1
goldbox-rpg/cmd/pcg-demo/main.go:46.2,71.39 10 1
goldbox-rpg/cmd/pcg-demo/main.go:71.39,76.17 4 1
goldbox-rpg/cmd/pcg-demo/main.go:76.17,78.4 1 1
goldbox-rpg/cmd/pcg-demo/main.go:82.2,82.36 1 1
goldbox-rpg/cmd/pcg-demo/main.go:82.36,87.17 4 1
goldbox-rpg/cmd/pcg-demo/main.go:87.17,89.4 1 1
goldbox-rpg/cmd/pcg-demo/main.go:93.2,94.26 2 1
goldbox-rpg/cmd/pcg-demo/main.go:94.26,95.15 1 1
goldbox-rpg/cmd/pcg-demo/main.go:95.15,97.4 1 1
goldbox-rpg/cmd/pcg-demo/main.go:97.9,99.4 1 1
goldbox-rpg/cmd/pcg-demo/main.go:103.2,108.79 4 1
goldbox-rpg/cmd/pcg-demo/main.go:108.79,110.3 1 0
goldbox-rpg/cmd/pcg-demo/main.go:113.2,119.12 6 1
goldbox-rpg/cmd/pcg-demo/main.go:123.66,135.43 4 1
goldbox-rpg/cmd/pcg-demo/main.go:135.43,137.16 2 1
goldbox-rpg/cmd/pcg-demo/main.go:137.16,142.4 3 0
goldbox-rpg/cmd/pcg-demo/main.go:147.57,149.16 2 1
goldbox-rpg/cmd/pcg-demo/main.go:149.16,151.3 1 1
goldbox-rpg/cmd/pcg-demo/main.go:152.2,153.12 2 1
goldbox-rpg/cmd/pcg-demo/main.go:156.13,158.37 2 0
goldbox-rpg/cmd/pcg-demo/main.go:158.37,161.3 2 0
goldbox-rpg/cmd/metrics-demo/main.go:22.27,26.2 3 1
goldbox-rpg/cmd/metrics-demo/main.go:40.96,41.18 1 1
goldbox-rpg/cmd/metrics-demo/main.go:41.18,43.3 1 1
goldbox-rpg/cmd/metrics-demo/main.go:45.2,53.8 4 1
goldbox-rpg/cmd/metrics-demo/main.go:57.53,58.25 1 1
goldbox-rpg/cmd/metrics-demo/main.go:58.25,63.3 4 1
goldbox-rpg/cmd/metrics-demo/main.go:67.51,68.25 1 1
goldbox-rpg/cmd/metrics-demo/main.go:68.25,73.23 4 1
goldbox-rpg/cmd/metrics-demo/main.go:73.23,75.4 1 1
goldbox-rpg/cmd/metrics-demo/main.go:77.3,79.17 2 1
goldbox-rpg/cmd/metrics-demo/main.go:79.17,81.4 1 1
goldbox-rpg/cmd/metrics-demo/main.go:81.9,83.4 1 1
goldbox-rpg/cmd/metrics-demo/main.go:88.50,89.25 1 1
goldbox-rpg/cmd/metrics-demo/main.go:89.25,94.3 4 1
goldbox-rpg/cmd/metrics-demo/main.go:98.50,142.37 2 1
goldbox-rpg/cmd/metrics-demo/main.go:142.37,146.3 2 1
goldbox-rpg/cmd/metrics-demo/main.go:157.52,166.32 2 1
goldbox-rpg/cmd/metrics-demo/main.go:166.32,168.18 2 1
goldbox-rpg/cmd/metrics-demo/main.go:168.18,170.4 1 1
goldbox-rpg/cmd/metrics-demo/main.go:170.9,172.4 1 1
goldbox-rpg/cmd/metrics-demo/main.go:177.45,186.55 7 1
goldbox-rpg/cmd/metrics-demo/main.go:186.55,188.3 1 1
goldbox-rpg/cmd/metrics-demo/main.go:190.2,191.56 2 1
goldbox-rpg/cmd/metrics-demo/main.go:191.56,193.14 2 1
goldbox-rpg/cmd/metrics-demo/main.go:193.14,195.4 1 1
goldbox-rpg/cmd/metrics-demo/main.go:196.3,196.46 1 1
goldbox-rpg/cmd/metrics-demo/main.go:199.2,199.37 1 1
goldbox-rpg/cmd/metrics-demo/main.go:199.37,201.46 2 1
goldbox-rpg/cmd/metrics-demo/main.go:201.46,203.4 1 1
goldbox-rpg/cmd/metrics-demo/main.go:206.2,206.36 1 1
goldbox-rpg/cmd/metrics-demo/main.go:206.36,208.47 2 0
goldbox-rpg/cmd/metrics-demo/main.go:208.47,210.4 1 0
goldbox-rpg/cmd/metrics-demo/main.go:213.2,214.47 2 1
goldbox-rpg/cmd/metrics-demo/main.go:214.47,216.3 1 1
goldbox-rpg/cmd/metrics-demo/main.go:220.49,233.2 10 1
goldbox-rpg/cmd/metrics-demo/main.go:236.47,241.9 4 1
goldbox-rpg/cmd/metrics-demo/main.go:242.27,243.98 1 1
goldbox-rpg/cmd/metrics-demo/main.go:244.27,245.112 1 0
goldbox-rpg/cmd/metrics-demo/main.go:246.27,247.107 1 0
goldbox-rpg/cmd/metrics-demo/main.go:248.27,249.92 1 0
goldbox-rpg/cmd/metrics-demo/main.go:250.10,251.93 1 1
goldbox-rpg/cmd/metrics-demo/main.go:256.27,264.2 7 1
goldbox-rpg/cmd/metrics-demo/main.go:268.29,269.16 1 1
goldbox-rpg/cmd/metrics-demo/main.go:269.16,271.3 1 0
goldbox-rpg/cmd/metrics-demo/main.go:273.2,288.16 8 1
goldbox-rpg/cmd/metrics-demo/main.go:288.16,290.3 1 0
goldbox-rpg/cmd/metrics-demo/main.go:292.2,320.12 16 1
goldbox-rpg/cmd/metrics-demo/main.go:325.13,326.33 1 0
goldbox-rpg/cmd/metrics-demo/main.go:326.33,328.3 1 0
goldbox-rpg/cmd/validator-demo/main.go:26.27,32.2 5 0
goldbox-rpg/cmd/validator-demo/main.go:39.13,41.44 2 0
goldbox-rpg/cmd/validator-demo/main.go:41.44,44.3 2 0
goldbox-rpg/cmd/validator-demo/main.go:48.58,50.2 1 1
goldbox-rpg/cmd/validator-demo/main.go:53.50,54.19 1 1
goldbox-rpg/cmd/validator-demo/main.go:54.19,56.3 1 1
goldbox-rpg/cmd/validator-demo/main.go:56.8,58.3 1 1
goldbox-rpg/cmd/validator-demo/main.go:62.58,64.2 1 1
goldbox-rpg/cmd/validator-demo/main.go:69.42,76.17 4 1
goldbox-rpg/cmd/validator-demo/main.go:76.17,83.3 3 1
goldbox-rpg/cmd/validator-demo/main.go:83.8,86.3 2 1
goldbox-rpg/cmd/validator-demo/main.go:89.2,99.17 9 1
goldbox-rpg/cmd/validator-demo/main.go:99.17,102.3 2 1
goldbox-rpg/cmd/validator-demo/main.go:105.2,118.16 4 1
goldbox-rpg/cmd/validator-demo/main.go:118.16,120.3 1 0
goldbox-rpg/cmd/validator-demo/main.go:122.2,123.33 2 1
goldbox-rpg/cmd/validator-demo/main.go:123.33,125.3 1 1
goldbox-rpg/cmd/validator-demo/main.go:128.2,141.16 4 1
goldbox-rpg/cmd/validator-demo/main.go:141.16,143.3 1 0
goldbox-rpg/cmd/validator-demo/main.go:145.2,150.9 5 1
goldbox-rpg/cmd/validator-demo/main.go:150.9,152.3 1 0
goldbox-rpg/cmd/validator-demo/main.go:153.2,166.16 7 1
goldbox-rpg/cmd/validator-demo/main.go:166.16,168.3 1 0
goldbox-rpg/cmd/validator-demo/main.go:170.2,172.9 3 1
goldbox-rpg/cmd/validator-demo/main.go:172.9,174.3 1 0
goldbox-rpg/cmd/validator-demo/main.go:175.2,176.41 2 1
goldbox-rpg/cmd/validator-demo/main.go:176.41,178.3 1 1
goldbox-rpg/cmd/validator-demo/main.go:181.2,191.12 9 1
goldbox-rpg/pkg/pcg/quests/generator.go:30.60,41.2 3 1
goldbox-rpg/pkg/pcg/quests/generator.go:44.63,46.2 1 1
goldbox-rpg/pkg/pcg/quests/generator.go:49.57,51.2 1 1
goldbox-rpg/pkg/pcg/quests/generator.go:54.81,55.53 1 1
goldbox-rpg/pkg/pcg/quests/generator.go:55.53,57.3 1 1
goldbox-rpg/pkg/pcg/quests/generator.go:60.2,64.29 3 1
goldbox-rpg/pkg/pcg/quests/generator.go:64.29,66.3 1 1
goldbox-rpg/pkg/pcg/quests/generator.go:69.2,69.47 1 1
goldbox-rpg/pkg/pcg/quests/generator.go:69.47,71.3 1 1
goldbox-rpg/pkg/pcg/quests/generator.go:73.2,73.12 1 1
goldbox-rpg/pkg/pcg/quests/generator.go:77.117,78.45 1 1
goldbox-rpg/pkg/pcg/quests/generator.go:78.45,80.3 1 0
goldbox-rpg/pkg/pcg/quests/generator.go:83.2,95.71 2 1
goldbox-rpg/pkg/pcg/quests/generator.go:95.71,97.3 1 1
goldbox-rpg/pkg/pcg/quests/generator.go:100.2,100.66 1 1
goldbox-rpg/pkg/pcg/quests/generator.go:100.66,102.3 1 1
goldbox-rpg/pkg/pcg/quests/generator.go:103.2,103.66 1 1
goldbox-rpg/pkg/pcg/quests/generator.go:103.66,105.3 1 1
goldbox-rpg/pkg/pcg/quests/generator.go:108.2,108.73 1 1
goldbox-rpg/pkg/pcg/quests/generator.go:108.73,110.3 1 1
goldbox-rpg/pkg/pcg/quests/generator.go:112.2,112.67 1 1
goldbox-rpg/pkg/pcg/quests/generator.go:116.142,126.16 5 1
goldbox-rpg/pkg/pcg/quests/generator.go:126.16,128.3 1 0
goldbox-rpg/pkg/pcg/quests/generator.go:131.2,132.16 2 1
goldbox-rpg/pkg/pcg/quests/generator.go:132.16,134.3 1 0
goldbox-rpg/pkg/pcg/quests/generator.go:137.2,138.16 2 1
goldbox-rpg/pkg/pcg/quests/generator.go:138.16,140.3 1 0
goldbox-rpg/pkg/pcg/quests/generator.go:143.2,144.33 2 1
goldbox-rpg/pkg/pcg/quests/generator.go:144.33,151.3 1 1
goldbox-rpg/pkg/pcg/quests/generator.go:154.2,163.19 2 1
goldbox-rpg/pkg/pcg/quests/generator.go:167.141,168.21 1 1
goldbox-rpg/pkg/pcg/quests/generator.go:168.21,170.3 1 1
goldbox-rpg/pkg/pcg/quests/generator.go:172.2,175.35 3 1
goldbox-rpg/pkg/pcg/quests/generator.go:175.35,182.34 4 1
goldbox-rpg/pkg/pcg/quests/generator.go:182.34,184.4 1 1
goldbox-rpg/pkg/pcg/quests/generator.go:186.3,187.17 2 1
goldbox-rpg/pkg/pcg/quests/generator.go:187.17,189.4 1 0
goldbox-rpg/pkg/pcg/quests/generator.go:192.3,192.22 1 1
goldbox-rpg/pkg/pcg/quests/generator.go:192.22,194.4 1 1
goldbox-rpg/pkg/pcg/quests/generator.go:196.3,196.33 1 1
goldbox-rpg/pkg/pcg/quests/generator.go:199.2,199.20 1 1
goldbox-rpg/pkg/pcg/quests/generator.go:203.150,208.2 3 1
goldbox-rpg/pkg/pcg/quests/generator.go:211.183,213.36 2 1
goldbox-rpg/pkg/pcg/quests/generator.go:213.36,215.3 1 0
goldbox-rpg/pkg/pcg/quests/generator.go:217.2,219.29 2 1
goldbox-rpg/pkg/pcg/quests/generator.go:219.29,225.23 3 1
goldbox-rpg/pkg/pcg/quests/generator.go:225.23,227.4 1 1
goldbox-rpg/pkg/pcg/quests/generator.go:230.3,232.25 3 1
goldbox-rpg/pkg/pcg/quests/generator.go:232.25,234.4 1 1
goldbox-rpg/pkg/pcg/quests/generator.go:236.3,240.32 3 1
goldbox-rpg/pkg/pcg/quests/generator.go:240.32,242.4 1 1
goldbox-rpg/pkg/pcg/quests/generator.go:244.3,256.45 2 1
goldbox-rpg/pkg/pcg/quests/generator.go:259.2,259.24 1 1
goldbox-rpg/pkg/pcg/quests/generator.go:263.134,274.25 4 1
goldbox-rpg/pkg/pcg/quests/generator.go:274.25,280.3 2 1
goldbox-rpg/pkg/pcg/quests/generator.go:283.2,283.44 1 1
goldbox-rpg/pkg/pcg/quests/generator.go:283.44,290.3 2 1
goldbox-rpg/pkg/pcg/quests/generator.go:292.2,292.21 1 1
goldbox-rpg/pkg/pcg/quests/generator.go:296.66,380.2 5 1
goldbox-rpg/pkg/pcg/quests/narratives.go:46.44,56.2 3 1
goldbox-rpg/pkg/pcg/quests/narratives.go:59.174,61.36 2 1
goldbox-rpg/pkg/pcg/quests/narratives.go:61.36,63.3 1 1
goldbox-rpg/pkg/pcg/quests/narratives.go:66.2,90.23 8 1
goldbox-rpg/pkg/pcg/quests/narratives.go:94.74,95.32 1 1
goldbox-rpg/pkg/pcg/quests/narratives.go:95.32,103.3 1 0
goldbox-rpg/pkg/pcg/quests/narratives.go:105.2,105.58 1 1
goldbox-rpg/pkg/pcg/quests/narratives.go:109.123,121.35 3 1
goldbox-rpg/pkg/pcg/quests/narratives.go:121.35,123.3 1 1
goldbox-rpg/pkg/pcg/quests/narratives.go:125.2,134.45 4 1
goldbox-rpg/pkg/pcg/quests/narratives.go:138.129,142.25 2 1
goldbox-rpg/pkg/pcg/quests/narratives.go:142.25,146.26 3 1
goldbox-rpg/pkg/pcg/quests/narratives.go:146.26,148.4 1 1
goldbox-rpg/pkg/pcg/quests/narratives.go:149.3,149.18 1 1
goldbox-rpg/pkg/pcg/quests/narratives.go:152.2,152.17 1 1
goldbox-rpg/pkg/pcg/quests/narratives.go:156.123,167.2 3 1
goldbox-rpg/pkg/pcg/quests/narratives.go:170.121,181.2 3 1
goldbox-rpg/pkg/pcg/quests/narratives.go:184.57,269.2 4 1
goldbox-rpg/pkg/pcg/quests/objectives.go:18.50,20.2 1 1
goldbox-rpg/pkg/pcg/quests/objectives.go:23.69,24.19 1 1
goldbox-rpg/pkg/pcg/quests/objectives.go:24.19,26.3 1 1
goldbox-rpg/pkg/pcg/quests/objectives.go:27.2,27.12 1 1
goldbox-rpg/pkg/pcg/quests/objectives.go:32.154,33.58 1 1
goldbox-rpg/pkg/pcg/quests/objectives.go:33.58,35.3 1 1
goldbox-rpg/pkg/pcg/quests/objectives.go:37.2,37.32 1 1
goldbox-rpg/pkg/pcg/quests/objectives.go:37.32,39.3 1 1
goldbox-rpg/pkg/pcg/quests/objectives.go:41.2,42.21 2 1
goldbox-rpg/pkg/pcg/quests/objectives.go:42.21,44.3 1 0
goldbox-rpg/pkg/pcg/quests/objectives.go:46.2,48.26 3 1
goldbox-rpg/pkg/pcg/quests/objectives.go:52.102,54.35 2 1
goldbox-rpg/pkg/pcg/quests/objectives.go:54.35,56.3 1 0
goldbox-rpg/pkg/pcg/quests/objectives.go:57.2,57.49 1 1
goldbox-rpg/pkg/pcg/quests/objectives.go:61.129,63.16 2 1
goldbox-rpg/pkg/pcg/quests/objectives.go:63.16,65.3 1 1
goldbox-rpg/pkg/pcg/quests/objectives.go:67.2,76.16 6 1
goldbox-rpg/pkg/pcg/quests/objectives.go:76.16,78.3 1 0
goldbox-rpg/pkg/pcg/quests/objectives.go:80.2,92.23 2 1
goldbox-rpg/pkg/pcg/quests/objectives.go:96.131,98.16 2 1
goldbox-rpg/pkg/pcg/quests/objectives.go:98.16,100.3 1 1
goldbox-rpg/pkg/pcg/quests/objectives.go:102.2,106.28 3 1
goldbox-rpg/pkg/pcg/quests/objectives.go:106.28,108.3 1 1
goldbox-rpg/pkg/pcg/quests/objectives.go:111.2,112.16 2 1
goldbox-rpg/pkg/pcg/quests/objectives.go:112.16,114.3 1 0
goldbox-rpg/pkg/pcg/quests/objectives.go:116.2,117.16 2 1
goldbox-rpg/pkg/pcg/quests/objectives.go:117.16,119.3 1 0
goldbox-rpg/pkg/pcg/quests/objectives.go:121.2,121.41 1 1
goldbox-rpg/pkg/pcg/quests/objectives.go:121.41,123.3 1 0
goldbox-rpg/pkg/pcg/quests/objectives.go:125.2,137.23 2 1
goldbox-rpg/pkg/pcg/quests/objectives.go:143.116,144.19 1 1
goldbox-rpg/pkg/pcg/quests/objectives.go:144.19,146.3 1 1
goldbox-rpg/pkg/pcg/quests/objectives.go:148.2,149.31 2 1
goldbox-rpg/pkg/pcg/quests/objectives.go:149.31,151.3 1 0
goldbox-rpg/pkg/pcg/quests/objectives.go:153.2,161.25 5 1
goldbox-rpg/pkg/pcg/quests/objectives.go:161.25,163.3 1 0
goldbox-rpg/pkg/pcg/quests/objectives.go:164.2,164.25 1 1
goldbox-rpg/pkg/pcg/quests/objectives.go:164.25,166.3 1 0
goldbox-rpg/pkg/pcg/quests/objectives.go:168.2,169.28 2 1
goldbox-rpg/pkg/pcg/quests/objectives.go:169.28,171.3 1 0
goldbox-rpg/pkg/pcg/quests/objectives.go:173.2,185.23 2 1
goldbox-rpg/pkg/pcg/quests/objectives.go:190.86,207.66 3 1
goldbox-rpg/pkg/pcg/quests/objectives.go:207.66,208.54 1 1
goldbox-rpg/pkg/pcg/quests/objectives.go:208.54,210.4 1 1
goldbox-rpg/pkg/pcg/quests/objectives.go:213.2,213.16 1 1
goldbox-rpg/pkg/pcg/quests/objectives.go:216.81,218.22 1 1
goldbox-rpg/pkg/pcg/quests/objectives.go:218.22,220.3 1 1
goldbox-rpg/pkg/pcg/quests/objectives.go:220.8,220.29 1 1
goldbox-rpg/pkg/pcg/quests/objectives.go:220.29,222.3 1 1
goldbox-rpg/pkg/pcg/quests/objectives.go:222.8,222.30 1 1
goldbox-rpg/pkg/pcg/quests/objectives.go:222.30,224.3 1 1
goldbox-rpg/pkg/pcg/quests/objectives.go:224.8,224.30 1 1
goldbox-rpg/pkg/pcg/quests/objectives.go:224.30,226.3 1 1
goldbox-rpg/pkg/pcg/quests/objectives.go:226.8,228.3 1 1
goldbox-rpg/pkg/pcg/quests/objectives.go:235.64,248.2 1 1
goldbox-rpg/pkg/pcg/quests/objectives.go:254.61,265.2 1 1
goldbox-rpg/pkg/pcg/quests/objectives.go:267.41,276.2 2 1
goldbox-rpg/pkg/pcg/quests/objectives.go:278.24,279.11 1 1
goldbox-rpg/pkg/pcg/quests/objectives.go:279.11,281.3 1 1
goldbox-rpg/pkg/pcg/quests/objectives.go:282.2,282.10 1 1
goldbox-rpg/pkg/pcg/items/enchantments.go:21.48,31.2 3 1
goldbox-rpg/pkg/pcg/items/enchantments.go:34.50,36.2 1 1
goldbox-rpg/pkg/pcg/items/enchantments.go:39.127,40.16 1 1
goldbox-rpg/pkg/pcg/items/enchantments.go:40.16,42.3 1 1
goldbox-rpg/pkg/pcg/items/enchantments.go:44.2,52.51 5 1
goldbox-rpg/pkg/pcg/items/enchantments.go:52.51,54.3 1 1
goldbox-rpg/pkg/pcg/items/enchantments.go:57.2,58.34 2 1
goldbox-rpg/pkg/pcg/items/enchantments.go:58.34,60.3 1 1
goldbox-rpg/pkg/pcg/items/enchantments.go:63.2,64.33 2 1
goldbox-rpg/pkg/pcg/items/enchantments.go:64.33,66.3 1 0
goldbox-rpg/pkg/pcg/items/enchantments.go:69.2,70.88 2 1
goldbox-rpg/pkg/pcg/items/enchantments.go:70.88,75.36 2 1
goldbox-rpg/pkg/pcg/items/enchantments.go:75.36,76.12 1 1
goldbox-rpg/pkg/pcg/items/enchantments.go:80.3,80.79 1 1
goldbox-rpg/pkg/pcg/items/enchantments.go:80.79,81.12 1 0
goldbox-rpg/pkg/pcg/items/enchantments.go:84.3,87.32 2 1
goldbox-rpg/pkg/pcg/items/enchantments.go:87.32,89.4 1 1
goldbox-rpg/pkg/pcg/items/enchantments.go:93.2,96.12 3 1
goldbox-rpg/pkg/pcg/items/enchantments.go:100.123,103.42 2 1
goldbox-rpg/pkg/pcg/items/enchantments.go:103.42,105.65 1 1
goldbox-rpg/pkg/pcg/items/enchantments.go:105.65,106.12 1 1
goldbox-rpg/pkg/pcg/items/enchantments.go:110.3,110.52 1 1
goldbox-rpg/pkg/pcg/items/enchantments.go:110.52,112.4 1 1
goldbox-rpg/pkg/pcg/items/enchantments.go:116.2,116.44 1 1
goldbox-rpg/pkg/pcg/items/enchantments.go:116.44,118.3 1 1
goldbox-rpg/pkg/pcg/items/enchantments.go:120.2,120.18 1 1
goldbox-rpg/pkg/pcg/items/enchantments.go:124.127,126.22 1 1
goldbox-rpg/pkg/pcg/items/enchantments.go:127.22,128.57 1 1
goldbox-rpg/pkg/pcg/items/enchantments.go:129.21,130.56 1 0
goldbox-rpg/pkg/pcg/items/enchantments.go:131.21,132.56 1 1
goldbox-rpg/pkg/pcg/items/enchantments.go:133.20,134.56 1 0
goldbox-rpg/pkg/pcg/items/enchantments.go:135.10,137.64 1 0
goldbox-rpg/pkg/pcg/items/enchantments.go:142.121,143.27 1 1
goldbox-rpg/pkg/pcg/items/enchantments.go:143.27,145.3 1 0
goldbox-rpg/pkg/pcg/items/enchantments.go:148.2,149.15 2 1
goldbox-rpg/pkg/pcg/items/enchantments.go:149.15,151.3 1 0
goldbox-rpg/pkg/pcg/items/enchantments.go:153.2,156.12 3 1
goldbox-rpg/pkg/pcg/items/enchantments.go:160.120,161.26 1 1
goldbox-rpg/pkg/pcg/items/enchantments.go:161.26,163.3 1 0
goldbox-rpg/pkg/pcg/items/enchantments.go:166.2,167.15 2 1
goldbox-rpg/pkg/pcg/items/enchantments.go:167.15,169.3 1 0
goldbox-rpg/pkg/pcg/items/enchantments.go:171.2,175.12 4 1
goldbox-rpg/pkg/pcg/items/enchantments.go:179.120,180.27 1 1
goldbox-rpg/pkg/pcg/items/enchantments.go:180.27,182.3 1 0
goldbox-rpg/pkg/pcg/items/enchantments.go:184.2,188.20 4 1
goldbox-rpg/pkg/pcg/items/enchantments.go:188.20,190.3 1 0
goldbox-rpg/pkg/pcg/items/enchantments.go:192.2,195.12 3 1
goldbox-rpg/pkg/pcg/items/enchantments.go:199.120,200.26 1 1
goldbox-rpg/pkg/pcg/items/enchantments.go:200.26,202.3 1 0
goldbox-rpg/pkg/pcg/items/enchantments.go:204.2,210.12 5 1
goldbox-rpg/pkg/pcg/items/enchantments.go:214.128,218.2 2 0
goldbox-rpg/pkg/pcg/items/enchantments.go:221.110,222.22 1 1
goldbox-rpg/pkg/pcg/items/enchantments.go:223.37,224.30 1 1
goldbox-rpg/pkg/pcg/items/enchantments.go:225.35,226.29 1 1
goldbox-rpg/pkg/pcg/items/enchantments.go:227.28,228.14 1 1
goldbox-rpg/pkg/pcg/items/enchantments.go:229.10,230.14 1 0
goldbox-rpg/pkg/pcg/items/enchantments.go:235.56,312.2 9 1
goldbox-rpg/pkg/pcg/items/generator.go:22.58,31.60 2 1
goldbox-rpg/pkg/pcg/items/generator.go:31.61,33.3 0 0
goldbox-rpg/pkg/pcg/items/generator.go:35.2,35.12 1 1
goldbox-rpg/pkg/pcg/items/generator.go:39.56,42.2 2 1
goldbox-rpg/pkg/pcg/items/generator.go:45.75,47.2 1 1
goldbox-rpg/pkg/pcg/items/generator.go:50.116,52.20 1 1
goldbox-rpg/pkg/pcg/items/generator.go:52.20,54.3 1 1
goldbox-rpg/pkg/pcg/items/generator.go:57.2,72.16 5 1
goldbox-rpg/pkg/pcg/items/generator.go:72.16,74.3 1 0
goldbox-rpg/pkg/pcg/items/generator.go:76.2,77.16 2 1
goldbox-rpg/pkg/pcg/items/generator.go:77.16,79.3 1 0
goldbox-rpg/pkg/pcg/items/generator.go:81.2,81.18 1 1
goldbox-rpg/pkg/pcg/items/generator.go:85.140,86.20 1 1
goldbox-rpg/pkg/pcg/items/generator.go:86.20,88.3 1 0
goldbox-rpg/pkg/pcg/items/generator.go:91.2,103.91 4 1
goldbox-rpg/pkg/pcg/items/generator.go:103.91,105.3 1 0
goldbox-rpg/pkg/pcg/items/generator.go:108.2,112.78 3 1
goldbox-rpg/pkg/pcg/items/generator.go:112.78,114.3 1 0
goldbox-rpg/pkg/pcg/items/generator.go:117.2,117.48 1 1
goldbox-rpg/pkg/pcg/items/generator.go:117.48,118.99 1 1
goldbox-rpg/pkg/pcg/items/generator.go:118.99,120.4 1 0
goldbox-rpg/pkg/pcg/items/generator.go:124.2,126.18 2 1
goldbox-rpg/pkg/pcg/items/generator.go:130.143,131.20 1 1
goldbox-rpg/pkg/pcg/items/generator.go:131.20,133.3 1 0
goldbox-rpg/pkg/pcg/items/generator.go:135.2,140.32 4 1
goldbox-rpg/pkg/pcg/items/generator.go:140.32,149.17 4 1
goldbox-rpg/pkg/pcg/items/generator.go:149.17,150.12 1 1
goldbox-rpg/pkg/pcg/items/generator.go:153.3,154.17 2 1
goldbox-rpg/pkg/pcg/items/generator.go:154.17,155.12 1 0
goldbox-rpg/pkg/pcg/items/generator.go:158.3,158.30 1 1
goldbox-rpg/pkg/pcg/items/generator.go:161.2,161.21 1 1
goldbox-rpg/pkg/pcg/items/generator.go:161.21,163.3 1 0
goldbox-rpg/pkg/pcg/items/generator.go:165.2,165.19 1 1
goldbox-rpg/pkg/pcg/items/generator.go:169.125,170.42 1 1
goldbox-rpg/pkg/pcg/items/generator.go:170.42,178.19 3 1
goldbox-rpg/pkg/pcg/items/generator.go:179.17,180.50 1 1
goldbox-rpg/pkg/pcg/items/generator.go:181.13,182.25 1 0
goldbox-rpg/pkg/pcg/items/generator.go:183.17,184.29 1 1
goldbox-rpg/pkg/pcg/items/generator.go:185.16,186.28 1 1
goldbox-rpg/pkg/pcg/items/generator.go:187.11,189.90 1 1
goldbox-rpg/pkg/pcg/items/generator.go:193.2,193.12 1 1
goldbox-rpg/pkg/pcg/items/generator.go:197.135,201.17 2 1
goldbox-rpg/pkg/pcg/items/generator.go:201.17,203.3 1 0
goldbox-rpg/pkg/pcg/items/generator.go:206.2,206.23 1 1
goldbox-rpg/pkg/pcg/items/generator.go:206.23,207.90 1 1
goldbox-rpg/pkg/pcg/items/generator.go:207.90,209.4 1 1
goldbox-rpg/pkg/pcg/items/generator.go:212.2,212.12 1 1
goldbox-rpg/pkg/pcg/items/generator.go:216.128,220.21 2 1
goldbox-rpg/pkg/pcg/items/generator.go:220.21,222.3 1 0
goldbox-rpg/pkg/pcg/items/generator.go:225.2,228.22 2 1
goldbox-rpg/pkg/pcg/items/generator.go:228.22,229.20 1 1
goldbox-rpg/pkg/pcg/items/generator.go:230.17,231.19 1 1
goldbox-rpg/pkg/pcg/items/generator.go:232.16,233.20 1 0
goldbox-rpg/pkg/pcg/items/generator.go:234.21,235.19 1 0
goldbox-rpg/pkg/pcg/items/generator.go:236.11,237.19 1 0
goldbox-rpg/pkg/pcg/items/generator.go:243.90,245.22 1 1
goldbox-rpg/pkg/pcg/items/generator.go:245.22,247.3 1 1
goldbox-rpg/pkg/pcg/items/generator.go:248.2,248.15 1 1
goldbox-rpg/pkg/pcg/items/generator.go:252.83,253.17 1 1
goldbox-rpg/pkg/pcg/items/generator.go:254.24,255.11 1 0
goldbox-rpg/pkg/pcg/items/generator.go:256.26,257.11 1 1
goldbox-rpg/pkg/pcg/items/generator.go:258.26,259.11 1 0
goldbox-rpg/pkg/pcg/items/generator.go:260.27,261.11 1 0
goldbox-rpg/pkg/pcg/items/generator.go:262.10,263.11 1 0
goldbox-rpg/pkg/pcg/items/generator.go:268.89,269.17 1 1
goldbox-rpg/pkg/pcg/items/generator.go:270.24,271.47 1 0
goldbox-rpg/pkg/pcg/items/generator.go:272.26,273.53 1 1
goldbox-rpg/pkg/pcg/items/generator.go:274.26,275.48 1 0
goldbox-rpg/pkg/pcg/items/generator.go:276.27,277.48 1 0
goldbox-rpg/pkg/pcg/items/generator.go:278.24,279.47 1 0
goldbox-rpg/pkg/pcg/items/generator.go:280.10,281.26 1 0
goldbox-rpg/pkg/pcg/items/generator.go:286.62,288.2 1 1
goldbox-rpg/pkg/pcg/items/generator.go:291.56,293.2 1 1
goldbox-rpg/pkg/pcg/items/generator.go:296.80,297.22 1 1
goldbox-rpg/pkg/pcg/items/generator.go:297.22,299.3 1 1
goldbox-rpg/pkg/pcg/items/generator.go:301.2,301.55 1 1
goldbox-rpg/pkg/pcg/items/generator.go:301.55,303.3 1 1
goldbox-rpg/pkg/pcg/items/generator.go:305.2,305.53 1 1
goldbox-rpg/pkg/pcg/items/generator.go:305.53,307.3 1 1
goldbox-rpg/pkg/pcg/items/generator.go:309.2,309.12 1 1
goldbox-rpg/pkg/pcg/items/generator.go:313.30,315.2 1 1
goldbox-rpg/pkg/pcg/items/generator.go:318.107,332.34 4 1
goldbox-rpg/pkg/pcg/items/generator.go:332.34,333.26 1 1
goldbox-rpg/pkg/pcg/items/generator.go:333.26,335.4 1 1
goldbox-rpg/pkg/pcg/items/generator.go:336.3,336.26 1 1
goldbox-rpg/pkg/pcg/items/generator.go:336.26,338.4 1 1
goldbox-rpg/pkg/pcg/items/generator.go:342.2,342.25 1 1
goldbox-rpg/pkg/pcg/items/generator.go:342.25,344.3 1 0
goldbox-rpg/pkg/pcg/items/generator.go:347.2,348.32 2 1
goldbox-rpg/pkg/pcg/items/templates.go:36.54,41.2 1 1
goldbox-rpg/pkg/pcg/items/templates.go:44.63,109.2 10 1
goldbox-rpg/pkg/pcg/items/templates.go:112.72,115.16 2 1
goldbox-rpg/pkg/pcg/items/templates.go:115.16,117.3 1 1
goldbox-rpg/pkg/pcg/items/templates.go:120.2,121.58 2 1
goldbox-rpg/pkg/pcg/items/templates.go:121.58,123.3 1 1
goldbox-rpg/pkg/pcg/items/templates.go:126.2,126.33 1 1
goldbox-rpg/pkg/pcg/items/templates.go:126.33,127.52 1 1
goldbox-rpg/pkg/pcg/items/templates.go:127.52,128.23 1 1
goldbox-rpg/pkg/pcg/items/templates.go:128.23,130.32 1 1
goldbox-rpg/pkg/pcg/items/templates.go:130.32,132.6 1 0
goldbox-rpg/pkg/pcg/items/templates.go:133.5,133.37 1 1
goldbox-rpg/pkg/pcg/items/templates.go:133.37,135.6 1 0
goldbox-rpg/pkg/pcg/items/templates.go:138.5,138.35 1 1
goldbox-rpg/pkg/pcg/items/templates.go:144.2,144.39 1 1
goldbox-rpg/pkg/pcg/items/templates.go:144.39,145.60 1 1
goldbox-rpg/pkg/pcg/items/templates.go:145.60,147.4 1 1
goldbox-rpg/pkg/pcg/items/templates.go:151.2,151.29 1 1
goldbox-rpg/pkg/pcg/items/templates.go:151.29,153.3 1 1
goldbox-rpg/pkg/pcg/items/templates.go:156.2,156.35 1 1
goldbox-rpg/pkg/pcg/items/templates.go:156.35,158.3 1 1
goldbox-rpg/pkg/pcg/items/templates.go:160.2,160.12 1 1
goldbox-rpg/pkg/pcg/items/templates.go:164.113,166.13 2 1
goldbox-rpg/pkg/pcg/items/templates.go:166.13,168.3 1 1
goldbox-rpg/pkg/pcg/items/templates.go:171.2,172.52 2 1
goldbox-rpg/pkg/pcg/items/templates.go:172.52,173.32 1 1
goldbox-rpg/pkg/pcg/items/templates.go:173.32,175.9 2 1
goldbox-rpg/pkg/pcg/items/templates.go:179.2,179.16 1 1
goldbox-rpg/pkg/pcg/items/templates.go:179.16,183.3 2 0
goldbox-rpg/pkg/pcg/items/templates.go:186.2,187.27 2 1
goldbox-rpg/pkg/pcg/items/templates.go:191.90,192.61 1 1
goldbox-rpg/pkg/pcg/items/templates.go:192.61,194.3 1 1
goldbox-rpg/pkg/pcg/items/templates.go:196.2,196.46 1 0
goldbox-rpg/pkg/pcg/items/templates.go:200.63,254.2 6 1
goldbox-rpg/pkg/pcg/items/templates.go:257.97,267.33 5 1
goldbox-rpg/pkg/pcg/items/templates.go:267.33,270.3 2 1
goldbox-rpg/pkg/pcg/items/templates.go:273.2,273.59 1 1
goldbox-rpg/pkg/pcg/items/templates.go:273.59,276.3 2 1
goldbox-rpg/pkg/pcg/items/templates.go:279.2,279.59 1 1
goldbox-rpg/pkg/pcg/items/templates.go:279.59,282.3 2 1
goldbox-rpg/pkg/pcg/items/templates.go:284.2,284.17 1 1
goldbox-rpg/pkg/integration/resilient.go:22.119,28.2 1 1
goldbox-rpg/pkg/integration/resilient.go:31.104,33.54 1 1
goldbox-rpg/pkg/integration/resilient.go:33.54,35.3 1 1
goldbox-rpg/pkg/integration/resilient.go:38.2,38.50 1 1
goldbox-rpg/pkg/integration/resilient.go:42.64,47.34 3 1
goldbox-rpg/pkg/integration/resilient.go:47.34,49.3 1 1
goldbox-rpg/pkg/integration/resilient.go:51.2,51.14 1 1
goldbox-rpg/pkg/integration/resilient.go:78.99,80.2 1 1
goldbox-rpg/pkg/integration/resilient.go:83.96,85.2 1 1
goldbox-rpg/pkg/integration/resilient.go:88.95,90.2 1 1
goldbox-rpg/pkg/integration/resilient.go:93.134,97.2 2 1
goldbox-rpg/pkg/integration/resilient.go:100.85,110.2 2 1
goldbox-rpg/pkg/integration/resilient.go:113.83,122.2 2 1
goldbox-rpg/pkg/integration/resilient.go:125.126,133.33 2 1
goldbox-rpg/pkg/integration/resilient.go:133.33,135.3 1 1
goldbox-rpg/pkg/integration/resilient.go:137.2,137.41 1 1
goldbox-rpg/pkg/integration/resilient.go:141.72,142.37 1 1
goldbox-rpg/pkg/integration/resilient.go:142.37,144.3 1 1
goldbox-rpg/pkg/integration/resilient.go:148.95,149.37 1 1
goldbox-rpg/pkg/integration/resilient.go:149.37,151.3 1 1
goldbox-rpg/pkg/integration/resilient.go:156.33,172.2 3 0
goldbox-rpg/pkg/pcg/levels/demo/main.go:27.30,32.2 1 1
goldbox-rpg/pkg/pcg/levels/demo/main.go:34.13,35.45 1 0
goldbox-rpg/pkg/pcg/levels/demo/main.go:35.45,38.3 2 0
goldbox-rpg/pkg/pcg/levels/demo/main.go:43.29,68.16 6 1
goldbox-rpg/pkg/pcg/levels/demo/main.go:68.16,70.3 1 0
goldbox-rpg/pkg/pcg/levels/demo/main.go:73.2,75.12 2 1
goldbox-rpg/pkg/pcg/levels/demo/main.go:79.55,86.46 5 1
goldbox-rpg/pkg/pcg/levels/demo/main.go:86.46,87.46 1 1
goldbox-rpg/pkg/pcg/levels/demo/main.go:87.46,88.34 1 1
goldbox-rpg/pkg/pcg/levels/demo/main.go:88.34,90.5 1 1
goldbox-rpg/pkg/pcg/levels/demo/main.go:90.10,92.5 1 1
goldbox-rpg/pkg/pcg/levels/demo/main.go:94.3,94.18 1 1
goldbox-rpg/pkg/pcg/levels/demo/main.go:97.2,97.63 1 1
goldbox-rpg/pkg/pcg/levels/corridors.go:38.83,43.2 1 1
goldbox-rpg/pkg/pcg/levels/corridors.go:46.125,59.16 4 1
goldbox-rpg/pkg/pcg/levels/corridors.go:59.16,61.3 1 0
goldbox-rpg/pkg/pcg/levels/corridors.go:64.2,66.22 2 1
goldbox-rpg/pkg/pcg/levels/corridors.go:70.57,71.18 1 1
goldbox-rpg/pkg/pcg/levels/corridors.go:72.27,73.11 1 1
goldbox-rpg/pkg/pcg/levels/corridors.go:74.28,75.28 1 1
goldbox-rpg/pkg/pcg/levels/corridors.go:76.25,77.28 1 1
goldbox-rpg/pkg/pcg/levels/corridors.go:78.24,79.11 1 1
goldbox-rpg/pkg/pcg/levels/corridors.go:80.27,81.28 1 1
goldbox-rpg/pkg/pcg/levels/corridors.go:82.10,83.11 1 0
goldbox-rpg/pkg/pcg/levels/corridors.go:88.114,89.18 1 1
goldbox-rpg/pkg/pcg/levels/corridors.go:90.28,91.45 1 1
goldbox-rpg/pkg/pcg/levels/corridors.go:92.25,93.42 1 1
goldbox-rpg/pkg/pcg/levels/corridors.go:94.24,95.41 1 1
goldbox-rpg/pkg/pcg/levels/corridors.go:96.27,97.44 1 1
goldbox-rpg/pkg/pcg/levels/corridors.go:98.27,99.44 1 1
goldbox-rpg/pkg/pcg/levels/corridors.go:100.10,101.45 1 0
goldbox-rpg/pkg/pcg/levels/corridors.go:106.100,112.21 3 1
goldbox-rpg/pkg/pcg/levels/corridors.go:112.21,114.3 1 1
goldbox-rpg/pkg/pcg/levels/corridors.go:114.8,116.3 1 1
goldbox-rpg/pkg/pcg/levels/corridors.go:118.2,118.18 1 1
goldbox-rpg/pkg/pcg/levels/corridors.go:122.200,129.2 6 1
goldbox-rpg/pkg/pcg/levels/corridors.go:132.123,134.2 1 1
goldbox-rpg/pkg/pcg/levels/corridors.go:137.123,139.2 1 1
goldbox-rpg/pkg/pcg/levels/corridors.go:142.91,144.26 2 1
goldbox-rpg/pkg/pcg/levels/corridors.go:144.26,145.25 1 1
goldbox-rpg/pkg/pcg/levels/corridors.go:145.25,147.4 1 1
goldbox-rpg/pkg/pcg/levels/corridors.go:147.9,149.4 1 1
goldbox-rpg/pkg/pcg/levels/corridors.go:151.2,151.15 1 1
goldbox-rpg/pkg/pcg/levels/corridors.go:155.89,157.26 2 1
goldbox-rpg/pkg/pcg/levels/corridors.go:157.26,158.25 1 1
goldbox-rpg/pkg/pcg/levels/corridors.go:158.25,160.4 1 1
goldbox-rpg/pkg/pcg/levels/corridors.go:160.9,162.4 1 1
goldbox-rpg/pkg/pcg/levels/corridors.go:164.2,164.15 1 1
goldbox-rpg/pkg/pcg/levels/corridors.go:168.112,172.25 2 1
goldbox-rpg/pkg/pcg/levels/corridors.go:172.25,173.24 1 1
goldbox-rpg/pkg/pcg/levels/corridors.go:173.24,175.4 1 1
goldbox-rpg/pkg/pcg/levels/corridors.go:175.9,177.4 1 1
goldbox-rpg/pkg/pcg/levels/corridors.go:178.3,178.31 1 1
goldbox-rpg/pkg/pcg/levels/corridors.go:182.2,182.25 1 1
goldbox-rpg/pkg/pcg/levels/corridors.go:182.25,183.24 1 1
goldbox-rpg/pkg/pcg/levels/corridors.go:183.24,185.4 1 1
goldbox-rpg/pkg/pcg/levels/corridors.go:185.9,187.4 1 1
goldbox-rpg/pkg/pcg/levels/corridors.go:188.3,188.31 1 1
goldbox-rpg/pkg/pcg/levels/corridors.go:191.2,191.13 1 1
goldbox-rpg/pkg/pcg/levels/corridors.go:195.97,200.47 3 1
goldbox-rpg/pkg/pcg/levels/corridors.go:200.47,207.26 4 1
goldbox-rpg/pkg/pcg/levels/corridors.go:207.26,213.4 4 1
goldbox-rpg/pkg/pcg/levels/corridors.go:213.9,214.9 1 0
goldbox-rpg/pkg/pcg/levels/corridors.go:218.3,219.35 2 1
goldbox-rpg/pkg/pcg/levels/corridors.go:219.35,221.4 1 1
goldbox-rpg/pkg/pcg/levels/corridors.go:224.2,224.18 1 1
goldbox-rpg/pkg/pcg/levels/corridors.go:228.95,233.12 3 1
goldbox-rpg/pkg/pcg/levels/corridors.go:233.12,236.3 2 1
goldbox-rpg/pkg/pcg/levels/corridors.go:238.2,238.12 1 1
goldbox-rpg/pkg/pcg/levels/corridors.go:238.12,241.3 2 1
goldbox-rpg/pkg/pcg/levels/corridors.go:243.2,243.12 1 1
goldbox-rpg/pkg/pcg/levels/corridors.go:243.12,246.3 2 1
goldbox-rpg/pkg/pcg/levels/corridors.go:248.2,248.12 1 1
goldbox-rpg/pkg/pcg/levels/corridors.go:248.12,251.3 2 1
goldbox-rpg/pkg/pcg/levels/corridors.go:253.2,253.28 1 1
goldbox-rpg/pkg/pcg/levels/corridors.go:257.97,258.28 1 1
goldbox-rpg/pkg/pcg/levels/corridors.go:258.28,260.40 1 1
goldbox-rpg/pkg/pcg/levels/corridors.go:260.40,262.4 1 1
goldbox-rpg/pkg/pcg/levels/corridors.go:262.9,262.21 1 1
goldbox-rpg/pkg/pcg/levels/corridors.go:262.21,264.4 1 1
goldbox-rpg/pkg/pcg/levels/corridors.go:266.2,266.16 1 1
goldbox-rpg/pkg/pcg/levels/corridors.go:270.96,279.37 5 1
goldbox-rpg/pkg/pcg/levels/corridors.go:279.37,281.58 1 1
goldbox-rpg/pkg/pcg/levels/corridors.go:281.58,282.31 1 1
goldbox-rpg/pkg/pcg/levels/corridors.go:282.31,283.31 1 1
goldbox-rpg/pkg/pcg/levels/corridors.go:283.31,285.6 1 1
goldbox-rpg/pkg/pcg/levels/corridors.go:285.11,287.6 1 0
goldbox-rpg/pkg/pcg/levels/corridors.go:288.10,288.38 1 1
goldbox-rpg/pkg/pcg/levels/corridors.go:288.38,289.31 1 1
goldbox-rpg/pkg/pcg/levels/corridors.go:289.31,291.6 1 1
goldbox-rpg/pkg/pcg/levels/corridors.go:291.11,293.6 1 1
goldbox-rpg/pkg/pcg/levels/corridors.go:295.4,295.32 1 1
goldbox-rpg/pkg/pcg/levels/corridors.go:299.2,299.18 1 1
goldbox-rpg/pkg/pcg/levels/corridors.go:303.99,312.2 6 1
goldbox-rpg/pkg/pcg/levels/corridors.go:315.80,318.2 2 1
goldbox-rpg/pkg/pcg/levels/corridors.go:321.137,322.75 1 1
goldbox-rpg/pkg/pcg/levels/corridors.go:322.75,330.3 5 1
goldbox-rpg/pkg/pcg/levels/corridors.go:331.2,331.16 1 1
goldbox-rpg/pkg/pcg/levels/corridors.go:335.109,340.2 1 1
goldbox-rpg/pkg/pcg/levels/corridors.go:343.88,344.25 1 1
goldbox-rpg/pkg/pcg/levels/corridors.go:344.25,346.3 1 1
goldbox-rpg/pkg/pcg/levels/corridors.go:346.8,346.32 1 1
goldbox-rpg/pkg/pcg/levels/corridors.go:346.32,348.3 1 1
goldbox-rpg/pkg/pcg/levels/corridors.go:350.2,350.25 1 1
goldbox-rpg/pkg/pcg/levels/corridors.go:350.25,352.3 1 1
goldbox-rpg/pkg/pcg/levels/corridors.go:352.8,352.32 1 1
goldbox-rpg/pkg/pcg/levels/corridors.go:352.32,354.3 1 1
goldbox-rpg/pkg/pcg/levels/corridors.go:356.2,356.16 1 1
goldbox-rpg/pkg/pcg/levels/corridors.go:360.105,361.28 1 1
goldbox-rpg/pkg/pcg/levels/corridors.go:361.28,364.3 2 1
goldbox-rpg/pkg/pcg/levels/corridors.go:365.2,365.16 1 1
goldbox-rpg/pkg/pcg/levels/corridors.go:369.114,370.47 1 1
goldbox-rpg/pkg/pcg/levels/corridors.go:370.47,371.24 1 1
goldbox-rpg/pkg/pcg/levels/corridors.go:371.24,373.4 1 1
goldbox-rpg/pkg/pcg/levels/corridors.go:373.9,373.31 1 1
goldbox-rpg/pkg/pcg/levels/corridors.go:373.31,375.4 1 0
goldbox-rpg/pkg/pcg/levels/corridors.go:375.9,375.31 1 1
goldbox-rpg/pkg/pcg/levels/corridors.go:375.31,377.4 1 1
goldbox-rpg/pkg/pcg/levels/corridors.go:377.9,377.31 1 1
goldbox-rpg/pkg/pcg/levels/corridors.go:377.31,379.4 1 1
goldbox-rpg/pkg/pcg/levels/corridors.go:380.3,380.33 1 1
goldbox-rpg/pkg/pcg/levels/corridors.go:382.2,382.16 1 1
goldbox-rpg/pkg/pcg/levels/corridors.go:386.99,390.47 3 1
goldbox-rpg/pkg/pcg/levels/corridors.go:390.47,392.13 2 1
goldbox-rpg/pkg/pcg/levels/corridors.go:392.13,393.9 1 0
goldbox-rpg/pkg/pcg/levels/corridors.go:395.3,396.31 2 1
goldbox-rpg/pkg/pcg/levels/corridors.go:399.2,399.18 1 1
goldbox-rpg/pkg/pcg/levels/corridors.go:403.107,405.40 1 1
goldbox-rpg/pkg/pcg/levels/corridors.go:405.40,407.3 1 0
goldbox-rpg/pkg/pcg/levels/corridors.go:410.2,410.42 1 1
goldbox-rpg/pkg/pcg/levels/corridors.go:414.79,416.2 1 1
goldbox-rpg/pkg/pcg/levels/corridors.go:419.85,421.23 2 0
goldbox-rpg/pkg/pcg/levels/corridors.go:421.23,423.3 1 0
goldbox-rpg/pkg/pcg/levels/corridors.go:423.8,425.3 1 0
goldbox-rpg/pkg/pcg/levels/corridors.go:426.2,426.23 1 0
goldbox-rpg/pkg/pcg/levels/corridors.go:426.23,428.3 1 0
goldbox-rpg/pkg/pcg/levels/corridors.go:428.8,430.3 1 0
goldbox-rpg/pkg/pcg/levels/corridors.go:431.2,431.13 1 0
goldbox-rpg/pkg/pcg/levels/corridors.go:435.95,439.24 3 1
goldbox-rpg/pkg/pcg/levels/corridors.go:439.24,440.24 1 0
goldbox-rpg/pkg/pcg/levels/corridors.go:440.24,442.4 1 0
goldbox-rpg/pkg/pcg/levels/corridors.go:442.9,444.4 1 0
goldbox-rpg/pkg/pcg/levels/corridors.go:445.3,445.15 1 0
goldbox-rpg/pkg/pcg/levels/corridors.go:446.8,446.31 1 1
goldbox-rpg/pkg/pcg/levels/corridors.go:446.31,447.24 1 1
goldbox-rpg/pkg/pcg/levels/corridors.go:447.24,449.4 1 1
goldbox-rpg/pkg/pcg/levels/corridors.go:449.9,451.4 1 0
goldbox-rpg/pkg/pcg/levels/corridors.go:452.3,452.15 1 1
goldbox-rpg/pkg/pcg/levels/corridors.go:455.2,455.20 1 1
goldbox-rpg/pkg/pcg/levels/corridors.go:459.99,462.29 2 1
goldbox-rpg/pkg/pcg/levels/corridors.go:462.29,473.3 6 1
goldbox-rpg/pkg/pcg/levels/corridors.go:476.2,478.18 2 1
goldbox-rpg/pkg/pcg/levels/corridors.go:482.113,483.26 1 1
goldbox-rpg/pkg/pcg/levels/corridors.go:483.26,485.3 1 0
goldbox-rpg/pkg/pcg/levels/corridors.go:487.2,488.33 2 1
goldbox-rpg/pkg/pcg/levels/corridors.go:488.33,490.3 1 1
goldbox-rpg/pkg/pcg/levels/corridors.go:492.2,492.22 1 1
goldbox-rpg/pkg/pcg/levels/corridors.go:492.22,494.3 1 0
goldbox-rpg/pkg/pcg/levels/corridors.go:496.2,499.33 3 1
goldbox-rpg/pkg/pcg/levels/corridors.go:499.33,501.24 2 1
goldbox-rpg/pkg/pcg/levels/corridors.go:501.24,503.4 1 1
goldbox-rpg/pkg/pcg/levels/corridors.go:506.2,506.38 1 0
goldbox-rpg/pkg/pcg/levels/corridors.go:510.119,516.62 3 1
goldbox-rpg/pkg/pcg/levels/corridors.go:516.62,517.29 1 1
goldbox-rpg/pkg/pcg/levels/corridors.go:517.29,529.4 3 1
goldbox-rpg/pkg/pcg/levels/corridors.go:532.2,532.17 1 1
goldbox-rpg/pkg/pcg/levels/corridors.go:536.83,548.13 3 1
goldbox-rpg/pkg/pcg/levels/corridors.go:548.13,550.3 1 0
goldbox-rpg/pkg/pcg/levels/corridors.go:552.2,552.55 1 1
goldbox-rpg/pkg/pcg/levels/generator.go:51.56,53.2 1 1
goldbox-rpg/pkg/pcg/levels/generator.go:63.74,73.2 3 1
goldbox-rpg/pkg/pcg/levels/generator.go:76.67,88.2 11 1
goldbox-rpg/pkg/pcg/levels/generator.go:91.55,93.2 1 1
goldbox-rpg/pkg/pcg/levels/generator.go:96.61,98.2 1 1
goldbox-rpg/pkg/pcg/levels/generator.go:101.55,103.2 1 1
goldbox-rpg/pkg/pcg/levels/generator.go:106.79,108.9 2 1
goldbox-rpg/pkg/pcg/levels/generator.go:108.9,110.3 1 1
goldbox-rpg/pkg/pcg/levels/generator.go:112.2,112.30 1 1
goldbox-rpg/pkg/pcg/levels/generator.go:112.30,114.3 1 1
goldbox-rpg/pkg/pcg/levels/generator.go:116.2,116.49 1 1
goldbox-rpg/pkg/pcg/levels/generator.go:116.49,118.3 1 1
goldbox-rpg/pkg/pcg/levels/generator.go:120.2,120.53 1 1
goldbox-rpg/pkg/pcg/levels/generator.go:120.53,122.3 1 1
goldbox-rpg/pkg/pcg/levels/generator.go:124.2,124.55 1 1
goldbox-rpg/pkg/pcg/levels/generator.go:124.55,126.3 1 0
goldbox-rpg/pkg/pcg/levels/generator.go:128.2,128.12 1 1
goldbox-rpg/pkg/pcg/levels/generator.go:132.115,134.9 2 1
goldbox-rpg/pkg/pcg/levels/generator.go:134.9,136.3 1 0
goldbox-rpg/pkg/pcg/levels/generator.go:139.2,141.44 2 1
goldbox-rpg/pkg/pcg/levels/generator.go:147.115,149.34 1 1
goldbox-rpg/pkg/pcg/levels/generator.go:149.34,151.3 1 1
goldbox-rpg/pkg/pcg/levels/generator.go:154.2,162.16 5 1
goldbox-rpg/pkg/pcg/levels/generator.go:162.16,164.3 1 0
goldbox-rpg/pkg/pcg/levels/generator.go:167.2,167.34 1 1
goldbox-rpg/pkg/pcg/levels/generator.go:167.34,169.3 1 0
goldbox-rpg/pkg/pcg/levels/generator.go:172.2,173.16 2 1
goldbox-rpg/pkg/pcg/levels/generator.go:173.16,175.3 1 0
goldbox-rpg/pkg/pcg/levels/generator.go:178.2,178.34 1 1
goldbox-rpg/pkg/pcg/levels/generator.go:178.34,180.3 1 0
goldbox-rpg/pkg/pcg/levels/generator.go:183.2,184.16 2 1
goldbox-rpg/pkg/pcg/levels/generator.go:184.16,186.3 1 0
goldbox-rpg/pkg/pcg/levels/generator.go:189.2,189.34 1 1
goldbox-rpg/pkg/pcg/levels/generator.go:189.34,191.3 1 0
goldbox-rpg/pkg/pcg/levels/generator.go:194.2,195.16 2 1
goldbox-rpg/pkg/pcg/levels/generator.go:195.16,197.3 1 0
goldbox-rpg/pkg/pcg/levels/generator.go:200.2,200.34 1 1
goldbox-rpg/pkg/pcg/levels/generator.go:200.34,202.3 1 0
goldbox-rpg/pkg/pcg/levels/generator.go:205.2,206.16 2 1
goldbox-rpg/pkg/pcg/levels/generator.go:206.16,208.3 1 0
goldbox-rpg/pkg/pcg/levels/generator.go:211.2,211.34 1 1
goldbox-rpg/pkg/pcg/levels/generator.go:211.34,213.3 1 0
goldbox-rpg/pkg/pcg/levels/generator.go:216.2,217.16 2 1
goldbox-rpg/pkg/pcg/levels/generator.go:217.16,219.3 1 0
goldbox-rpg/pkg/pcg/levels/generator.go:221.2,221.19 1 1
goldbox-rpg/pkg/pcg/levels/generator.go:225.104,232.27 3 1
goldbox-rpg/pkg/pcg/levels/generator.go:233.24,234.37 1 1
goldbox-rpg/pkg/pcg/levels/generator.go:235.23,237.43 1 1
goldbox-rpg/pkg/pcg/levels/generator.go:238.24,240.77 1 1
goldbox-rpg/pkg/pcg/levels/generator.go:241.27,243.37 1 1
goldbox-rpg/pkg/pcg/levels/generator.go:244.10,245.37 1 1
goldbox-rpg/pkg/pcg/levels/generator.go:249.2,249.16 1 1
goldbox-rpg/pkg/pcg/levels/generator.go:249.16,251.3 1 0
goldbox-rpg/pkg/pcg/levels/generator.go:252.2,252.17 1 1
goldbox-rpg/pkg/pcg/levels/generator.go:252.17,254.3 1 0
goldbox-rpg/pkg/pcg/levels/generator.go:256.2,256.22 1 1
goldbox-rpg/pkg/pcg/levels/generator.go:260.155,270.32 5 1
goldbox-rpg/pkg/pcg/levels/generator.go:270.32,283.3 3 1
goldbox-rpg/pkg/pcg/levels/generator.go:286.2,288.25 2 1
goldbox-rpg/pkg/pcg/levels/generator.go:292.103,293.22 1 1
goldbox-rpg/pkg/pcg/levels/generator.go:293.22,295.3 1 1
goldbox-rpg/pkg/pcg/levels/generator.go:298.2,301.38 3 1
goldbox-rpg/pkg/pcg/levels/generator.go:301.38,312.3 7 1
goldbox-rpg/pkg/pcg/levels/generator.go:312.8,312.47 1 1
goldbox-rpg/pkg/pcg/levels/generator.go:312.47,323.3 7 1
goldbox-rpg/pkg/pcg/levels/generator.go:323.8,326.3 1 1
goldbox-rpg/pkg/pcg/levels/generator.go:328.2,328.14 1 1
goldbox-rpg/pkg/pcg/levels/generator.go:332.105,334.16 1 1
goldbox-rpg/pkg/pcg/levels/generator.go:334.16,336.3 1 1
goldbox-rpg/pkg/pcg/levels/generator.go:339.2,339.22 1 1
goldbox-rpg/pkg/pcg/levels/generator.go:339.22,341.3 1 1
goldbox-rpg/pkg/pcg/levels/generator.go:344.2,344.40 1 1
goldbox-rpg/pkg/pcg/levels/generator.go:344.40,346.3 1 1
goldbox-rpg/pkg/pcg/levels/generator.go:349.2,349.31 1 1
goldbox-rpg/pkg/pcg/levels/generator.go:349.31,351.3 1 1
goldbox-rpg/pkg/pcg/levels/generator.go:354.2,355.9 2 1
goldbox-rpg/pkg/pcg/levels/generator.go:356.18,357.28 1 1
goldbox-rpg/pkg/pcg/levels/generator.go:358.18,359.30 1 1
goldbox-rpg/pkg/pcg/levels/generator.go:360.19,361.28 1 0
goldbox-rpg/pkg/pcg/levels/generator.go:362.19,363.26 1 1
goldbox-rpg/pkg/pcg/levels/generator.go:364.19,365.26 1 0
goldbox-rpg/pkg/pcg/levels/generator.go:366.10,367.28 1 1
goldbox-rpg/pkg/pcg/levels/generator.go:372.109,376.35 3 1
goldbox-rpg/pkg/pcg/levels/generator.go:376.35,377.40 1 1
goldbox-rpg/pkg/pcg/levels/generator.go:377.40,379.4 1 1
goldbox-rpg/pkg/pcg/levels/generator.go:380.3,380.36 1 1
goldbox-rpg/pkg/pcg/levels/generator.go:380.36,382.4 1 1
goldbox-rpg/pkg/pcg/levels/generator.go:386.2,386.42 1 1
goldbox-rpg/pkg/pcg/levels/generator.go:386.42,388.3 1 0
goldbox-rpg/pkg/pcg/levels/generator.go:391.2,391.38 1 1
goldbox-rpg/pkg/pcg/levels/generator.go:391.38,393.3 1 0
goldbox-rpg/pkg/pcg/levels/generator.go:397.141,398.41 1 1
goldbox-rpg/pkg/pcg/levels/generator.go:398.41,400.14 2 1
goldbox-rpg/pkg/pcg/levels/generator.go:400.14,403.4 1 0
goldbox-rpg/pkg/pcg/levels/generator.go:405.3,406.17 2 1
goldbox-rpg/pkg/pcg/levels/generator.go:406.17,408.4 1 0
goldbox-rpg/pkg/pcg/levels/generator.go:411.3,414.51 4 1
goldbox-rpg/pkg/pcg/levels/generator.go:417.2,424.12 2 1
goldbox-rpg/pkg/pcg/levels/generator.go:428.142,436.41 4 1
goldbox-rpg/pkg/pcg/levels/generator.go:436.41,443.17 2 1
goldbox-rpg/pkg/pcg/levels/generator.go:443.17,445.4 1 0
goldbox-rpg/pkg/pcg/levels/generator.go:447.3,457.4 3 1
goldbox-rpg/pkg/pcg/levels/generator.go:460.2,460.23 1 1
goldbox-rpg/pkg/pcg/levels/generator.go:472.102,476.36 2 1
goldbox-rpg/pkg/pcg/levels/generator.go:476.36,486.3 3 1
goldbox-rpg/pkg/pcg/levels/generator.go:489.2,489.20 1 1
goldbox-rpg/pkg/pcg/levels/generator.go:489.20,500.3 3 1
goldbox-rpg/pkg/pcg/levels/generator.go:502.2,502.20 1 1
goldbox-rpg/pkg/pcg/levels/generator.go:506.91,508.25 1 1
goldbox-rpg/pkg/pcg/levels/generator.go:509.9,513.4 1 1
goldbox-rpg/pkg/pcg/levels/generator.go:514.9,518.4 1 1
goldbox-rpg/pkg/pcg/levels/generator.go:519.9,523.4 1 1
goldbox-rpg/pkg/pcg/levels/generator.go:524.10,528.4 1 1
goldbox-rpg/pkg/pcg/levels/generator.go:533.146,536.35 2 1
goldbox-rpg/pkg/pcg/levels/generator.go:536.35,537.38 1 1
goldbox-rpg/pkg/pcg/levels/generator.go:537.38,539.4 1 1
goldbox-rpg/pkg/pcg/levels/generator.go:543.2,543.68 1 1
goldbox-rpg/pkg/pcg/levels/generator.go:543.68,546.44 2 1
goldbox-rpg/pkg/pcg/levels/generator.go:546.44,557.4 2 1
goldbox-rpg/pkg/pcg/levels/generator.go:560.2,567.12 2 1
goldbox-rpg/pkg/pcg/levels/generator.go:571.106,576.29 3 1
goldbox-rpg/pkg/pcg/levels/generator.go:576.29,577.26 1 1
goldbox-rpg/pkg/pcg/levels/generator.go:577.26,579.4 1 0
goldbox-rpg/pkg/pcg/levels/generator.go:583.2,585.29 3 1
goldbox-rpg/pkg/pcg/levels/generator.go:585.29,586.40 1 1
goldbox-rpg/pkg/pcg/levels/generator.go:586.40,588.4 1 1
goldbox-rpg/pkg/pcg/levels/generator.go:589.3,589.36 1 1
goldbox-rpg/pkg/pcg/levels/generator.go:589.36,591.4 1 1
goldbox-rpg/pkg/pcg/levels/generator.go:594.2,594.18 1 1
goldbox-rpg/pkg/pcg/levels/generator.go:594.18,596.3 1 0
goldbox-rpg/pkg/pcg/levels/generator.go:597.2,597.14 1 1
goldbox-rpg/pkg/pcg/levels/generator.go:597.14,599.3 1 0
goldbox-rpg/pkg/pcg/levels/generator.go:601.2,610.12 2 1
goldbox-rpg/pkg/pcg/levels/generator.go:614.121,615.23 1 1
goldbox-rpg/pkg/pcg/levels/generator.go:615.23,617.3 1 1
goldbox-rpg/pkg/pcg/levels/generator.go:619.2,623.29 3 1
goldbox-rpg/pkg/pcg/levels/generator.go:623.29,624.24 1 1
goldbox-rpg/pkg/pcg/levels/generator.go:624.24,626.9 2 1
goldbox-rpg/pkg/pcg/levels/generator.go:630.2,630.24 1 1
goldbox-rpg/pkg/pcg/levels/generator.go:630.24,632.3 1 0
goldbox-rpg/pkg/pcg/levels/generator.go:635.2,635.52 1 1
goldbox-rpg/pkg/pcg/levels/generator.go:635.52,637.3 1 1
goldbox-rpg/pkg/pcg/levels/generator.go:641.169,653.30 2 1
goldbox-rpg/pkg/pcg/levels/generator.go:653.30,655.30 2 1
goldbox-rpg/pkg/pcg/levels/generator.go:655.30,661.4 1 1
goldbox-rpg/pkg/pcg/levels/generator.go:665.2,665.29 1 1
goldbox-rpg/pkg/pcg/levels/generator.go:665.29,666.68 1 1
goldbox-rpg/pkg/pcg/levels/generator.go:666.68,667.71 1 1
goldbox-rpg/pkg/pcg/levels/generator.go:667.71,669.5 1 1
goldbox-rpg/pkg/pcg/levels/generator.go:674.2,674.37 1 1
goldbox-rpg/pkg/pcg/levels/generator.go:674.37,675.37 1 1
goldbox-rpg/pkg/pcg/levels/generator.go:675.37,676.67 1 1
goldbox-rpg/pkg/pcg/levels/generator.go:676.67,682.5 1 1
goldbox-rpg/pkg/pcg/levels/generator.go:687.2,694.19 7 1
goldbox-rpg/pkg/pcg/levels/generator.go:698.163,700.13 2 1
goldbox-rpg/pkg/pcg/levels/generator.go:700.13,702.3 1 0
goldbox-rpg/pkg/pcg/levels/generator.go:704.2,707.85 3 1
goldbox-rpg/pkg/pcg/levels/rooms.go:22.162,33.37 2 1
goldbox-rpg/pkg/pcg/levels/rooms.go:33.37,35.37 2 1
goldbox-rpg/pkg/pcg/levels/rooms.go:35.37,37.71 1 1
goldbox-rpg/pkg/pcg/levels/rooms.go:37.71,43.5 1 1
goldbox-rpg/pkg/pcg/levels/rooms.go:43.10,49.5 1 1
goldbox-rpg/pkg/pcg/levels/rooms.go:54.2,57.36 3 1
goldbox-rpg/pkg/pcg/levels/rooms.go:57.36,60.3 2 1
goldbox-rpg/pkg/pcg/levels/rooms.go:63.2,70.18 5 1
goldbox-rpg/pkg/pcg/levels/rooms.go:73.149,89.2 5 1
goldbox-rpg/pkg/pcg/levels/rooms.go:91.109,96.33 3 1
goldbox-rpg/pkg/pcg/levels/rooms.go:96.33,101.15 3 1
goldbox-rpg/pkg/pcg/levels/rooms.go:102.10,104.9 2 1
goldbox-rpg/pkg/pcg/levels/rooms.go:105.10,107.37 2 1
goldbox-rpg/pkg/pcg/levels/rooms.go:108.10,110.25 2 1
goldbox-rpg/pkg/pcg/levels/rooms.go:111.10,113.37 2 1
goldbox-rpg/pkg/pcg/levels/rooms.go:116.3,116.73 1 1
goldbox-rpg/pkg/pcg/levels/rooms.go:119.2,119.14 1 1
goldbox-rpg/pkg/pcg/levels/rooms.go:122.97,125.15 2 1
goldbox-rpg/pkg/pcg/levels/rooms.go:126.24,127.50 1 1
goldbox-rpg/pkg/pcg/levels/rooms.go:128.23,129.51 1 1
goldbox-rpg/pkg/pcg/levels/rooms.go:130.24,131.47 1 0
goldbox-rpg/pkg/pcg/levels/rooms.go:132.27,133.56 1 1
goldbox-rpg/pkg/pcg/levels/rooms.go:134.24,135.52 1 0
goldbox-rpg/pkg/pcg/levels/rooms.go:136.23,137.51 1 1
goldbox-rpg/pkg/pcg/levels/rooms.go:138.26,139.77 1 1
goldbox-rpg/pkg/pcg/levels/rooms.go:140.10,141.48 1 0
goldbox-rpg/pkg/pcg/levels/rooms.go:145.2,145.21 1 1
goldbox-rpg/pkg/pcg/levels/rooms.go:145.21,147.3 1 0
goldbox-rpg/pkg/pcg/levels/rooms.go:149.2,149.16 1 1
goldbox-rpg/pkg/pcg/levels/rooms.go:161.164,172.37 2 1
goldbox-rpg/pkg/pcg/levels/rooms.go:172.37,174.37 2 1
goldbox-rpg/pkg/pcg/levels/rooms.go:174.37,175.71 1 1
goldbox-rpg/pkg/pcg/levels/rooms.go:175.71,181.5 1 1
goldbox-rpg/pkg/pcg/levels/rooms.go:181.10,187.5 1 1
goldbox-rpg/pkg/pcg/levels/rooms.go:191.2,195.37 3 1
goldbox-rpg/pkg/pcg/levels/rooms.go:195.37,210.3 4 1
goldbox-rpg/pkg/pcg/levels/rooms.go:213.2,213.20 1 1
goldbox-rpg/pkg/pcg/levels/rooms.go:213.20,222.3 1 1
goldbox-rpg/pkg/pcg/levels/rooms.go:225.2,232.18 4 1
goldbox-rpg/pkg/pcg/levels/rooms.go:235.92,236.9 1 1
goldbox-rpg/pkg/pcg/levels/rooms.go:237.22,238.18 1 0
goldbox-rpg/pkg/pcg/levels/rooms.go:239.23,240.20 1 1
goldbox-rpg/pkg/pcg/levels/rooms.go:241.23,242.16 1 0
goldbox-rpg/pkg/pcg/levels/rooms.go:243.10,244.16 1 0
goldbox-rpg/pkg/pcg/levels/rooms.go:248.101,251.20 2 1
goldbox-rpg/pkg/pcg/levels/rooms.go:251.20,253.3 1 1
goldbox-rpg/pkg/pcg/levels/rooms.go:254.2,254.20 1 1
goldbox-rpg/pkg/pcg/levels/rooms.go:254.20,256.3 1 1
goldbox-rpg/pkg/pcg/levels/rooms.go:257.2,257.21 1 1
goldbox-rpg/pkg/pcg/levels/rooms.go:257.21,259.3 1 0
goldbox-rpg/pkg/pcg/levels/rooms.go:261.2,261.17 1 1
goldbox-rpg/pkg/pcg/levels/rooms.go:273.162,284.37 2 0
goldbox-rpg/pkg/pcg/levels/rooms.go:284.37,286.37 2 0
goldbox-rpg/pkg/pcg/levels/rooms.go:286.37,287.71 1 0
goldbox-rpg/pkg/pcg/levels/rooms.go:287.71,293.5 1 0
goldbox-rpg/pkg/pcg/levels/rooms.go:293.10,299.5 1 0
goldbox-rpg/pkg/pcg/levels/rooms.go:303.2,324.18 10 0
goldbox-rpg/pkg/pcg/levels/rooms.go:327.111,330.15 2 0
goldbox-rpg/pkg/pcg/levels/rooms.go:331.24,332.68 1 0
goldbox-rpg/pkg/pcg/levels/rooms.go:333.27,334.72 1 0
goldbox-rpg/pkg/pcg/levels/rooms.go:335.24,336.75 1 0
goldbox-rpg/pkg/pcg/levels/rooms.go:337.10,338.68 1 0
goldbox-rpg/pkg/pcg/levels/rooms.go:341.2,341.40 1 0
goldbox-rpg/pkg/pcg/levels/rooms.go:344.147,349.20 3 0
goldbox-rpg/pkg/pcg/levels/rooms.go:350.24,351.37 1 0
goldbox-rpg/pkg/pcg/levels/rooms.go:351.37,362.4 3 0
goldbox-rpg/pkg/pcg/levels/rooms.go:363.25,364.37 1 0
goldbox-rpg/pkg/pcg/levels/rooms.go:364.37,375.4 3 0
goldbox-rpg/pkg/pcg/levels/rooms.go:376.10,386.5 3 0
goldbox-rpg/pkg/pcg/levels/rooms.go:389.2,389.17 1 0
goldbox-rpg/pkg/pcg/levels/rooms.go:401.160,412.37 2 1
goldbox-rpg/pkg/pcg/levels/rooms.go:412.37,414.37 2 1
goldbox-rpg/pkg/pcg/levels/rooms.go:414.37,415.71 1 1
goldbox-rpg/pkg/pcg/levels/rooms.go:415.71,421.5 1 1
goldbox-rpg/pkg/pcg/levels/rooms.go:421.10,427.5 1 1
goldbox-rpg/pkg/pcg/levels/rooms.go:431.2,447.34 5 1
goldbox-rpg/pkg/pcg/levels/rooms.go:447.34,461.3 4 1
goldbox-rpg/pkg/pcg/levels/rooms.go:464.2,472.18 5 1
goldbox-rpg/pkg/pcg/levels/rooms.go:475.91,476.15 1 1
goldbox-rpg/pkg/pcg/levels/rooms.go:477.24,478.18 1 1
goldbox-rpg/pkg/pcg/levels/rooms.go:479.23,480.23 1 1
goldbox-rpg/pkg/pcg/levels/rooms.go:481.23,482.16 1 1
goldbox-rpg/pkg/pcg/levels/rooms.go:483.27,484.23 1 1
goldbox-rpg/pkg/pcg/levels/rooms.go:485.24,486.20 1 1
goldbox-rpg/pkg/pcg/levels/rooms.go:487.26,488.26 1 1
goldbox-rpg/pkg/pcg/levels/rooms.go:489.10,490.20 1 1
goldbox-rpg/pkg/pcg/levels/rooms.go:494.77,495.15 1 1
goldbox-rpg/pkg/pcg/levels/rooms.go:496.24,497.25 1 1
goldbox-rpg/pkg/pcg/levels/rooms.go:498.23,499.23 1 1
goldbox-rpg/pkg/pcg/levels/rooms.go:500.24,501.23 1 1
goldbox-rpg/pkg/pcg/levels/rooms.go:502.26,503.30 1 1
goldbox-rpg/pkg/pcg/levels/rooms.go:504.10,505.18 1 1
goldbox-rpg/pkg/pcg/levels/rooms.go:509.90,515.2 1 1
goldbox-rpg/pkg/pcg/levels/rooms.go:525.164,530.2 1 1
goldbox-rpg/pkg/pcg/levels/rooms.go:538.160,543.2 1 1
goldbox-rpg/pkg/pcg/levels/rooms.go:552.162,558.2 1 1
goldbox-rpg/pkg/pcg/levels/rooms.go:566.160,573.2 1 0
goldbox-rpg/pkg/pcg/levels/rooms.go:581.160,587.2 1 1
goldbox-rpg/pkg/pcg/levels/rooms.go:595.160,601.2 1 0
goldbox-rpg/pkg/pcg/levels/rooms.go:610.161,616.2 1 0
goldbox-rpg/pkg/pcg/levels/rooms.go:619.123,621.18 2 1
goldbox-rpg/pkg/pcg/levels/rooms.go:622.18,623.38 1 1
goldbox-rpg/pkg/pcg/levels/rooms.go:624.14,625.34 1 1
goldbox-rpg/pkg/pcg/levels/rooms.go:626.16,627.36 1 1
goldbox-rpg/pkg/pcg/levels/rooms.go:628.14,629.34 1 0
goldbox-rpg/pkg/pcg/levels/rooms.go:630.14,631.34 1 1
goldbox-rpg/pkg/pcg/levels/rooms.go:632.14,633.34 1 0
goldbox-rpg/pkg/pcg/levels/rooms.go:634.15,635.35 1 0
goldbox-rpg/pkg/pcg/levels/rooms.go:636.10,637.36 1 0
goldbox-rpg/pkg/pcg/levels/rooms.go:640.2,650.37 2 1
goldbox-rpg/pkg/pcg/levels/rooms.go:650.37,652.37 2 1
goldbox-rpg/pkg/pcg/levels/rooms.go:652.37,653.71 1 1
goldbox-rpg/pkg/pcg/levels/rooms.go:653.71,659.5 1 1
goldbox-rpg/pkg/pcg/levels/rooms.go:659.10,665.5 1 1
goldbox-rpg/pkg/pcg/levels/rooms.go:670.2,675.50 2 1
goldbox-rpg/pkg/pcg/levels/rooms.go:675.50,681.3 1 1
goldbox-rpg/pkg/pcg/levels/rooms.go:683.2,683.18 1 1
goldbox-rpg/pkg/pcg/balancer.go:153.65,154.19 1 1
goldbox-rpg/pkg/pcg/balancer.go:154.19,156.3 1 1
goldbox-rpg/pkg/pcg/balancer.go:158.2,162.50 3 1
goldbox-rpg/pkg/pcg/balancer.go:162.50,166.3 1 1
goldbox-rpg/pkg/pcg/balancer.go:168.2,186.17 3 1
goldbox-rpg/pkg/pcg/balancer.go:190.112,196.59 4 1
goldbox-rpg/pkg/pcg/balancer.go:196.59,199.3 2 1
goldbox-rpg/pkg/pcg/balancer.go:202.2,202.22 1 1
goldbox-rpg/pkg/pcg/balancer.go:202.22,204.3 1 0
goldbox-rpg/pkg/pcg/balancer.go:207.2,208.13 2 1
goldbox-rpg/pkg/pcg/balancer.go:208.13,211.3 2 0
goldbox-rpg/pkg/pcg/balancer.go:214.2,219.16 4 1
goldbox-rpg/pkg/pcg/balancer.go:219.16,222.3 2 0
goldbox-rpg/pkg/pcg/balancer.go:225.2,228.70 2 1
goldbox-rpg/pkg/pcg/balancer.go:228.70,231.3 2 0
goldbox-rpg/pkg/pcg/balancer.go:234.2,265.20 8 1
goldbox-rpg/pkg/pcg/balancer.go:269.105,279.41 3 1
goldbox-rpg/pkg/pcg/balancer.go:279.41,282.3 2 1
goldbox-rpg/pkg/pcg/balancer.go:284.2,287.29 2 1
goldbox-rpg/pkg/pcg/balancer.go:287.29,290.3 2 1
goldbox-rpg/pkg/pcg/balancer.go:293.2,293.52 1 1
goldbox-rpg/pkg/pcg/balancer.go:293.52,295.3 1 1
goldbox-rpg/pkg/pcg/balancer.go:297.2,297.43 1 1
goldbox-rpg/pkg/pcg/balancer.go:301.130,302.29 1 1
goldbox-rpg/pkg/pcg/balancer.go:303.25,304.62 1 1
goldbox-rpg/pkg/pcg/balancer.go:305.29,306.66 1 1
goldbox-rpg/pkg/pcg/balancer.go:307.26,308.64 1 1
goldbox-rpg/pkg/pcg/balancer.go:309.24,310.61 1 1
goldbox-rpg/pkg/pcg/balancer.go:311.26,312.64 1 0
goldbox-rpg/pkg/pcg/balancer.go:313.10,314.71 1 0
goldbox-rpg/pkg/pcg/balancer.go:319.118,321.9 2 1
goldbox-rpg/pkg/pcg/balancer.go:321.9,323.3 1 0
goldbox-rpg/pkg/pcg/balancer.go:326.2,329.39 2 1
goldbox-rpg/pkg/pcg/balancer.go:329.39,330.45 1 1
goldbox-rpg/pkg/pcg/balancer.go:330.45,334.4 3 1
goldbox-rpg/pkg/pcg/balancer.go:337.3,337.46 1 1
goldbox-rpg/pkg/pcg/balancer.go:337.46,341.4 3 1
goldbox-rpg/pkg/pcg/balancer.go:345.2,345.42 1 1
goldbox-rpg/pkg/pcg/balancer.go:345.42,346.47 1 1
goldbox-rpg/pkg/pcg/balancer.go:346.47,350.4 3 1
goldbox-rpg/pkg/pcg/balancer.go:353.2,353.28 1 1
goldbox-rpg/pkg/pcg/balancer.go:357.122,359.9 2 1
goldbox-rpg/pkg/pcg/balancer.go:359.9,361.3 1 0
goldbox-rpg/pkg/pcg/balancer.go:364.2,373.19 6 1
goldbox-rpg/pkg/pcg/balancer.go:373.19,376.3 2 1
goldbox-rpg/pkg/pcg/balancer.go:379.2,379.19 1 1
goldbox-rpg/pkg/pcg/balancer.go:379.19,382.3 2 1
goldbox-rpg/pkg/pcg/balancer.go:384.2,384.26 1 1
goldbox-rpg/pkg/pcg/balancer.go:388.120,390.9 2 1
goldbox-rpg/pkg/pcg/balancer.go:390.9,392.3 1 0
goldbox-rpg/pkg/pcg/balancer.go:395.2,402.30 5 1
goldbox-rpg/pkg/pcg/balancer.go:406.117,408.9 2 1
goldbox-rpg/pkg/pcg/balancer.go:408.9,410.3 1 0
goldbox-rpg/pkg/pcg/balancer.go:413.2,416.28 2 1
goldbox-rpg/pkg/pcg/balancer.go:416.28,420.3 3 1
goldbox-rpg/pkg/pcg/balancer.go:422.2,422.27 1 1
goldbox-rpg/pkg/pcg/balancer.go:426.120,430.2 1 0
goldbox-rpg/pkg/pcg/balancer.go:433.127,438.2 2 0
goldbox-rpg/pkg/pcg/balancer.go:441.111,452.2 6 1
goldbox-rpg/pkg/pcg/balancer.go:455.46,467.2 1 1
goldbox-rpg/pkg/pcg/balancer.go:470.57,524.2 7 1
goldbox-rpg/pkg/pcg/balancer.go:527.59,601.2 7 1
goldbox-rpg/pkg/pcg/balancer.go:604.58,638.2 5 1
goldbox-rpg/pkg/pcg/balancer.go:644.81,645.29 1 1
goldbox-rpg/pkg/pcg/balancer.go:645.29,647.3 1 1
goldbox-rpg/pkg/pcg/balancer.go:649.2,649.28 1 1
goldbox-rpg/pkg/pcg/balancer.go:649.28,651.3 1 1
goldbox-rpg/pkg/pcg/balancer.go:653.2,653.33 1 1
goldbox-rpg/pkg/pcg/balancer.go:653.33,655.3 1 1
goldbox-rpg/pkg/pcg/balancer.go:657.2,657.12 1 1
goldbox-rpg/pkg/pcg/balancer.go:661.87,672.2 1 0
goldbox-rpg/pkg/pcg/balancer.go:675.96,676.47 1 1
goldbox-rpg/pkg/pcg/balancer.go:676.47,678.14 2 1
goldbox-rpg/pkg/pcg/balancer.go:678.14,679.12 1 1
goldbox-rpg/pkg/pcg/balancer.go:683.3,684.14 2 1
goldbox-rpg/pkg/pcg/balancer.go:684.14,685.12 1 0
goldbox-rpg/pkg/pcg/balancer.go:689.3,689.62 1 1
goldbox-rpg/pkg/pcg/balancer.go:689.62,692.4 1 1
goldbox-rpg/pkg/pcg/balancer.go:695.3,695.66 1 1
goldbox-rpg/pkg/pcg/balancer.go:695.66,698.4 1 1
goldbox-rpg/pkg/pcg/balancer.go:701.2,701.12 1 1
goldbox-rpg/pkg/pcg/balancer.go:705.131,709.88 2 1
goldbox-rpg/pkg/pcg/balancer.go:709.88,711.3 1 1
goldbox-rpg/pkg/pcg/balancer.go:714.2,715.36 2 1
goldbox-rpg/pkg/pcg/balancer.go:715.36,717.3 1 1
goldbox-rpg/pkg/pcg/balancer.go:718.2,720.32 2 1
goldbox-rpg/pkg/pcg/balancer.go:720.32,722.3 1 1
goldbox-rpg/pkg/pcg/balancer.go:725.2,728.31 3 1
goldbox-rpg/pkg/pcg/balancer.go:732.117,735.45 2 1
goldbox-rpg/pkg/pcg/balancer.go:735.45,738.3 1 1
goldbox-rpg/pkg/pcg/balancer.go:740.2,740.45 1 1
goldbox-rpg/pkg/pcg/balancer.go:740.45,743.3 1 1
goldbox-rpg/pkg/pcg/balancer.go:745.2,745.54 1 1
goldbox-rpg/pkg/pcg/balancer.go:745.54,748.3 1 1
goldbox-rpg/pkg/pcg/balancer.go:750.2,750.56 1 1
goldbox-rpg/pkg/pcg/balancer.go:750.56,753.3 1 1
goldbox-rpg/pkg/pcg/balancer.go:755.2,755.17 1 1
goldbox-rpg/pkg/pcg/balancer.go:759.128,765.24 4 1
goldbox-rpg/pkg/pcg/balancer.go:765.24,767.3 1 0
goldbox-rpg/pkg/pcg/balancer.go:768.2,774.14 4 1
goldbox-rpg/pkg/pcg/balancer.go:774.14,776.3 1 1
goldbox-rpg/pkg/pcg/balancer.go:779.2,779.37 1 1
goldbox-rpg/pkg/pcg/balancer.go:779.37,781.3 1 1
goldbox-rpg/pkg/pcg/balancer.go:781.8,783.3 1 0
goldbox-rpg/pkg/pcg/balancer.go:785.2,788.40 2 1
goldbox-rpg/pkg/pcg/balancer.go:788.40,790.3 1 1
goldbox-rpg/pkg/pcg/balancer.go:790.8,792.3 1 1
goldbox-rpg/pkg/pcg/balancer.go:795.2,796.39 2 1
goldbox-rpg/pkg/pcg/balancer.go:800.78,801.47 1 1
goldbox-rpg/pkg/pcg/balancer.go:801.47,808.41 4 1
goldbox-rpg/pkg/pcg/balancer.go:808.41,810.4 1 1
goldbox-rpg/pkg/pcg/balancer.go:810.9,813.4 1 1
goldbox-rpg/pkg/pcg/balancer.go:816.3,816.39 1 1
goldbox-rpg/pkg/pcg/balancer.go:816.39,818.4 1 1
goldbox-rpg/pkg/pcg/balancer.go:821.3,822.61 2 1
goldbox-rpg/pkg/pcg/balancer.go:822.61,824.4 1 0
goldbox-rpg/pkg/pcg/balancer.go:826.3,826.66 1 1
goldbox-rpg/pkg/pcg/balancer.go:831.102,844.2 6 1
goldbox-rpg/pkg/pcg/balancer.go:847.98,862.2 7 1
goldbox-rpg/pkg/pcg/balancer.go:865.109,876.66 8 1
goldbox-rpg/pkg/pcg/balancer.go:876.66,883.3 1 1
goldbox-rpg/pkg/pcg/balancer.go:885.2,885.17 1 1
goldbox-rpg/pkg/pcg/balancer.go:889.48,891.2 1 1
goldbox-rpg/pkg/pcg/balancer.go:894.57,917.50 6 1
goldbox-rpg/pkg/pcg/balancer.go:917.50,919.3 1 1
goldbox-rpg/pkg/pcg/balancer.go:920.2,920.52 1 1
goldbox-rpg/pkg/pcg/balancer.go:920.52,922.3 1 1
goldbox-rpg/pkg/pcg/balancer.go:923.2,923.54 1 1
goldbox-rpg/pkg/pcg/balancer.go:923.54,925.3 1 1
goldbox-rpg/pkg/pcg/balancer.go:927.2,927.21 1 1
goldbox-rpg/pkg/pcg/bootstrap.go:85.97,86.19 1 1
goldbox-rpg/pkg/pcg/bootstrap.go:86.19,88.3 1 1
goldbox-rpg/pkg/pcg/bootstrap.go:90.2,98.3 2 1
goldbox-rpg/pkg/pcg/bootstrap.go:103.84,107.58 2 1
goldbox-rpg/pkg/pcg/bootstrap.go:107.58,109.3 1 1
goldbox-rpg/pkg/pcg/bootstrap.go:112.2,113.16 2 1
goldbox-rpg/pkg/pcg/bootstrap.go:113.16,115.3 1 0
goldbox-rpg/pkg/pcg/bootstrap.go:118.2,119.56 2 1
goldbox-rpg/pkg/pcg/bootstrap.go:119.56,121.3 1 1
goldbox-rpg/pkg/pcg/bootstrap.go:124.2,124.55 1 1
goldbox-rpg/pkg/pcg/bootstrap.go:124.55,126.3 1 1
goldbox-rpg/pkg/pcg/bootstrap.go:129.2,129.52 1 1
goldbox-rpg/pkg/pcg/bootstrap.go:129.52,131.3 1 1
goldbox-rpg/pkg/pcg/bootstrap.go:134.2,134.38 1 1
goldbox-rpg/pkg/pcg/bootstrap.go:138.63,142.58 2 1
goldbox-rpg/pkg/pcg/bootstrap.go:142.58,144.3 1 1
goldbox-rpg/pkg/pcg/bootstrap.go:147.2,148.16 2 1
goldbox-rpg/pkg/pcg/bootstrap.go:148.16,150.3 1 0
goldbox-rpg/pkg/pcg/bootstrap.go:153.2,154.56 2 1
goldbox-rpg/pkg/pcg/bootstrap.go:154.56,156.3 1 1
goldbox-rpg/pkg/pcg/bootstrap.go:159.2,160.30 2 1
goldbox-rpg/pkg/pcg/bootstrap.go:160.30,162.3 1 1
goldbox-rpg/pkg/pcg/bootstrap.go:164.2,164.19 1 1
goldbox-rpg/pkg/pcg/bootstrap.go:169.55,176.37 2 1
goldbox-rpg/pkg/pcg/bootstrap.go:176.37,178.54 2 1
goldbox-rpg/pkg/pcg/bootstrap.go:178.54,180.4 1 1
goldbox-rpg/pkg/pcg/bootstrap.go:183.2,183.13 1 1
goldbox-rpg/pkg/pcg/bootstrap.go:187.48,198.2 1 1
goldbox-rpg/pkg/pcg/bootstrap.go:202.84,225.20 5 1
goldbox-rpg/pkg/pcg/bootstrap.go:225.20,227.3 1 1
goldbox-rpg/pkg/pcg/bootstrap.go:228.2,241.54 4 1
goldbox-rpg/pkg/pcg/bootstrap.go:241.54,248.3 2 0
goldbox-rpg/pkg/pcg/bootstrap.go:251.2,251.31 1 1
goldbox-rpg/pkg/pcg/bootstrap.go:251.31,256.57 2 1
goldbox-rpg/pkg/pcg/bootstrap.go:256.57,263.4 2 0
goldbox-rpg/pkg/pcg/bootstrap.go:267.2,271.55 2 1
goldbox-rpg/pkg/pcg/bootstrap.go:271.55,278.3 2 1
goldbox-rpg/pkg/pcg/bootstrap.go:280.2,295.21 4 1
goldbox-rpg/pkg/pcg/bootstrap.go:299.55,316.39 3 1
goldbox-rpg/pkg/pcg/bootstrap.go:316.39,319.3 2 1
goldbox-rpg/pkg/pcg/bootstrap.go:321.2,322.12 2 1
goldbox-rpg/pkg/pcg/bootstrap.go:326.52,339.2 3 1
goldbox-rpg/pkg/pcg/bootstrap.go:342.55,353.2 3 1
goldbox-rpg/pkg/pcg/bootstrap.go:356.57,367.2 3 1
goldbox-rpg/pkg/pcg/bootstrap.go:370.53,381.2 3 1
goldbox-rpg/pkg/pcg/bootstrap.go:384.55,393.2 2 1
goldbox-rpg/pkg/pcg/bootstrap.go:396.73,413.2 5 1
goldbox-rpg/pkg/pcg/bootstrap.go:417.51,418.29 1 1
goldbox-rpg/pkg/pcg/bootstrap.go:419.23,420.11 1 1
goldbox-rpg/pkg/pcg/bootstrap.go:421.24,422.11 1 1
goldbox-rpg/pkg/pcg/bootstrap.go:423.22,424.11 1 1
goldbox-rpg/pkg/pcg/bootstrap.go:425.10,426.11 1 0
goldbox-rpg/pkg/pcg/bootstrap.go:430.52,431.29 1 1
goldbox-rpg/pkg/pcg/bootstrap.go:432.23,433.11 1 1
goldbox-rpg/pkg/pcg/bootstrap.go:434.24,435.11 1 1
goldbox-rpg/pkg/pcg/bootstrap.go:436.22,437.11 1 1
goldbox-rpg/pkg/pcg/bootstrap.go:438.10,439.11 1 0
goldbox-rpg/pkg/pcg/bootstrap.go:443.52,445.34 2 1
goldbox-rpg/pkg/pcg/bootstrap.go:446.24,447.14 1 1
goldbox-rpg/pkg/pcg/bootstrap.go:448.26,449.18 1 1
goldbox-rpg/pkg/pcg/bootstrap.go:450.26,451.18 1 1
goldbox-rpg/pkg/pcg/bootstrap.go:452.10,453.18 1 0
goldbox-rpg/pkg/pcg/bootstrap.go:457.50,458.29 1 1
goldbox-rpg/pkg/pcg/bootstrap.go:459.23,460.11 1 1
goldbox-rpg/pkg/pcg/bootstrap.go:461.24,462.12 1 1
goldbox-rpg/pkg/pcg/bootstrap.go:463.22,464.12 1 1
goldbox-rpg/pkg/pcg/bootstrap.go:465.10,466.12 1 0
goldbox-rpg/pkg/pcg/bootstrap.go:471.56,481.27 3 1
goldbox-rpg/pkg/pcg/bootstrap.go:481.27,482.49 1 1
goldbox-rpg/pkg/pcg/bootstrap.go:482.49,484.4 1 1
goldbox-rpg/pkg/pcg/bootstrap.go:488.2,488.43 1 1
goldbox-rpg/pkg/pcg/bootstrap.go:488.43,490.3 1 0
goldbox-rpg/pkg/pcg/bootstrap.go:492.2,492.42 1 1
goldbox-rpg/pkg/pcg/bootstrap.go:492.42,494.3 1 0
goldbox-rpg/pkg/pcg/bootstrap.go:497.2,497.48 1 1
goldbox-rpg/pkg/pcg/bootstrap.go:497.48,499.3 1 0
goldbox-rpg/pkg/pcg/bootstrap.go:501.2,506.12 2 1
goldbox-rpg/pkg/pcg/bootstrap.go:510.44,514.79 3 1
goldbox-rpg/pkg/pcg/bootstrap.go:514.79,516.3 1 0
goldbox-rpg/pkg/pcg/bootstrap.go:518.2,519.81 2 1
goldbox-rpg/pkg/pcg/bootstrap.go:519.81,521.3 1 0
goldbox-rpg/pkg/pcg/bootstrap.go:523.2,524.81 2 1
goldbox-rpg/pkg/pcg/bootstrap.go:524.81,526.3 1 0
goldbox-rpg/pkg/pcg/bootstrap.go:528.2,528.12 1 1
goldbox-rpg/pkg/pcg/bootstrap.go:531.104,533.16 2 1
goldbox-rpg/pkg/pcg/bootstrap.go:533.16,535.3 1 0
goldbox-rpg/pkg/pcg/bootstrap.go:537.2,537.86 1 1
goldbox-rpg/pkg/pcg/bootstrap.go:537.86,539.3 1 0
goldbox-rpg/pkg/pcg/bootstrap.go:541.2,541.12 1 1
goldbox-rpg/pkg/pcg/bootstrap.go:544.65,579.2 1 1
goldbox-rpg/pkg/pcg/bootstrap.go:581.69,619.2 1 1
goldbox-rpg/pkg/pcg/bootstrap.go:621.69,660.2 1 1
goldbox-rpg/pkg/pcg/bootstrap.go:663.43,773.16 4 1
goldbox-rpg/pkg/pcg/bootstrap.go:773.16,775.3 1 0
goldbox-rpg/pkg/pcg/bootstrap.go:777.2,777.93 1 1
goldbox-rpg/pkg/pcg/bootstrap.go:777.93,779.3 1 0
goldbox-rpg/pkg/pcg/bootstrap.go:781.2,781.12 1 1
goldbox-rpg/pkg/pcg/bootstrap.go:784.49,788.69 2 1
goldbox-rpg/pkg/pcg/bootstrap.go:788.69,790.3 1 0
goldbox-rpg/pkg/pcg/bootstrap.go:792.2,793.16 2 1
goldbox-rpg/pkg/pcg/bootstrap.go:793.16,795.3 1 0
goldbox-rpg/pkg/pcg/bootstrap.go:797.2,797.62 1 1
goldbox-rpg/pkg/pcg/bootstrap.go:797.62,799.3 1 0
goldbox-rpg/pkg/pcg/bootstrap.go:801.2,801.12 1 1
goldbox-rpg/pkg/pcg/bootstrap.go:805.55,812.2 1 1
goldbox-rpg/pkg/pcg/bootstrap.go:815.54,822.2 1 1
goldbox-rpg/pkg/pcg/bootstrap.go:835.81,836.29 1 1
goldbox-rpg/pkg/pcg/bootstrap.go:836.29,838.3 1 0
goldbox-rpg/pkg/pcg/bootstrap.go:841.2,841.57 1 1
goldbox-rpg/pkg/pcg/character.go:14.13,17.2 1 1
goldbox-rpg/pkg/pcg/character.go:28.59,34.19 2 1
goldbox-rpg/pkg/pcg/character.go:34.19,40.3 2 1
goldbox-rpg/pkg/pcg/character.go:42.2,54.18 3 1
goldbox-rpg/pkg/pcg/character.go:59.101,68.44 2 1
goldbox-rpg/pkg/pcg/character.go:68.44,76.3 2 1
goldbox-rpg/pkg/pcg/character.go:78.2,89.9 5 1
goldbox-rpg/pkg/pcg/character.go:89.9,105.3 2 1
goldbox-rpg/pkg/pcg/character.go:105.8,111.42 2 1
goldbox-rpg/pkg/pcg/character.go:111.42,117.4 2 1
goldbox-rpg/pkg/pcg/character.go:118.3,118.44 1 1
goldbox-rpg/pkg/pcg/character.go:118.44,124.4 2 0
goldbox-rpg/pkg/pcg/character.go:125.3,125.43 1 1
goldbox-rpg/pkg/pcg/character.go:125.43,133.4 3 0
goldbox-rpg/pkg/pcg/character.go:134.3,134.40 1 1
goldbox-rpg/pkg/pcg/character.go:134.40,142.4 3 0
goldbox-rpg/pkg/pcg/character.go:145.2,158.16 4 1
goldbox-rpg/pkg/pcg/character.go:158.16,166.3 2 0
goldbox-rpg/pkg/pcg/character.go:168.2,182.17 4 1
goldbox-rpg/pkg/pcg/character.go:186.130,205.16 6 1
goldbox-rpg/pkg/pcg/character.go:205.16,212.3 2 0
goldbox-rpg/pkg/pcg/character.go:214.2,223.16 3 1
goldbox-rpg/pkg/pcg/character.go:223.16,230.3 2 0
goldbox-rpg/pkg/pcg/character.go:232.2,254.17 4 1
goldbox-rpg/pkg/pcg/character.go:258.132,270.19 4 1
goldbox-rpg/pkg/pcg/character.go:271.22,272.33 1 1
goldbox-rpg/pkg/pcg/character.go:273.22,274.33 1 1
goldbox-rpg/pkg/pcg/character.go:275.25,276.33 1 1
goldbox-rpg/pkg/pcg/character.go:277.24,278.33 1 0
goldbox-rpg/pkg/pcg/character.go:279.23,280.33 1 0
goldbox-rpg/pkg/pcg/character.go:281.24,282.33 1 0
goldbox-rpg/pkg/pcg/character.go:283.24,284.33 1 0
goldbox-rpg/pkg/pcg/character.go:285.10,286.33 1 0
goldbox-rpg/pkg/pcg/character.go:289.2,289.33 1 1
goldbox-rpg/pkg/pcg/character.go:289.33,297.13 5 1
goldbox-rpg/pkg/pcg/character.go:297.13,301.4 2 1
goldbox-rpg/pkg/pcg/character.go:303.3,304.17 2 1
goldbox-rpg/pkg/pcg/character.go:304.17,306.4 1 0
goldbox-rpg/pkg/pcg/character.go:308.3,308.27 1 1
goldbox-rpg/pkg/pcg/character.go:312.2,314.18 2 1
goldbox-rpg/pkg/pcg/character.go:318.146,329.16 3 1
goldbox-rpg/pkg/pcg/character.go:329.16,331.3 1 0
goldbox-rpg/pkg/pcg/character.go:332.2,336.16 3 1
goldbox-rpg/pkg/pcg/character.go:336.16,338.3 1 0
goldbox-rpg/pkg/pcg/character.go:339.2,341.21 2 1
goldbox-rpg/pkg/pcg/character.go:345.47,347.2 1 1
goldbox-rpg/pkg/pcg/character.go:350.45,352.2 1 1
goldbox-rpg/pkg/pcg/character.go:355.65,356.22 1 1
goldbox-rpg/pkg/pcg/character.go:356.22,358.3 1 1
goldbox-rpg/pkg/pcg/character.go:360.2,360.53 1 1
goldbox-rpg/pkg/pcg/character.go:360.53,362.3 1 1
goldbox-rpg/pkg/pcg/character.go:364.2,364.55 1 1
goldbox-rpg/pkg/pcg/character.go:364.55,366.3 1 1
goldbox-rpg/pkg/pcg/character.go:369.2,369.89 1 1
goldbox-rpg/pkg/pcg/character.go:369.89,370.83 1 1
goldbox-rpg/pkg/pcg/character.go:370.83,372.4 1 1
goldbox-rpg/pkg/pcg/character.go:374.3,374.82 1 1
goldbox-rpg/pkg/pcg/character.go:374.82,376.4 1 1
goldbox-rpg/pkg/pcg/character.go:378.3,378.76 1 1
goldbox-rpg/pkg/pcg/character.go:378.76,380.4 1 1
goldbox-rpg/pkg/pcg/character.go:383.2,383.12 1 1
goldbox-rpg/pkg/pcg/character.go:387.96,424.2 11 1
goldbox-rpg/pkg/pcg/character.go:427.66,434.2 2 1
goldbox-rpg/pkg/pcg/character.go:436.54,443.2 2 1
goldbox-rpg/pkg/pcg/character.go:445.73,454.32 3 1
goldbox-rpg/pkg/pcg/character.go:454.32,456.3 1 0
goldbox-rpg/pkg/pcg/character.go:458.2,461.30 3 1
goldbox-rpg/pkg/pcg/character.go:461.30,463.17 2 1
goldbox-rpg/pkg/pcg/character.go:463.17,466.4 2 1
goldbox-rpg/pkg/pcg/character.go:469.2,469.15 1 1
goldbox-rpg/pkg/pcg/character.go:472.72,484.28 5 1
goldbox-rpg/pkg/pcg/character.go:484.28,486.17 2 1
goldbox-rpg/pkg/pcg/character.go:486.17,489.4 2 1
goldbox-rpg/pkg/pcg/character.go:492.2,492.14 1 1
goldbox-rpg/pkg/pcg/character.go:495.85,508.28 5 1
goldbox-rpg/pkg/pcg/character.go:508.28,510.3 1 1
goldbox-rpg/pkg/pcg/character.go:512.2,512.16 1 1
goldbox-rpg/pkg/pcg/character.go:515.61,527.38 5 1
goldbox-rpg/pkg/pcg/character.go:527.38,529.17 2 1
goldbox-rpg/pkg/pcg/character.go:529.17,532.4 2 1
goldbox-rpg/pkg/pcg/character.go:535.2,535.19 1 1
goldbox-rpg/pkg/pcg/character.go:538.76,545.2 2 1
goldbox-rpg/pkg/pcg/character.go:547.114,558.58 4 1
goldbox-rpg/pkg/pcg/character.go:558.58,560.17 2 1
goldbox-rpg/pkg/pcg/character.go:560.17,568.4 3 1
goldbox-rpg/pkg/pcg/character.go:571.2,571.20 1 1
goldbox-rpg/pkg/pcg/character.go:574.102,583.74 4 1
goldbox-rpg/pkg/pcg/character.go:583.74,585.17 2 1
goldbox-rpg/pkg/pcg/character.go:585.17,595.4 4 1
goldbox-rpg/pkg/pcg/character.go:598.2,598.25 1 1
goldbox-rpg/pkg/pcg/character.go:601.80,617.60 2 1
goldbox-rpg/pkg/pcg/character.go:617.60,619.3 1 1
goldbox-rpg/pkg/pcg/character.go:620.2,620.23 1 0
goldbox-rpg/pkg/pcg/character.go:624.102,633.62 2 1
goldbox-rpg/pkg/pcg/character.go:633.62,635.3 1 1
goldbox-rpg/pkg/pcg/character.go:636.2,636.22 1 1
goldbox-rpg/pkg/pcg/character.go:639.116,651.2 1 1
goldbox-rpg/pkg/pcg/character.go:653.82,659.2 2 1
goldbox-rpg/pkg/pcg/character.go:661.113,664.2 1 1
goldbox-rpg/pkg/pcg/character.go:667.119,679.18 2 1
goldbox-rpg/pkg/pcg/character.go:680.26,682.42 2 1
goldbox-rpg/pkg/pcg/character.go:683.29,685.42 2 1
goldbox-rpg/pkg/pcg/character.go:686.25,688.36 2 1
goldbox-rpg/pkg/pcg/character.go:689.26,691.42 2 1
goldbox-rpg/pkg/pcg/character.go:695.2,695.21 1 1
goldbox-rpg/pkg/pcg/character.go:696.44,698.42 2 1
goldbox-rpg/pkg/pcg/character.go:699.41,700.42 1 0
goldbox-rpg/pkg/pcg/character.go:703.2,703.13 1 1
goldbox-rpg/pkg/pcg/character.go:717.87,726.2 5 1
goldbox-rpg/pkg/pcg/character.go:728.76,734.2 4 1
goldbox-rpg/pkg/pcg/character.go:736.73,737.18 1 1
goldbox-rpg/pkg/pcg/character.go:738.21,739.17 1 0
goldbox-rpg/pkg/pcg/character.go:740.26,741.19 1 0
goldbox-rpg/pkg/pcg/character.go:742.26,743.23 1 0
goldbox-rpg/pkg/pcg/character.go:744.21,745.23 1 1
goldbox-rpg/pkg/pcg/character.go:746.26,747.18 1 1
goldbox-rpg/pkg/pcg/character.go:748.23,749.19 1 0
goldbox-rpg/pkg/pcg/character.go:750.23,751.19 1 0
goldbox-rpg/pkg/pcg/character.go:752.10,753.17 1 1
goldbox-rpg/pkg/pcg/character.go:757.90,758.18 1 1
goldbox-rpg/pkg/pcg/character.go:759.26,760.27 1 1
goldbox-rpg/pkg/pcg/character.go:761.25,762.24 1 1
goldbox-rpg/pkg/pcg/character.go:763.27,764.26 1 0
goldbox-rpg/pkg/pcg/character.go:765.26,766.25 1 0
goldbox-rpg/pkg/pcg/character.go:767.29,768.27 1 1
goldbox-rpg/pkg/pcg/character.go:769.26,770.27 1 1
goldbox-rpg/pkg/pcg/character.go:771.25,772.25 1 0
goldbox-rpg/pkg/pcg/character.go:773.28,774.27 1 0
goldbox-rpg/pkg/pcg/character.go:775.10,780.44 2 1
goldbox-rpg/pkg/pcg/character.go:785.116,786.19 1 1
goldbox-rpg/pkg/pcg/character.go:787.22,788.20 1 1
goldbox-rpg/pkg/pcg/character.go:788.20,790.4 1 1
goldbox-rpg/pkg/pcg/character.go:791.3,791.28 1 1
goldbox-rpg/pkg/pcg/character.go:792.25,793.31 1 1
goldbox-rpg/pkg/pcg/character.go:794.24,795.20 1 0
goldbox-rpg/pkg/pcg/character.go:795.20,797.4 1 0
goldbox-rpg/pkg/pcg/character.go:798.3,798.30 1 0
goldbox-rpg/pkg/pcg/character.go:799.24,800.30 1 0
goldbox-rpg/pkg/pcg/character.go:801.22,803.20 1 1
goldbox-rpg/pkg/pcg/character.go:803.20,805.4 1 1
goldbox-rpg/pkg/pcg/character.go:806.3,806.30 1 1
goldbox-rpg/pkg/pcg/character.go:807.10,808.30 1 0
goldbox-rpg/pkg/pcg/character.go:812.78,813.17 1 1
goldbox-rpg/pkg/pcg/character.go:814.24,815.25 1 0
goldbox-rpg/pkg/pcg/character.go:816.23,817.28 1 0
goldbox-rpg/pkg/pcg/character.go:818.26,819.28 1 1
goldbox-rpg/pkg/pcg/character.go:820.26,821.29 1 0
goldbox-rpg/pkg/pcg/character.go:822.27,823.27 1 1
goldbox-rpg/pkg/pcg/character.go:824.25,825.26 1 0
goldbox-rpg/pkg/pcg/character.go:826.24,827.28 1 0
goldbox-rpg/pkg/pcg/character.go:828.10,829.17 1 0
goldbox-rpg/pkg/pcg/character.go:833.96,837.2 0 1
goldbox-rpg/pkg/pcg/character.go:840.67,843.19 2 1
goldbox-rpg/pkg/pcg/character.go:843.19,845.3 1 1
goldbox-rpg/pkg/pcg/character.go:848.2,848.35 1 1
goldbox-rpg/pkg/pcg/character.go:851.75,863.49 2 1
goldbox-rpg/pkg/pcg/character.go:863.49,867.3 2 1
goldbox-rpg/pkg/pcg/character.go:868.2,868.11 1 0
goldbox-rpg/pkg/pcg/character.go:871.66,876.2 3 1
goldbox-rpg/pkg/pcg/character.go:878.71,881.2 1 1
goldbox-rpg/pkg/pcg/character.go:883.66,888.2 3 1
goldbox-rpg/pkg/pcg/character.go:890.73,893.14 2 1
goldbox-rpg/pkg/pcg/character.go:893.14,895.3 1 0
goldbox-rpg/pkg/pcg/character.go:896.2,896.13 1 1
goldbox-rpg/pkg/pcg/character.go:899.56,902.2 1 1
goldbox-rpg/pkg/pcg/dialogue.go:132.69,133.19 1 1
goldbox-rpg/pkg/pcg/dialogue.go:133.19,135.3 1 1
goldbox-rpg/pkg/pcg/dialogue.go:137.2,147.18 4 1
goldbox-rpg/pkg/pcg/dialogue.go:151.106,156.22 3 1
goldbox-rpg/pkg/pcg/dialogue.go:156.22,158.3 1 1
goldbox-rpg/pkg/pcg/dialogue.go:161.2,162.9 2 1
goldbox-rpg/pkg/pcg/dialogue.go:162.9,172.3 1 1
goldbox-rpg/pkg/pcg/dialogue.go:174.2,186.16 4 1
goldbox-rpg/pkg/pcg/dialogue.go:186.16,188.3 1 0
goldbox-rpg/pkg/pcg/dialogue.go:190.2,199.22 3 1
goldbox-rpg/pkg/pcg/dialogue.go:203.52,205.2 1 1
goldbox-rpg/pkg/pcg/dialogue.go:208.50,210.2 1 1
goldbox-rpg/pkg/pcg/dialogue.go:213.70,214.21 1 1
goldbox-rpg/pkg/pcg/dialogue.go:214.21,216.3 1 1
goldbox-rpg/pkg/pcg/dialogue.go:219.2,219.82 1 1
goldbox-rpg/pkg/pcg/dialogue.go:219.82,220.62 1 1
goldbox-rpg/pkg/pcg/dialogue.go:220.62,222.4 1 1
goldbox-rpg/pkg/pcg/dialogue.go:224.3,224.71 1 1
goldbox-rpg/pkg/pcg/dialogue.go:224.71,226.4 1 1
goldbox-rpg/pkg/pcg/dialogue.go:228.3,228.77 1 1
goldbox-rpg/pkg/pcg/dialogue.go:228.77,230.4 1 1
goldbox-rpg/pkg/pcg/dialogue.go:233.2,233.12 1 1
goldbox-rpg/pkg/pcg/dialogue.go:237.121,240.16 2 1
goldbox-rpg/pkg/pcg/dialogue.go:240.16,242.3 1 0
goldbox-rpg/pkg/pcg/dialogue.go:245.2,254.45 4 1
goldbox-rpg/pkg/pcg/dialogue.go:254.45,258.31 3 1
goldbox-rpg/pkg/pcg/dialogue.go:258.31,260.4 1 1
goldbox-rpg/pkg/pcg/dialogue.go:263.3,263.52 1 1
goldbox-rpg/pkg/pcg/dialogue.go:263.52,264.68 1 1
goldbox-rpg/pkg/pcg/dialogue.go:264.68,270.19 4 1
goldbox-rpg/pkg/pcg/dialogue.go:270.19,272.14 2 0
goldbox-rpg/pkg/pcg/dialogue.go:275.5,282.57 3 1
goldbox-rpg/pkg/pcg/dialogue.go:287.2,296.8 1 1
goldbox-rpg/pkg/pcg/dialogue.go:300.149,303.25 2 1
goldbox-rpg/pkg/pcg/dialogue.go:303.25,305.3 1 0
goldbox-rpg/pkg/pcg/dialogue.go:307.2,311.16 3 1
goldbox-rpg/pkg/pcg/dialogue.go:311.16,313.3 1 0
goldbox-rpg/pkg/pcg/dialogue.go:316.2,317.16 2 1
goldbox-rpg/pkg/pcg/dialogue.go:317.16,319.3 1 0
goldbox-rpg/pkg/pcg/dialogue.go:321.2,328.19 2 1
goldbox-rpg/pkg/pcg/dialogue.go:332.113,337.76 2 1
goldbox-rpg/pkg/pcg/dialogue.go:337.76,339.17 2 1
goldbox-rpg/pkg/pcg/dialogue.go:339.17,342.4 2 1
goldbox-rpg/pkg/pcg/dialogue.go:343.3,343.23 1 0
goldbox-rpg/pkg/pcg/dialogue.go:346.2,346.22 1 1
goldbox-rpg/pkg/pcg/dialogue.go:350.136,355.15 3 1
goldbox-rpg/pkg/pcg/dialogue.go:355.15,357.3 1 1
goldbox-rpg/pkg/pcg/dialogue.go:359.2,360.24 2 1
goldbox-rpg/pkg/pcg/dialogue.go:360.24,362.3 1 0
goldbox-rpg/pkg/pcg/dialogue.go:364.2,364.37 1 1
goldbox-rpg/pkg/pcg/dialogue.go:364.37,367.34 2 1
goldbox-rpg/pkg/pcg/dialogue.go:367.34,369.4 1 1
goldbox-rpg/pkg/pcg/dialogue.go:369.9,376.4 1 0
goldbox-rpg/pkg/pcg/dialogue.go:378.3,386.42 3 1
goldbox-rpg/pkg/pcg/dialogue.go:390.2,390.15 1 1
goldbox-rpg/pkg/pcg/dialogue.go:390.15,396.3 1 1
goldbox-rpg/pkg/pcg/dialogue.go:398.2,398.23 1 1
goldbox-rpg/pkg/pcg/dialogue.go:402.88,406.23 2 1
goldbox-rpg/pkg/pcg/dialogue.go:406.23,408.3 1 1
goldbox-rpg/pkg/pcg/dialogue.go:409.2,409.35 1 1
goldbox-rpg/pkg/pcg/dialogue.go:409.35,411.3 1 1
goldbox-rpg/pkg/pcg/dialogue.go:413.2,419.13 4 1
goldbox-rpg/pkg/pcg/dialogue.go:423.105,425.46 1 1
goldbox-rpg/pkg/pcg/dialogue.go:425.46,427.3 1 1
goldbox-rpg/pkg/pcg/dialogue.go:427.8,427.52 1 1
goldbox-rpg/pkg/pcg/dialogue.go:427.52,429.3 1 1
goldbox-rpg/pkg/pcg/dialogue.go:432.2,432.68 1 1
goldbox-rpg/pkg/pcg/dialogue.go:432.68,434.3 1 1
goldbox-rpg/pkg/pcg/dialogue.go:437.2,437.43 1 1
goldbox-rpg/pkg/pcg/dialogue.go:437.43,438.28 1 1
goldbox-rpg/pkg/pcg/dialogue.go:438.28,440.4 1 1
goldbox-rpg/pkg/pcg/dialogue.go:443.2,443.13 1 1
goldbox-rpg/pkg/pcg/dialogue.go:447.65,457.2 2 1
goldbox-rpg/pkg/pcg/dialogue.go:460.65,469.2 2 1
goldbox-rpg/pkg/pcg/dialogue.go:472.80,473.37 1 1
goldbox-rpg/pkg/pcg/dialogue.go:473.37,475.3 1 1
goldbox-rpg/pkg/pcg/dialogue.go:476.2,476.13 1 1
goldbox-rpg/pkg/pcg/dialogue.go:480.78,483.46 2 1
goldbox-rpg/pkg/pcg/dialogue.go:483.46,485.3 1 1
goldbox-rpg/pkg/pcg/dialogue.go:485.8,485.52 1 1
goldbox-rpg/pkg/pcg/dialogue.go:485.52,487.3 1 0
goldbox-rpg/pkg/pcg/dialogue.go:487.8,487.53 1 1
goldbox-rpg/pkg/pcg/dialogue.go:487.53,489.3 1 1
goldbox-rpg/pkg/pcg/dialogue.go:491.2,491.13 1 1
goldbox-rpg/pkg/pcg/dialogue.go:495.102,499.13 3 1
goldbox-rpg/pkg/pcg/dialogue.go:499.13,501.3 1 0
goldbox-rpg/pkg/pcg/dialogue.go:503.2,504.20 2 1
goldbox-rpg/pkg/pcg/dialogue.go:504.20,506.3 1 0
goldbox-rpg/pkg/pcg/dialogue.go:508.2,511.16 3 1
goldbox-rpg/pkg/pcg/dialogue.go:511.16,513.3 1 1
goldbox-rpg/pkg/pcg/dialogue.go:516.2,520.29 3 0
goldbox-rpg/pkg/pcg/dialogue.go:520.29,522.3 1 0
goldbox-rpg/pkg/pcg/dialogue.go:524.2,524.22 1 0
goldbox-rpg/pkg/pcg/dialogue.go:529.52,571.2 3 1
goldbox-rpg/pkg/pcg/dialogue.go:573.62,603.2 2 1
goldbox-rpg/pkg/pcg/dialogue.go:605.55,611.44 2 1
goldbox-rpg/pkg/pcg/dialogue.go:611.44,619.3 3 1
goldbox-rpg/pkg/pcg/dialogue.go:622.90,626.40 2 1
goldbox-rpg/pkg/pcg/dialogue.go:626.40,628.21 2 1
goldbox-rpg/pkg/pcg/dialogue.go:628.21,630.4 1 1
goldbox-rpg/pkg/pcg/dialogue.go:634.89,636.21 1 1
goldbox-rpg/pkg/pcg/dialogue.go:637.18,644.4 1 1
goldbox-rpg/pkg/pcg/dialogue.go:645.17,652.4 1 1
goldbox-rpg/pkg/pcg/dialogue.go:653.20,660.4 1 1
goldbox-rpg/pkg/pcg/dialogue.go:661.10,668.4 1 1
goldbox-rpg/pkg/pcg/dialogue.go:672.87,678.24 4 1
goldbox-rpg/pkg/pcg/dialogue.go:678.24,680.3 1 1
goldbox-rpg/pkg/pcg/dialogue.go:680.8,680.29 1 1
goldbox-rpg/pkg/pcg/dialogue.go:680.29,682.3 1 1
goldbox-rpg/pkg/pcg/dialogue.go:682.8,682.28 1 1
goldbox-rpg/pkg/pcg/dialogue.go:682.28,684.3 1 1
goldbox-rpg/pkg/pcg/dialogue.go:684.8,684.55 1 1
goldbox-rpg/pkg/pcg/dialogue.go:684.55,686.3 1 1
goldbox-rpg/pkg/pcg/dialogue.go:687.2,687.17 1 1
goldbox-rpg/pkg/pcg/dialogue.go:691.106,692.43 1 1
goldbox-rpg/pkg/pcg/dialogue.go:692.43,693.63 1 1
goldbox-rpg/pkg/pcg/dialogue.go:693.63,695.4 1 1
goldbox-rpg/pkg/pcg/dialogue.go:697.2,697.12 1 1
goldbox-rpg/pkg/pcg/dialogue.go:701.98,702.43 1 1
goldbox-rpg/pkg/pcg/dialogue.go:702.43,703.63 1 1
goldbox-rpg/pkg/pcg/dialogue.go:703.63,705.4 1 1
goldbox-rpg/pkg/pcg/dialogue.go:707.2,707.14 1 1
goldbox-rpg/pkg/pcg/dialogue.go:710.90,714.81 2 1
goldbox-rpg/pkg/pcg/dialogue.go:714.81,716.3 1 1
goldbox-rpg/pkg/pcg/dialogue.go:716.8,716.87 1 1
goldbox-rpg/pkg/pcg/dialogue.go:716.87,718.3 1 1
goldbox-rpg/pkg/pcg/dialogue.go:718.8,718.88 1 1
goldbox-rpg/pkg/pcg/dialogue.go:718.88,720.3 1 1
goldbox-rpg/pkg/pcg/dialogue.go:722.2,722.30 1 1
goldbox-rpg/pkg/pcg/dialogue.go:725.75,736.2 3 1
goldbox-rpg/pkg/pcg/dialogue.go:738.24,739.11 1 1
goldbox-rpg/pkg/pcg/dialogue.go:739.11,741.3 1 1
goldbox-rpg/pkg/pcg/dialogue.go:742.2,742.10 1 1
goldbox-rpg/pkg/pcg/dungeon.go:87.67,88.19 1 1
goldbox-rpg/pkg/pcg/dungeon.go:88.19,90.3 1 1
goldbox-rpg/pkg/pcg/dungeon.go:92.2,96.3 1 1
goldbox-rpg/pkg/pcg/dungeon.go:101.105,103.9 2 1
goldbox-rpg/pkg/pcg/dungeon.go:103.9,105.3 1 1
goldbox-rpg/pkg/pcg/dungeon.go:108.2,108.44 1 1
goldbox-rpg/pkg/pcg/dungeon.go:108.44,110.3 1 0
goldbox-rpg/pkg/pcg/dungeon.go:113.2,122.16 4 1
goldbox-rpg/pkg/pcg/dungeon.go:122.16,124.3 1 0
goldbox-rpg/pkg/pcg/dungeon.go:126.2,127.21 2 1
goldbox-rpg/pkg/pcg/dungeon.go:131.152,144.61 2 1
goldbox-rpg/pkg/pcg/dungeon.go:144.61,148.17 3 1
goldbox-rpg/pkg/pcg/dungeon.go:148.17,150.4 1 0
goldbox-rpg/pkg/pcg/dungeon.go:152.3,152.39 1 1
goldbox-rpg/pkg/pcg/dungeon.go:156.2,156.74 1 1
goldbox-rpg/pkg/pcg/dungeon.go:156.74,158.3 1 0
goldbox-rpg/pkg/pcg/dungeon.go:161.2,165.21 4 1
goldbox-rpg/pkg/pcg/dungeon.go:169.174,178.49 2 1
goldbox-rpg/pkg/pcg/dungeon.go:178.49,180.49 2 1
goldbox-rpg/pkg/pcg/dungeon.go:180.49,187.4 1 1
goldbox-rpg/pkg/pcg/dungeon.go:191.2,212.26 7 1
goldbox-rpg/pkg/pcg/dungeon.go:216.133,227.73 6 1
goldbox-rpg/pkg/pcg/dungeon.go:227.73,247.38 8 1
goldbox-rpg/pkg/pcg/dungeon.go:247.38,248.47 1 1
goldbox-rpg/pkg/pcg/dungeon.go:248.47,250.10 2 1
goldbox-rpg/pkg/pcg/dungeon.go:254.3,254.16 1 1
goldbox-rpg/pkg/pcg/dungeon.go:254.16,258.4 3 1
goldbox-rpg/pkg/pcg/dungeon.go:261.2,261.14 1 1
goldbox-rpg/pkg/pcg/dungeon.go:265.115,282.37 3 1
goldbox-rpg/pkg/pcg/dungeon.go:282.37,284.37 2 1
goldbox-rpg/pkg/pcg/dungeon.go:284.37,293.4 1 1
goldbox-rpg/pkg/pcg/dungeon.go:296.2,296.13 1 1
goldbox-rpg/pkg/pcg/dungeon.go:300.80,301.68 1 1
goldbox-rpg/pkg/pcg/dungeon.go:301.68,302.68 1 1
goldbox-rpg/pkg/pcg/dungeon.go:302.68,303.67 1 1
goldbox-rpg/pkg/pcg/dungeon.go:303.67,310.5 1 1
goldbox-rpg/pkg/pcg/dungeon.go:316.99,317.36 1 1
goldbox-rpg/pkg/pcg/dungeon.go:317.36,334.3 10 1
goldbox-rpg/pkg/pcg/dungeon.go:338.86,340.13 1 1
goldbox-rpg/pkg/pcg/dungeon.go:340.13,342.3 1 1
goldbox-rpg/pkg/pcg/dungeon.go:343.2,343.13 1 1
goldbox-rpg/pkg/pcg/dungeon.go:343.13,345.3 1 1
goldbox-rpg/pkg/pcg/dungeon.go:347.2,347.28 1 1
goldbox-rpg/pkg/pcg/dungeon.go:347.28,348.68 1 1
goldbox-rpg/pkg/pcg/dungeon.go:348.68,355.4 1 1
goldbox-rpg/pkg/pcg/dungeon.go:358.2,358.28 1 1
goldbox-rpg/pkg/pcg/dungeon.go:358.28,359.68 1 1
goldbox-rpg/pkg/pcg/dungeon.go:359.68,366.4 1 1
goldbox-rpg/pkg/pcg/dungeon.go:371.85,372.16 1 1
goldbox-rpg/pkg/pcg/dungeon.go:372.16,374.3 1 1
goldbox-rpg/pkg/pcg/dungeon.go:377.2,389.15 2 1
goldbox-rpg/pkg/pcg/dungeon.go:390.19,392.31 2 1
goldbox-rpg/pkg/pcg/dungeon.go:393.20,395.29 2 0
goldbox-rpg/pkg/pcg/dungeon.go:398.2,398.43 1 1
goldbox-rpg/pkg/pcg/dungeon.go:402.87,404.2 1 1
goldbox-rpg/pkg/pcg/dungeon.go:407.105,409.39 2 1
goldbox-rpg/pkg/pcg/dungeon.go:409.39,411.3 1 1
goldbox-rpg/pkg/pcg/dungeon.go:412.2,415.37 2 1
goldbox-rpg/pkg/pcg/dungeon.go:415.37,420.17 4 1
goldbox-rpg/pkg/pcg/dungeon.go:420.17,422.4 1 0
goldbox-rpg/pkg/pcg/dungeon.go:424.3,424.65 1 1
goldbox-rpg/pkg/pcg/dungeon.go:428.2,428.47 1 1
goldbox-rpg/pkg/pcg/dungeon.go:428.47,430.17 2 0
goldbox-rpg/pkg/pcg/dungeon.go:430.17,432.4 1 0
goldbox-rpg/pkg/pcg/dungeon.go:435.2,435.12 1 1
goldbox-rpg/pkg/pcg/dungeon.go:439.133,442.16 2 1
goldbox-rpg/pkg/pcg/dungeon.go:442.16,444.3 1 0
goldbox-rpg/pkg/pcg/dungeon.go:446.2,447.16 2 1
goldbox-rpg/pkg/pcg/dungeon.go:447.16,449.3 1 0
goldbox-rpg/pkg/pcg/dungeon.go:452.2,478.24 5 1
goldbox-rpg/pkg/pcg/dungeon.go:482.121,486.35 2 1
goldbox-rpg/pkg/pcg/dungeon.go:486.35,488.63 1 1
goldbox-rpg/pkg/pcg/dungeon.go:488.63,490.4 1 1
goldbox-rpg/pkg/pcg/dungeon.go:493.2,493.29 1 1
goldbox-rpg/pkg/pcg/dungeon.go:493.29,495.3 1 0
goldbox-rpg/pkg/pcg/dungeon.go:498.2,504.29 4 1
goldbox-rpg/pkg/pcg/dungeon.go:504.29,514.76 5 1
goldbox-rpg/pkg/pcg/dungeon.go:514.76,515.108 1 1
goldbox-rpg/pkg/pcg/dungeon.go:515.108,517.5 1 1
goldbox-rpg/pkg/pcg/dungeon.go:519.3,519.13 1 0
goldbox-rpg/pkg/pcg/dungeon.go:522.2,522.111 1 0
goldbox-rpg/pkg/pcg/dungeon.go:528.74,545.2 5 1
goldbox-rpg/pkg/pcg/dungeon.go:548.104,553.44 4 1
goldbox-rpg/pkg/pcg/dungeon.go:553.44,555.3 1 1
goldbox-rpg/pkg/pcg/dungeon.go:557.2,557.19 1 1
goldbox-rpg/pkg/pcg/dungeon.go:561.117,571.15 2 1
goldbox-rpg/pkg/pcg/dungeon.go:572.23,574.33 2 1
goldbox-rpg/pkg/pcg/dungeon.go:575.20,577.33 2 1
goldbox-rpg/pkg/pcg/dungeon.go:578.20,580.33 2 1
goldbox-rpg/pkg/pcg/dungeon.go:583.2,583.45 1 1
goldbox-rpg/pkg/pcg/dungeon.go:587.101,589.2 1 1
goldbox-rpg/pkg/pcg/dungeon.go:592.137,593.21 1 0
goldbox-rpg/pkg/pcg/dungeon.go:593.21,595.3 1 0
goldbox-rpg/pkg/pcg/dungeon.go:598.2,601.93 3 0
goldbox-rpg/pkg/pcg/dungeon.go:605.74,607.39 2 1
goldbox-rpg/pkg/pcg/dungeon.go:607.39,609.3 1 1
goldbox-rpg/pkg/pcg/dungeon.go:610.2,610.14 1 1
goldbox-rpg/pkg/pcg/dungeon.go:616.51,618.2 1 1
goldbox-rpg/pkg/pcg/dungeon.go:621.49,623.2 1 1
goldbox-rpg/pkg/pcg/dungeon.go:626.69,628.9 2 1
goldbox-rpg/pkg/pcg/dungeon.go:628.9,630.3 1 1
goldbox-rpg/pkg/pcg/dungeon.go:632.2,632.67 1 1
goldbox-rpg/pkg/pcg/dungeon.go:632.67,634.3 1 1
goldbox-rpg/pkg/pcg/dungeon.go:636.2,636.69 1 1
goldbox-rpg/pkg/pcg/dungeon.go:636.69,638.3 1 1
goldbox-rpg/pkg/pcg/dungeon.go:640.2,640.71 1 1
goldbox-rpg/pkg/pcg/dungeon.go:640.71,642.3 1 1
goldbox-rpg/pkg/pcg/dungeon.go:644.2,644.73 1 1
goldbox-rpg/pkg/pcg/dungeon.go:644.73,646.3 1 1
goldbox-rpg/pkg/pcg/dungeon.go:648.2,648.95 1 1
goldbox-rpg/pkg/pcg/dungeon.go:648.95,650.3 1 1
goldbox-rpg/pkg/pcg/dungeon.go:652.2,652.12 1 1
goldbox-rpg/pkg/pcg/events.go:103.120,104.19 1 1
goldbox-rpg/pkg/pcg/events.go:104.19,107.3 2 0
goldbox-rpg/pkg/pcg/events.go:109.2,109.24 1 1
goldbox-rpg/pkg/pcg/events.go:109.24,111.3 1 0
goldbox-rpg/pkg/pcg/events.go:113.2,124.16 3 1
goldbox-rpg/pkg/pcg/events.go:128.64,150.2 12 1
goldbox-rpg/pkg/pcg/events.go:153.81,157.2 3 1
goldbox-rpg/pkg/pcg/events.go:160.75,164.2 3 1
goldbox-rpg/pkg/pcg/events.go:167.65,169.21 2 1
goldbox-rpg/pkg/pcg/events.go:169.21,172.3 2 1
goldbox-rpg/pkg/pcg/events.go:173.2,177.50 4 1
goldbox-rpg/pkg/pcg/events.go:181.45,183.22 2 1
goldbox-rpg/pkg/pcg/events.go:183.22,186.3 2 1
goldbox-rpg/pkg/pcg/events.go:187.2,190.9 3 1
goldbox-rpg/pkg/pcg/events.go:191.33,191.33 0 0
goldbox-rpg/pkg/pcg/events.go:192.10,192.10 0 1
goldbox-rpg/pkg/pcg/events.go:195.2,195.50 1 1
goldbox-rpg/pkg/pcg/events.go:199.52,219.2 7 1
goldbox-rpg/pkg/pcg/events.go:222.147,239.2 3 1
goldbox-rpg/pkg/pcg/events.go:242.80,257.2 3 1
goldbox-rpg/pkg/pcg/events.go:260.73,275.2 3 1
goldbox-rpg/pkg/pcg/events.go:278.73,280.9 2 1
goldbox-rpg/pkg/pcg/events.go:280.9,283.3 2 0
goldbox-rpg/pkg/pcg/events.go:285.2,293.80 2 1
goldbox-rpg/pkg/pcg/events.go:293.80,295.3 1 1
goldbox-rpg/pkg/pcg/events.go:298.74,300.9 2 1
goldbox-rpg/pkg/pcg/events.go:300.9,303.3 2 0
goldbox-rpg/pkg/pcg/events.go:305.2,312.50 2 1
goldbox-rpg/pkg/pcg/events.go:312.50,314.3 1 1
goldbox-rpg/pkg/pcg/events.go:317.71,319.9 2 1
goldbox-rpg/pkg/pcg/events.go:319.9,322.3 2 0
goldbox-rpg/pkg/pcg/events.go:324.2,331.50 2 1
goldbox-rpg/pkg/pcg/events.go:331.50,333.3 1 1
goldbox-rpg/pkg/pcg/events.go:336.77,340.9 3 0
goldbox-rpg/pkg/pcg/events.go:340.9,343.3 2 0
goldbox-rpg/pkg/pcg/events.go:345.2,345.48 1 0
goldbox-rpg/pkg/pcg/events.go:348.71,353.9 3 0
goldbox-rpg/pkg/pcg/events.go:353.9,356.3 2 0
goldbox-rpg/pkg/pcg/events.go:358.2,358.57 1 0
goldbox-rpg/pkg/pcg/events.go:361.69,366.9 3 0
goldbox-rpg/pkg/pcg/events.go:366.9,369.3 2 0
goldbox-rpg/pkg/pcg/events.go:371.2,371.36 1 0
goldbox-rpg/pkg/pcg/events.go:375.64,379.6 3 1
goldbox-rpg/pkg/pcg/events.go:379.6,380.10 1 1
goldbox-rpg/pkg/pcg/events.go:381.21,382.10 1 1
goldbox-rpg/pkg/pcg/events.go:383.28,384.10 1 0
goldbox-rpg/pkg/pcg/events.go:385.19,386.28 1 0
goldbox-rpg/pkg/pcg/events.go:391.50,392.26 1 1
goldbox-rpg/pkg/pcg/events.go:392.26,394.3 1 0
goldbox-rpg/pkg/pcg/events.go:397.2,398.19 2 1
goldbox-rpg/pkg/pcg/events.go:398.19,401.3 2 0
goldbox-rpg/pkg/pcg/events.go:404.2,408.16 4 1
goldbox-rpg/pkg/pcg/events.go:411.77,415.54 2 1
goldbox-rpg/pkg/pcg/events.go:415.54,418.3 2 1
goldbox-rpg/pkg/pcg/events.go:421.2,421.105 1 1
goldbox-rpg/pkg/pcg/events.go:421.105,423.3 1 0
goldbox-rpg/pkg/pcg/events.go:425.2,425.97 1 1
goldbox-rpg/pkg/pcg/events.go:425.97,427.3 1 0
goldbox-rpg/pkg/pcg/events.go:429.2,429.105 1 1
goldbox-rpg/pkg/pcg/events.go:429.105,431.3 1 0
goldbox-rpg/pkg/pcg/events.go:433.2,433.103 1 1
goldbox-rpg/pkg/pcg/events.go:433.103,435.3 1 0
goldbox-rpg/pkg/pcg/events.go:437.2,437.101 1 1
goldbox-rpg/pkg/pcg/events.go:437.101,439.3 1 0
goldbox-rpg/pkg/pcg/events.go:442.92,446.49 4 1
goldbox-rpg/pkg/pcg/events.go:446.49,449.3 2 1
goldbox-rpg/pkg/pcg/events.go:451.2,463.52 3 1
goldbox-rpg/pkg/pcg/events.go:466.89,473.2 2 0
goldbox-rpg/pkg/pcg/events.go:475.85,482.2 2 0
goldbox-rpg/pkg/pcg/events.go:484.89,491.2 2 0
goldbox-rpg/pkg/pcg/events.go:493.88,500.2 2 0
goldbox-rpg/pkg/pcg/events.go:502.87,509.2 2 0
goldbox-rpg/pkg/pcg/events.go:512.89,528.13 5 1
goldbox-rpg/pkg/pcg/events.go:528.13,535.3 5 1
goldbox-rpg/pkg/pcg/events.go:535.8,537.3 1 0
goldbox-rpg/pkg/pcg/events.go:540.86,545.2 2 1
goldbox-rpg/pkg/pcg/events.go:547.82,552.2 2 1
goldbox-rpg/pkg/pcg/events.go:554.86,559.2 2 0
goldbox-rpg/pkg/pcg/events.go:561.85,566.2 2 0
goldbox-rpg/pkg/pcg/events.go:568.84,573.2 2 1
goldbox-rpg/pkg/pcg/events.go:575.85,579.2 2 1
goldbox-rpg/pkg/pcg/events.go:581.76,583.29 1 1
goldbox-rpg/pkg/pcg/events.go:583.29,590.3 2 1
goldbox-rpg/pkg/pcg/events.go:590.8,590.36 1 1
goldbox-rpg/pkg/pcg/events.go:590.36,597.3 2 1
goldbox-rpg/pkg/pcg/events.go:599.2,599.28 1 1
goldbox-rpg/pkg/pcg/events.go:599.28,606.3 2 1
goldbox-rpg/pkg/pcg/events.go:609.115,621.2 3 0
goldbox-rpg/pkg/pcg/events.go:623.83,627.86 2 1
goldbox-rpg/pkg/pcg/events.go:627.86,633.3 2 1
goldbox-rpg/pkg/pcg/events.go:635.2,635.81 1 1
goldbox-rpg/pkg/pcg/events.go:635.81,641.3 2 1
goldbox-rpg/pkg/pcg/events.go:645.84,650.2 2 1
goldbox-rpg/pkg/pcg/events.go:652.121,662.13 3 1
goldbox-rpg/pkg/pcg/events.go:662.13,664.3 1 1
goldbox-rpg/pkg/pcg/events.go:665.2,666.16 2 1
goldbox-rpg/pkg/pcg/events.go:670.70,677.2 5 1
goldbox-rpg/pkg/pcg/events.go:680.53,684.2 3 1
goldbox-rpg/pkg/pcg/events.go:687.51,691.2 3 1
goldbox-rpg/pkg/pcg/events.go:694.48,698.2 3 1
goldbox-rpg/pkg/pcg/faction.go:24.67,25.19 1 1
goldbox-rpg/pkg/pcg/faction.go:25.19,27.3 1 1
goldbox-rpg/pkg/pcg/faction.go:29.2,33.3 1 1
goldbox-rpg/pkg/pcg/faction.go:38.105,39.44 1 1
goldbox-rpg/pkg/pcg/faction.go:39.44,41.3 1 0
goldbox-rpg/pkg/pcg/faction.go:44.2,48.9 4 1
goldbox-rpg/pkg/pcg/faction.go:48.9,60.3 1 1
goldbox-rpg/pkg/pcg/faction.go:60.8,62.34 1 1
goldbox-rpg/pkg/pcg/faction.go:62.34,64.4 1 1
goldbox-rpg/pkg/pcg/faction.go:65.3,65.34 1 1
goldbox-rpg/pkg/pcg/faction.go:65.34,67.4 1 1
goldbox-rpg/pkg/pcg/faction.go:68.3,68.38 1 1
goldbox-rpg/pkg/pcg/faction.go:68.38,70.4 1 0
goldbox-rpg/pkg/pcg/faction.go:73.2,83.16 4 1
goldbox-rpg/pkg/pcg/faction.go:83.16,85.3 1 0
goldbox-rpg/pkg/pcg/faction.go:87.2,94.27 3 1
goldbox-rpg/pkg/pcg/faction.go:98.51,100.2 1 1
goldbox-rpg/pkg/pcg/faction.go:103.49,105.2 1 1
goldbox-rpg/pkg/pcg/faction.go:108.69,109.22 1 1
goldbox-rpg/pkg/pcg/faction.go:109.22,111.3 1 1
goldbox-rpg/pkg/pcg/faction.go:113.2,113.53 1 1
goldbox-rpg/pkg/pcg/faction.go:113.53,115.3 1 1
goldbox-rpg/pkg/pcg/faction.go:118.2,118.80 1 1
goldbox-rpg/pkg/pcg/faction.go:118.80,119.66 1 1
goldbox-rpg/pkg/pcg/faction.go:119.66,120.73 1 1
goldbox-rpg/pkg/pcg/faction.go:120.73,122.5 1 1
goldbox-rpg/pkg/pcg/faction.go:124.4,124.78 1 1
goldbox-rpg/pkg/pcg/faction.go:124.78,126.5 1 1
goldbox-rpg/pkg/pcg/faction.go:130.2,130.12 1 1
goldbox-rpg/pkg/pcg/faction.go:134.127,148.43 2 1
goldbox-rpg/pkg/pcg/faction.go:148.43,150.17 2 1
goldbox-rpg/pkg/pcg/faction.go:150.17,152.4 1 0
goldbox-rpg/pkg/pcg/faction.go:153.3,153.53 1 1
goldbox-rpg/pkg/pcg/faction.go:157.2,157.70 1 1
goldbox-rpg/pkg/pcg/faction.go:157.70,159.3 1 0
goldbox-rpg/pkg/pcg/faction.go:162.2,162.68 1 1
goldbox-rpg/pkg/pcg/faction.go:162.68,164.3 1 0
goldbox-rpg/pkg/pcg/faction.go:167.2,167.67 1 1
goldbox-rpg/pkg/pcg/faction.go:167.67,169.3 1 0
goldbox-rpg/pkg/pcg/faction.go:172.2,172.66 1 1
goldbox-rpg/pkg/pcg/faction.go:172.66,174.3 1 0
goldbox-rpg/pkg/pcg/faction.go:177.2,182.20 5 1
goldbox-rpg/pkg/pcg/faction.go:186.117,218.2 5 1
goldbox-rpg/pkg/pcg/faction.go:221.132,224.37 2 1
goldbox-rpg/pkg/pcg/faction.go:224.37,225.42 1 1
goldbox-rpg/pkg/pcg/faction.go:225.42,228.4 2 1
goldbox-rpg/pkg/pcg/faction.go:232.2,234.12 2 1
goldbox-rpg/pkg/pcg/faction.go:238.122,261.2 5 1
goldbox-rpg/pkg/pcg/faction.go:265.57,270.28 4 1
goldbox-rpg/pkg/pcg/faction.go:270.28,274.3 1 1
goldbox-rpg/pkg/pcg/faction.go:276.2,279.40 1 1
goldbox-rpg/pkg/pcg/faction.go:282.58,292.2 7 1
goldbox-rpg/pkg/pcg/faction.go:294.61,301.2 2 1
goldbox-rpg/pkg/pcg/faction.go:303.67,309.2 2 1
goldbox-rpg/pkg/pcg/faction.go:311.55,318.2 2 1
goldbox-rpg/pkg/pcg/faction.go:320.61,333.29 5 1
goldbox-rpg/pkg/pcg/faction.go:333.29,335.23 2 1
goldbox-rpg/pkg/pcg/faction.go:335.23,338.4 2 1
goldbox-rpg/pkg/pcg/faction.go:341.2,341.14 1 1
goldbox-rpg/pkg/pcg/faction.go:344.74,354.38 5 1
goldbox-rpg/pkg/pcg/faction.go:354.38,356.23 2 1
goldbox-rpg/pkg/pcg/faction.go:356.23,359.4 2 1
goldbox-rpg/pkg/pcg/faction.go:362.2,362.19 1 1
goldbox-rpg/pkg/pcg/faction.go:365.67,372.35 5 1
goldbox-rpg/pkg/pcg/faction.go:372.35,385.3 2 1
goldbox-rpg/pkg/pcg/faction.go:387.2,387.16 1 1
goldbox-rpg/pkg/pcg/faction.go:390.57,397.2 3 1
goldbox-rpg/pkg/pcg/faction.go:400.62,402.2 1 1
goldbox-rpg/pkg/pcg/faction.go:406.72,408.22 1 1
goldbox-rpg/pkg/pcg/faction.go:409.27,411.24 2 1
goldbox-rpg/pkg/pcg/faction.go:412.27,414.22 2 1
goldbox-rpg/pkg/pcg/faction.go:415.28,417.25 2 1
goldbox-rpg/pkg/pcg/faction.go:418.26,420.66 2 1
goldbox-rpg/pkg/pcg/faction.go:424.93,426.32 1 1
goldbox-rpg/pkg/pcg/faction.go:426.32,428.3 1 0
goldbox-rpg/pkg/pcg/faction.go:429.2,429.32 1 1
goldbox-rpg/pkg/pcg/faction.go:429.32,431.3 1 1
goldbox-rpg/pkg/pcg/faction.go:434.88,439.48 2 1
goldbox-rpg/pkg/pcg/faction.go:439.48,441.3 1 1
goldbox-rpg/pkg/pcg/faction.go:444.2,444.44 1 1
goldbox-rpg/pkg/pcg/faction.go:444.44,446.3 1 1
goldbox-rpg/pkg/pcg/faction.go:449.2,449.82 1 1
goldbox-rpg/pkg/pcg/faction.go:449.82,451.3 1 1
goldbox-rpg/pkg/pcg/faction.go:454.2,454.82 1 1
goldbox-rpg/pkg/pcg/faction.go:454.82,456.3 1 0
goldbox-rpg/pkg/pcg/faction.go:459.2,459.82 1 1
goldbox-rpg/pkg/pcg/faction.go:459.82,461.3 1 0
goldbox-rpg/pkg/pcg/faction.go:463.2,463.17 1 1
goldbox-rpg/pkg/pcg/faction.go:466.93,467.20 1 1
goldbox-rpg/pkg/pcg/faction.go:467.20,469.3 1 1
goldbox-rpg/pkg/pcg/faction.go:469.8,469.27 1 1
goldbox-rpg/pkg/pcg/faction.go:469.27,471.3 1 1
goldbox-rpg/pkg/pcg/faction.go:471.8,471.28 1 1
goldbox-rpg/pkg/pcg/faction.go:471.28,473.3 1 1
goldbox-rpg/pkg/pcg/faction.go:473.8,473.28 1 1
goldbox-rpg/pkg/pcg/faction.go:473.28,475.3 1 1
goldbox-rpg/pkg/pcg/faction.go:475.8,475.28 1 1
goldbox-rpg/pkg/pcg/faction.go:475.28,477.3 1 1
goldbox-rpg/pkg/pcg/faction.go:478.2,478.26 1 1
goldbox-rpg/pkg/pcg/faction.go:481.103,485.82 2 1
goldbox-rpg/pkg/pcg/faction.go:485.82,487.3 1 1
goldbox-rpg/pkg/pcg/faction.go:490.2,490.82 1 1
goldbox-rpg/pkg/pcg/faction.go:490.82,492.3 1 0
goldbox-rpg/pkg/pcg/faction.go:494.2,494.38 1 1
goldbox-rpg/pkg/pcg/faction.go:497.88,505.2 3 1
goldbox-rpg/pkg/pcg/faction.go:507.68,517.34 4 1
goldbox-rpg/pkg/pcg/faction.go:517.34,520.3 2 1
goldbox-rpg/pkg/pcg/faction.go:522.2,522.16 1 1
goldbox-rpg/pkg/pcg/faction.go:525.88,527.36 1 1
goldbox-rpg/pkg/pcg/faction.go:527.36,529.29 1 1
goldbox-rpg/pkg/pcg/faction.go:529.29,533.4 2 1
goldbox-rpg/pkg/pcg/faction.go:538.130,541.42 1 1
goldbox-rpg/pkg/pcg/faction.go:541.42,543.39 2 1
goldbox-rpg/pkg/pcg/faction.go:543.39,558.4 2 1
goldbox-rpg/pkg/pcg/faction.go:560.2,560.12 1 1
goldbox-rpg/pkg/pcg/faction.go:563.129,565.43 1 1
goldbox-rpg/pkg/pcg/faction.go:565.43,566.70 1 1
goldbox-rpg/pkg/pcg/faction.go:566.70,583.4 2 1
goldbox-rpg/pkg/pcg/faction.go:585.2,585.12 1 1
goldbox-rpg/pkg/pcg/faction.go:588.128,590.43 1 1
goldbox-rpg/pkg/pcg/faction.go:590.43,591.69 1 1
goldbox-rpg/pkg/pcg/faction.go:591.69,606.4 2 0
goldbox-rpg/pkg/pcg/faction.go:608.2,608.12 1 1
goldbox-rpg/pkg/pcg/faction.go:613.65,619.2 2 1
goldbox-rpg/pkg/pcg/faction.go:621.64,627.2 2 1
goldbox-rpg/pkg/pcg/faction.go:629.63,635.2 2 0
goldbox-rpg/pkg/pcg/faction.go:637.59,644.2 2 0
goldbox-rpg/pkg/pcg/faction.go:646.60,653.2 2 0
goldbox-rpg/pkg/pcg/manager.go:28.74,29.19 1 1
goldbox-rpg/pkg/pcg/manager.go:29.19,31.3 1 0
goldbox-rpg/pkg/pcg/manager.go:33.2,49.3 7 1
goldbox-rpg/pkg/pcg/manager.go:53.55,56.2 2 1
goldbox-rpg/pkg/pcg/manager.go:59.58,64.84 3 0
goldbox-rpg/pkg/pcg/manager.go:64.84,66.3 1 0
goldbox-rpg/pkg/pcg/manager.go:69.2,70.86 2 0
goldbox-rpg/pkg/pcg/manager.go:70.86,72.3 1 0
goldbox-rpg/pkg/pcg/manager.go:75.2,76.82 2 0
goldbox-rpg/pkg/pcg/manager.go:76.82,78.3 1 0
goldbox-rpg/pkg/pcg/manager.go:81.2,82.85 2 0
goldbox-rpg/pkg/pcg/manager.go:82.85,84.3 1 0
goldbox-rpg/pkg/pcg/manager.go:90.2,90.12 1 0
goldbox-rpg/pkg/pcg/manager.go:94.160,124.16 9 0
goldbox-rpg/pkg/pcg/manager.go:124.16,126.3 1 0
goldbox-rpg/pkg/pcg/manager.go:126.8,128.3 1 0
goldbox-rpg/pkg/pcg/manager.go:130.2,136.21 2 0
goldbox-rpg/pkg/pcg/manager.go:140.176,168.16 7 0
goldbox-rpg/pkg/pcg/manager.go:168.16,170.3 1 0
goldbox-rpg/pkg/pcg/manager.go:170.8,172.3 1 0
goldbox-rpg/pkg/pcg/manager.go:174.2,181.19 2 0
goldbox-rpg/pkg/pcg/manager.go:185.161,205.2 2 0
goldbox-rpg/pkg/pcg/manager.go:208.140,226.2 2 0
goldbox-rpg/pkg/pcg/manager.go:229.97,230.29 1 0
goldbox-rpg/pkg/pcg/manager.go:231.21,232.47 1 0
goldbox-rpg/pkg/pcg/manager.go:233.18,234.44 1 0
goldbox-rpg/pkg/pcg/manager.go:235.19,236.45 1 0
goldbox-rpg/pkg/pcg/manager.go:237.19,238.45 1 0
goldbox-rpg/pkg/pcg/manager.go:239.10,240.81 1 0
goldbox-rpg/pkg/pcg/manager.go:245.96,248.16 2 0
goldbox-rpg/pkg/pcg/manager.go:248.16,250.3 1 0
goldbox-rpg/pkg/pcg/manager.go:252.2,252.33 1 0
goldbox-rpg/pkg/pcg/manager.go:252.33,254.3 1 0
goldbox-rpg/pkg/pcg/manager.go:257.2,257.36 1 0
goldbox-rpg/pkg/pcg/manager.go:257.36,262.3 1 0
goldbox-rpg/pkg/pcg/manager.go:265.2,265.29 1 0
goldbox-rpg/pkg/pcg/manager.go:266.19,267.52 1 0
goldbox-rpg/pkg/pcg/manager.go:268.18,269.51 1 0
goldbox-rpg/pkg/pcg/manager.go:270.20,271.26 1 0
goldbox-rpg/pkg/pcg/manager.go:271.26,272.71 1 0
goldbox-rpg/pkg/pcg/manager.go:272.71,274.5 1 0
goldbox-rpg/pkg/pcg/manager.go:276.3,276.13 1 0
goldbox-rpg/pkg/pcg/manager.go:277.10,278.77 1 0
goldbox-rpg/pkg/pcg/manager.go:283.139,293.21 4 0
goldbox-rpg/pkg/pcg/manager.go:294.26,295.88 1 0
goldbox-rpg/pkg/pcg/manager.go:296.24,297.97 1 0
goldbox-rpg/pkg/pcg/manager.go:298.25,299.84 1 0
goldbox-rpg/pkg/pcg/manager.go:300.25,301.80 1 0
goldbox-rpg/pkg/pcg/manager.go:302.10,303.87 1 0
goldbox-rpg/pkg/pcg/manager.go:308.73,321.2 5 0
goldbox-rpg/pkg/pcg/manager.go:324.48,326.2 1 0
goldbox-rpg/pkg/pcg/manager.go:329.56,331.2 1 0
goldbox-rpg/pkg/pcg/manager.go:334.67,336.2 1 0
goldbox-rpg/pkg/pcg/manager.go:339.63,341.2 1 1
goldbox-rpg/pkg/pcg/manager.go:344.70,346.2 1 0
goldbox-rpg/pkg/pcg/manager.go:349.108,351.2 1 0
goldbox-rpg/pkg/pcg/manager.go:354.57,356.2 1 0
goldbox-rpg/pkg/pcg/manager.go:359.39,362.2 2 0
goldbox-rpg/pkg/pcg/manager.go:365.46,368.2 2 0
goldbox-rpg/pkg/pcg/manager.go:372.92,385.2 3 0
goldbox-rpg/pkg/pcg/manager.go:387.89,389.30 1 0
goldbox-rpg/pkg/pcg/manager.go:389.30,391.3 1 0
goldbox-rpg/pkg/pcg/manager.go:393.2,396.35 2 0
goldbox-rpg/pkg/pcg/manager.go:396.35,397.61 1 0
goldbox-rpg/pkg/pcg/manager.go:397.61,402.4 1 0
goldbox-rpg/pkg/pcg/manager.go:405.2,412.12 2 0
goldbox-rpg/pkg/pcg/manager.go:417.75,427.2 1 0
goldbox-rpg/pkg/pcg/manager.go:429.67,432.2 1 0
goldbox-rpg/pkg/pcg/manager.go:434.51,435.22 1 0
goldbox-rpg/pkg/pcg/manager.go:435.22,437.3 1 0
goldbox-rpg/pkg/pcg/manager.go:440.2,440.33 1 0
goldbox-rpg/pkg/pcg/manager.go:440.33,442.3 1 0
goldbox-rpg/pkg/pcg/manager.go:444.2,447.43 3 0
goldbox-rpg/pkg/pcg/manager.go:447.43,449.33 1 0
goldbox-rpg/pkg/pcg/manager.go:449.33,452.4 2 0
goldbox-rpg/pkg/pcg/manager.go:455.2,455.16 1 0
goldbox-rpg/pkg/pcg/manager.go:455.16,457.3 1 0
goldbox-rpg/pkg/pcg/manager.go:459.2,459.27 1 0
goldbox-rpg/pkg/pcg/manager.go:463.115,466.16 2 0
goldbox-rpg/pkg/pcg/manager.go:466.16,468.3 1 0
goldbox-rpg/pkg/pcg/manager.go:470.2,470.21 1 0
goldbox-rpg/pkg/pcg/manager.go:471.16,473.58 2 0
goldbox-rpg/pkg/pcg/manager.go:473.58,475.4 1 0
goldbox-rpg/pkg/pcg/manager.go:476.3,476.21 1 0
goldbox-rpg/pkg/pcg/manager.go:477.15,479.57 2 0
goldbox-rpg/pkg/pcg/manager.go:479.57,481.4 1 0
goldbox-rpg/pkg/pcg/manager.go:482.3,482.20 1 0
goldbox-rpg/pkg/pcg/manager.go:483.16,485.58 2 0
goldbox-rpg/pkg/pcg/manager.go:485.58,487.4 1 0
goldbox-rpg/pkg/pcg/manager.go:488.3,488.21 1 0
goldbox-rpg/pkg/pcg/manager.go:489.14,491.60 2 0
goldbox-rpg/pkg/pcg/manager.go:491.60,493.4 1 0
goldbox-rpg/pkg/pcg/manager.go:494.3,494.23 1 0
goldbox-rpg/pkg/pcg/manager.go:495.10,496.85 1 0
goldbox-rpg/pkg/pcg/manager.go:501.125,503.60 1 0
goldbox-rpg/pkg/pcg/manager.go:503.60,505.17 2 0
goldbox-rpg/pkg/pcg/manager.go:505.17,507.4 1 0
goldbox-rpg/pkg/pcg/manager.go:508.3,508.29 1 0
goldbox-rpg/pkg/pcg/manager.go:511.2,511.46 1 0
goldbox-rpg/pkg/pcg/metrics.go:168.56,181.2 1 1
goldbox-rpg/pkg/pcg/metrics.go:184.42,192.2 1 1
goldbox-rpg/pkg/pcg/metrics.go:195.50,205.2 1 1
goldbox-rpg/pkg/pcg/metrics.go:208.48,219.2 1 1
goldbox-rpg/pkg/pcg/metrics.go:222.46,234.2 1 1
goldbox-rpg/pkg/pcg/metrics.go:237.55,254.2 1 1
goldbox-rpg/pkg/pcg/metrics.go:257.48,263.2 1 1
goldbox-rpg/pkg/pcg/metrics.go:266.96,274.63 5 1
goldbox-rpg/pkg/pcg/metrics.go:274.63,277.3 2 1
goldbox-rpg/pkg/pcg/metrics.go:277.8,279.3 1 1
goldbox-rpg/pkg/pcg/metrics.go:283.67,288.2 3 1
goldbox-rpg/pkg/pcg/metrics.go:291.47,296.2 3 1
goldbox-rpg/pkg/pcg/metrics.go:299.48,304.2 3 1
goldbox-rpg/pkg/pcg/metrics.go:307.64,319.2 3 1
goldbox-rpg/pkg/pcg/metrics.go:322.80,327.2 3 1
goldbox-rpg/pkg/pcg/metrics.go:330.86,335.2 3 1
goldbox-rpg/pkg/pcg/metrics.go:338.75,343.2 3 1
goldbox-rpg/pkg/pcg/metrics.go:346.57,351.16 4 1
goldbox-rpg/pkg/pcg/metrics.go:351.16,353.3 1 1
goldbox-rpg/pkg/pcg/metrics.go:355.2,355.55 1 1
goldbox-rpg/pkg/pcg/metrics.go:359.38,369.2 8 1
goldbox-rpg/pkg/pcg/metrics.go:374.140,379.16 3 1
goldbox-rpg/pkg/pcg/metrics.go:379.16,382.3 2 1
goldbox-rpg/pkg/pcg/metrics.go:382.8,389.3 4 1
goldbox-rpg/pkg/pcg/metrics.go:393.81,399.2 4 1
goldbox-rpg/pkg/pcg/metrics.go:402.119,407.2 3 1
goldbox-rpg/pkg/pcg/metrics.go:410.128,415.2 3 0
goldbox-rpg/pkg/pcg/metrics.go:418.74,474.2 24 1
goldbox-rpg/pkg/pcg/metrics.go:477.68,481.2 3 1
goldbox-rpg/pkg/pcg/metrics.go:484.78,486.2 1 0
goldbox-rpg/pkg/pcg/metrics.go:489.77,491.2 1 0
goldbox-rpg/pkg/pcg/metrics.go:494.71,496.2 1 0
goldbox-rpg/pkg/pcg/metrics.go:499.71,506.78 3 1
goldbox-rpg/pkg/pcg/metrics.go:506.78,508.75 2 1
goldbox-rpg/pkg/pcg/metrics.go:508.75,509.38 1 1
goldbox-rpg/pkg/pcg/metrics.go:509.38,511.5 1 0
goldbox-rpg/pkg/pcg/metrics.go:513.3,514.53 2 1
goldbox-rpg/pkg/pcg/metrics.go:514.53,516.4 1 0
goldbox-rpg/pkg/pcg/metrics.go:520.2,520.84 1 1
goldbox-rpg/pkg/pcg/metrics.go:520.84,521.37 1 1
goldbox-rpg/pkg/pcg/metrics.go:521.37,522.56 1 1
goldbox-rpg/pkg/pcg/metrics.go:522.56,524.5 1 0
goldbox-rpg/pkg/pcg/metrics.go:529.2,530.23 2 1
goldbox-rpg/pkg/pcg/metrics.go:530.23,532.3 1 0
goldbox-rpg/pkg/pcg/metrics.go:534.2,534.44 1 1
goldbox-rpg/pkg/pcg/metrics.go:538.67,542.51 3 1
goldbox-rpg/pkg/pcg/metrics.go:542.51,544.3 1 1
goldbox-rpg/pkg/pcg/metrics.go:546.2,549.60 3 1
goldbox-rpg/pkg/pcg/metrics.go:549.60,552.3 2 1
goldbox-rpg/pkg/pcg/metrics.go:554.2,554.16 1 1
goldbox-rpg/pkg/pcg/metrics.go:554.16,556.3 1 0
goldbox-rpg/pkg/pcg/metrics.go:558.2,558.36 1 1
goldbox-rpg/pkg/pcg/metrics.go:562.71,580.2 5 1
goldbox-rpg/pkg/pcg/metrics.go:583.70,587.53 3 1
goldbox-rpg/pkg/pcg/metrics.go:587.53,589.3 1 1
goldbox-rpg/pkg/pcg/metrics.go:591.2,595.61 4 1
goldbox-rpg/pkg/pcg/metrics.go:595.61,598.3 2 1
goldbox-rpg/pkg/pcg/metrics.go:600.2,601.65 2 1
goldbox-rpg/pkg/pcg/metrics.go:601.65,604.3 2 1
goldbox-rpg/pkg/pcg/metrics.go:606.2,606.16 1 1
goldbox-rpg/pkg/pcg/metrics.go:606.16,608.3 1 0
goldbox-rpg/pkg/pcg/metrics.go:610.2,612.27 3 1
goldbox-rpg/pkg/pcg/metrics.go:612.27,614.3 1 1
goldbox-rpg/pkg/pcg/metrics.go:617.2,617.52 1 1
goldbox-rpg/pkg/pcg/metrics.go:621.69,631.55 6 1
goldbox-rpg/pkg/pcg/metrics.go:631.55,634.3 2 0
goldbox-rpg/pkg/pcg/metrics.go:636.2,636.15 1 1
goldbox-rpg/pkg/pcg/metrics.go:636.15,638.56 2 0
goldbox-rpg/pkg/pcg/metrics.go:638.56,640.4 1 0
goldbox-rpg/pkg/pcg/metrics.go:644.2,646.58 3 1
goldbox-rpg/pkg/pcg/metrics.go:646.58,647.34 1 0
goldbox-rpg/pkg/pcg/metrics.go:647.34,649.4 1 0
goldbox-rpg/pkg/pcg/metrics.go:652.2,652.30 1 1
goldbox-rpg/pkg/pcg/metrics.go:652.30,654.3 1 0
goldbox-rpg/pkg/pcg/metrics.go:656.2,656.44 1 1
goldbox-rpg/pkg/pcg/metrics.go:660.79,661.18 1 1
goldbox-rpg/pkg/pcg/metrics.go:661.18,663.3 1 1
goldbox-rpg/pkg/pcg/metrics.go:663.8,663.25 1 1
goldbox-rpg/pkg/pcg/metrics.go:663.25,665.3 1 1
goldbox-rpg/pkg/pcg/metrics.go:665.8,665.25 1 1
goldbox-rpg/pkg/pcg/metrics.go:665.25,667.3 1 1
goldbox-rpg/pkg/pcg/metrics.go:667.8,667.25 1 1
goldbox-rpg/pkg/pcg/metrics.go:667.25,669.3 1 1
goldbox-rpg/pkg/pcg/metrics.go:669.8,671.3 1 1
goldbox-rpg/pkg/pcg/metrics.go:675.78,695.2 8 1
goldbox-rpg/pkg/pcg/metrics.go:698.95,701.33 2 1
goldbox-rpg/pkg/pcg/metrics.go:701.33,703.3 1 0
goldbox-rpg/pkg/pcg/metrics.go:705.2,705.29 1 1
goldbox-rpg/pkg/pcg/metrics.go:705.29,707.3 1 1
goldbox-rpg/pkg/pcg/metrics.go:709.2,709.33 1 1
goldbox-rpg/pkg/pcg/metrics.go:709.33,711.3 1 0
goldbox-rpg/pkg/pcg/metrics.go:713.2,713.32 1 1
goldbox-rpg/pkg/pcg/metrics.go:713.32,715.3 1 0
goldbox-rpg/pkg/pcg/metrics.go:717.2,717.31 1 1
goldbox-rpg/pkg/pcg/metrics.go:717.31,719.3 1 0
goldbox-rpg/pkg/pcg/metrics.go:721.2,721.24 1 1
goldbox-rpg/pkg/pcg/metrics.go:725.122,728.33 2 1
goldbox-rpg/pkg/pcg/metrics.go:728.33,730.3 1 0
goldbox-rpg/pkg/pcg/metrics.go:732.2,732.31 1 1
goldbox-rpg/pkg/pcg/metrics.go:732.31,734.3 1 0
goldbox-rpg/pkg/pcg/metrics.go:736.2,736.34 1 1
goldbox-rpg/pkg/pcg/metrics.go:736.34,738.3 1 0
goldbox-rpg/pkg/pcg/metrics.go:740.2,740.15 1 1
goldbox-rpg/pkg/pcg/metrics.go:744.72,757.2 3 1
goldbox-rpg/pkg/pcg/metrics.go:760.77,770.2 7 1
goldbox-rpg/pkg/pcg/metrics.go:775.88,782.42 4 1
goldbox-rpg/pkg/pcg/metrics.go:782.42,784.3 1 1
goldbox-rpg/pkg/pcg/metrics.go:786.2,791.35 3 1
goldbox-rpg/pkg/pcg/metrics.go:795.75,800.2 3 1
goldbox-rpg/pkg/pcg/metrics.go:803.74,805.21 2 1
goldbox-rpg/pkg/pcg/metrics.go:805.21,808.3 2 1
goldbox-rpg/pkg/pcg/metrics.go:811.2,812.30 2 1
goldbox-rpg/pkg/pcg/metrics.go:812.30,814.3 1 1
goldbox-rpg/pkg/pcg/metrics.go:816.2,817.52 2 1
goldbox-rpg/pkg/pcg/metrics.go:821.97,829.2 3 1
goldbox-rpg/pkg/pcg/metrics.go:832.67,838.2 4 1
goldbox-rpg/pkg/pcg/metrics.go:841.136,845.15 3 1
goldbox-rpg/pkg/pcg/metrics.go:845.15,846.43 1 1
goldbox-rpg/pkg/pcg/metrics.go:846.43,848.4 1 1
goldbox-rpg/pkg/pcg/metrics.go:848.9,851.4 1 1
goldbox-rpg/pkg/pcg/metrics.go:853.3,853.39 1 1
goldbox-rpg/pkg/pcg/metrics.go:853.39,855.4 1 1
goldbox-rpg/pkg/pcg/metrics.go:856.8,858.3 1 1
goldbox-rpg/pkg/pcg/metrics.go:860.2,860.38 1 1
goldbox-rpg/pkg/pcg/metrics.go:864.116,870.2 4 1
goldbox-rpg/pkg/pcg/metrics.go:873.60,882.45 6 1
goldbox-rpg/pkg/pcg/metrics.go:882.45,885.3 2 1
goldbox-rpg/pkg/pcg/metrics.go:887.2,887.52 1 1
goldbox-rpg/pkg/pcg/metrics.go:887.52,889.16 2 1
goldbox-rpg/pkg/pcg/metrics.go:889.16,891.4 1 1
goldbox-rpg/pkg/pcg/metrics.go:896.77,900.37 3 1
goldbox-rpg/pkg/pcg/metrics.go:900.37,902.3 1 1
goldbox-rpg/pkg/pcg/metrics.go:902.8,904.3 1 0
goldbox-rpg/pkg/pcg/metrics.go:906.2,906.36 1 1
goldbox-rpg/pkg/pcg/metrics.go:910.92,915.36 3 1
goldbox-rpg/pkg/pcg/metrics.go:915.36,917.3 1 1
goldbox-rpg/pkg/pcg/metrics.go:920.2,920.48 1 1
goldbox-rpg/pkg/pcg/metrics.go:920.48,922.3 1 1
goldbox-rpg/pkg/pcg/metrics.go:923.2,926.52 2 1
goldbox-rpg/pkg/pcg/metrics.go:926.52,928.3 1 1
goldbox-rpg/pkg/pcg/metrics.go:930.2,930.36 1 1
goldbox-rpg/pkg/pcg/metrics.go:934.42,948.2 1 1
goldbox-rpg/pkg/pcg/narrative.go:184.71,185.19 1 1
goldbox-rpg/pkg/pcg/narrative.go:185.19,187.3 1 0
goldbox-rpg/pkg/pcg/narrative.go:189.2,199.11 3 1
goldbox-rpg/pkg/pcg/narrative.go:203.107,205.9 2 1
goldbox-rpg/pkg/pcg/narrative.go:205.9,207.3 1 1
goldbox-rpg/pkg/pcg/narrative.go:209.2,209.44 1 1
goldbox-rpg/pkg/pcg/narrative.go:209.44,211.3 1 1
goldbox-rpg/pkg/pcg/narrative.go:214.2,223.16 4 1
goldbox-rpg/pkg/pcg/narrative.go:223.16,225.3 1 0
goldbox-rpg/pkg/pcg/narrative.go:227.2,228.23 2 1
goldbox-rpg/pkg/pcg/narrative.go:232.164,252.16 5 1
goldbox-rpg/pkg/pcg/narrative.go:252.16,254.3 1 0
goldbox-rpg/pkg/pcg/narrative.go:255.2,265.36 5 1
goldbox-rpg/pkg/pcg/narrative.go:265.36,268.3 2 1
goldbox-rpg/pkg/pcg/narrative.go:271.2,279.23 6 1
goldbox-rpg/pkg/pcg/narrative.go:283.145,297.32 3 1
goldbox-rpg/pkg/pcg/narrative.go:297.32,300.3 2 1
goldbox-rpg/pkg/pcg/narrative.go:303.2,306.22 3 1
goldbox-rpg/pkg/pcg/narrative.go:310.119,314.90 2 1
goldbox-rpg/pkg/pcg/narrative.go:314.90,317.3 2 1
goldbox-rpg/pkg/pcg/narrative.go:320.2,327.39 5 1
goldbox-rpg/pkg/pcg/narrative.go:327.39,331.3 3 1
goldbox-rpg/pkg/pcg/narrative.go:333.2,333.19 1 1
goldbox-rpg/pkg/pcg/narrative.go:337.113,356.2 4 1
goldbox-rpg/pkg/pcg/narrative.go:361.53,420.2 7 1
goldbox-rpg/pkg/pcg/narrative.go:423.111,425.15 1 1
goldbox-rpg/pkg/pcg/narrative.go:426.17,427.44 1 1
goldbox-rpg/pkg/pcg/narrative.go:428.18,429.39 1 1
goldbox-rpg/pkg/pcg/narrative.go:430.17,431.39 1 0
goldbox-rpg/pkg/pcg/narrative.go:432.10,433.44 1 0
goldbox-rpg/pkg/pcg/narrative.go:438.82,439.65 1 1
goldbox-rpg/pkg/pcg/narrative.go:439.65,441.3 1 1
goldbox-rpg/pkg/pcg/narrative.go:442.2,442.38 1 0
goldbox-rpg/pkg/pcg/narrative.go:446.96,447.14 1 1
goldbox-rpg/pkg/pcg/narrative.go:448.33,449.46 1 1
goldbox-rpg/pkg/pcg/narrative.go:450.22,451.45 1 1
goldbox-rpg/pkg/pcg/narrative.go:452.10,453.46 1 1
goldbox-rpg/pkg/pcg/narrative.go:458.67,459.21 1 1
goldbox-rpg/pkg/pcg/narrative.go:459.21,461.3 1 0
goldbox-rpg/pkg/pcg/narrative.go:462.2,462.39 1 1
goldbox-rpg/pkg/pcg/narrative.go:465.91,466.21 1 1
goldbox-rpg/pkg/pcg/narrative.go:466.21,468.3 1 0
goldbox-rpg/pkg/pcg/narrative.go:470.2,471.24 2 1
goldbox-rpg/pkg/pcg/narrative.go:471.24,473.3 1 0
goldbox-rpg/pkg/pcg/narrative.go:476.2,479.41 3 1
goldbox-rpg/pkg/pcg/narrative.go:479.41,482.3 2 1
goldbox-rpg/pkg/pcg/narrative.go:484.2,484.25 1 1
goldbox-rpg/pkg/pcg/narrative.go:488.102,496.2 5 1
goldbox-rpg/pkg/pcg/narrative.go:498.78,507.2 2 1
goldbox-rpg/pkg/pcg/narrative.go:509.83,511.2 1 1
goldbox-rpg/pkg/pcg/narrative.go:513.108,520.2 2 1
goldbox-rpg/pkg/pcg/narrative.go:522.103,530.2 3 1
goldbox-rpg/pkg/pcg/narrative.go:532.107,534.2 1 1
goldbox-rpg/pkg/pcg/narrative.go:536.91,542.2 3 1
goldbox-rpg/pkg/pcg/narrative.go:544.121,551.2 2 1
goldbox-rpg/pkg/pcg/narrative.go:553.121,560.2 1 1
goldbox-rpg/pkg/pcg/narrative.go:563.72,564.16 1 1
goldbox-rpg/pkg/pcg/narrative.go:565.15,566.28 1 1
goldbox-rpg/pkg/pcg/narrative.go:567.16,568.28 1 1
goldbox-rpg/pkg/pcg/narrative.go:569.14,570.28 1 1
goldbox-rpg/pkg/pcg/narrative.go:571.10,572.11 1 0
goldbox-rpg/pkg/pcg/narrative.go:576.68,577.16 1 1
goldbox-rpg/pkg/pcg/narrative.go:578.15,579.11 1 1
goldbox-rpg/pkg/pcg/narrative.go:580.16,581.11 1 1
goldbox-rpg/pkg/pcg/narrative.go:582.14,583.11 1 1
goldbox-rpg/pkg/pcg/narrative.go:584.10,585.11 1 0
goldbox-rpg/pkg/pcg/narrative.go:589.84,590.16 1 1
goldbox-rpg/pkg/pcg/narrative.go:591.15,592.28 1 1
goldbox-rpg/pkg/pcg/narrative.go:593.16,594.28 1 1
goldbox-rpg/pkg/pcg/narrative.go:595.14,596.28 1 1
goldbox-rpg/pkg/pcg/narrative.go:597.10,598.11 1 0
goldbox-rpg/pkg/pcg/narrative.go:603.150,612.2 1 1
goldbox-rpg/pkg/pcg/narrative.go:614.117,618.40 3 1
goldbox-rpg/pkg/pcg/narrative.go:618.40,629.3 2 1
goldbox-rpg/pkg/pcg/narrative.go:631.2,631.18 1 1
goldbox-rpg/pkg/pcg/narrative.go:634.81,653.2 5 1
goldbox-rpg/pkg/pcg/narrative.go:655.170,668.2 1 1
goldbox-rpg/pkg/pcg/narrative.go:670.102,674.36 2 1
goldbox-rpg/pkg/pcg/narrative.go:674.36,687.3 2 1
goldbox-rpg/pkg/pcg/narrative.go:689.2,689.15 1 1
goldbox-rpg/pkg/pcg/narrative.go:695.53,697.2 1 1
goldbox-rpg/pkg/pcg/narrative.go:700.51,702.2 1 1
goldbox-rpg/pkg/pcg/narrative.go:705.71,707.9 2 1
goldbox-rpg/pkg/pcg/narrative.go:707.9,709.3 1 1
goldbox-rpg/pkg/pcg/narrative.go:711.2,713.38 3 1
goldbox-rpg/pkg/pcg/narrative.go:713.38,714.47 1 1
goldbox-rpg/pkg/pcg/narrative.go:714.47,716.9 2 1
goldbox-rpg/pkg/pcg/narrative.go:719.2,719.18 1 1
goldbox-rpg/pkg/pcg/narrative.go:719.18,721.3 1 1
goldbox-rpg/pkg/pcg/narrative.go:723.2,723.33 1 1
goldbox-rpg/pkg/pcg/narrative.go:723.33,725.3 1 1
goldbox-rpg/pkg/pcg/narrative.go:727.2,727.12 1 1
goldbox-rpg/pkg/pcg/quest.go:15.13,18.2 1 1
goldbox-rpg/pkg/pcg/quest.go:29.67,35.19 2 1
goldbox-rpg/pkg/pcg/quest.go:35.19,41.3 2 1
goldbox-rpg/pkg/pcg/quest.go:43.2,55.18 3 1
goldbox-rpg/pkg/pcg/quest.go:60.107,67.44 2 1
goldbox-rpg/pkg/pcg/quest.go:67.44,74.3 2 1
goldbox-rpg/pkg/pcg/quest.go:77.2,87.9 5 1
goldbox-rpg/pkg/pcg/quest.go:87.9,101.3 2 1
goldbox-rpg/pkg/pcg/quest.go:104.2,105.16 2 1
goldbox-rpg/pkg/pcg/quest.go:105.16,113.3 2 0
goldbox-rpg/pkg/pcg/quest.go:115.2,130.19 3 1
goldbox-rpg/pkg/pcg/quest.go:134.128,142.22 2 1
goldbox-rpg/pkg/pcg/quest.go:142.22,150.3 2 1
goldbox-rpg/pkg/pcg/quest.go:153.2,175.16 6 1
goldbox-rpg/pkg/pcg/quest.go:175.16,184.3 2 0
goldbox-rpg/pkg/pcg/quest.go:186.2,196.33 3 1
goldbox-rpg/pkg/pcg/quest.go:196.33,203.3 1 1
goldbox-rpg/pkg/pcg/quest.go:206.2,217.19 3 1
goldbox-rpg/pkg/pcg/quest.go:221.131,222.22 1 1
goldbox-rpg/pkg/pcg/quest.go:222.22,224.3 1 1
goldbox-rpg/pkg/pcg/quest.go:226.2,229.35 3 1
goldbox-rpg/pkg/pcg/quest.go:229.35,242.17 7 1
goldbox-rpg/pkg/pcg/quest.go:242.17,244.4 1 0
goldbox-rpg/pkg/pcg/quest.go:247.3,247.22 1 1
goldbox-rpg/pkg/pcg/quest.go:247.22,249.4 1 1
goldbox-rpg/pkg/pcg/quest.go:251.3,251.33 1 1
goldbox-rpg/pkg/pcg/quest.go:254.2,259.20 2 1
goldbox-rpg/pkg/pcg/quest.go:263.136,267.38 3 1
goldbox-rpg/pkg/pcg/quest.go:267.38,271.3 3 1
goldbox-rpg/pkg/pcg/quest.go:273.2,273.24 1 1
goldbox-rpg/pkg/pcg/quest.go:277.53,279.2 1 1
goldbox-rpg/pkg/pcg/quest.go:282.51,284.2 1 1
goldbox-rpg/pkg/pcg/quest.go:287.71,288.22 1 1
goldbox-rpg/pkg/pcg/quest.go:288.22,290.3 1 1
goldbox-rpg/pkg/pcg/quest.go:292.2,292.53 1 1
goldbox-rpg/pkg/pcg/quest.go:292.53,294.3 1 1
goldbox-rpg/pkg/pcg/quest.go:296.2,296.55 1 1
goldbox-rpg/pkg/pcg/quest.go:296.55,298.3 1 1
goldbox-rpg/pkg/pcg/quest.go:301.2,301.77 1 1
goldbox-rpg/pkg/pcg/quest.go:301.77,302.61 1 1
goldbox-rpg/pkg/pcg/quest.go:302.61,304.4 1 1
goldbox-rpg/pkg/pcg/quest.go:307.2,307.12 1 1
goldbox-rpg/pkg/pcg/quest.go:311.77,312.30 1 1
goldbox-rpg/pkg/pcg/quest.go:312.30,314.3 1 1
goldbox-rpg/pkg/pcg/quest.go:316.2,316.49 1 1
goldbox-rpg/pkg/pcg/quest.go:316.49,318.3 1 1
goldbox-rpg/pkg/pcg/quest.go:320.2,320.31 1 1
goldbox-rpg/pkg/pcg/quest.go:320.31,322.3 1 1
goldbox-rpg/pkg/pcg/quest.go:324.2,324.12 1 1
goldbox-rpg/pkg/pcg/quest.go:328.75,332.2 3 1
goldbox-rpg/pkg/pcg/quest.go:335.112,340.26 3 1
goldbox-rpg/pkg/pcg/quest.go:341.26,342.73 1 1
goldbox-rpg/pkg/pcg/quest.go:343.21,344.74 1 0
goldbox-rpg/pkg/pcg/quest.go:345.25,346.69 1 0
goldbox-rpg/pkg/pcg/quest.go:349.2,349.45 1 1
goldbox-rpg/pkg/pcg/quest.go:359.86,360.19 1 1
goldbox-rpg/pkg/pcg/quest.go:361.22,375.4 1 1
goldbox-rpg/pkg/pcg/quest.go:376.21,390.4 1 1
goldbox-rpg/pkg/pcg/quest.go:391.23,405.4 1 1
goldbox-rpg/pkg/pcg/quest.go:406.24,420.4 1 1
goldbox-rpg/pkg/pcg/quest.go:421.23,435.4 1 1
goldbox-rpg/pkg/pcg/quest.go:436.23,450.4 1 1
goldbox-rpg/pkg/pcg/quest.go:451.25,465.4 1 1
goldbox-rpg/pkg/pcg/quest.go:466.25,480.4 1 1
goldbox-rpg/pkg/pcg/quest.go:481.22,495.4 1 1
goldbox-rpg/pkg/pcg/quest.go:496.10,502.4 1 0
goldbox-rpg/pkg/pcg/quest.go:507.92,514.19 2 1
goldbox-rpg/pkg/pcg/quest.go:514.19,517.3 2 1
goldbox-rpg/pkg/pcg/quest.go:520.2,520.31 1 1
goldbox-rpg/pkg/pcg/quest.go:520.31,523.3 2 1
goldbox-rpg/pkg/pcg/quest.go:526.2,526.49 1 1
goldbox-rpg/pkg/pcg/quest.go:530.79,531.19 1 1
goldbox-rpg/pkg/pcg/quest.go:532.22,534.40 2 1
goldbox-rpg/pkg/pcg/quest.go:535.21,537.40 2 1
goldbox-rpg/pkg/pcg/quest.go:538.23,540.40 2 1
goldbox-rpg/pkg/pcg/quest.go:541.24,543.40 2 1
goldbox-rpg/pkg/pcg/quest.go:544.23,546.40 2 1
goldbox-rpg/pkg/pcg/quest.go:547.23,549.40 2 1
goldbox-rpg/pkg/pcg/quest.go:550.25,552.40 2 1
goldbox-rpg/pkg/pcg/quest.go:553.25,555.40 2 1
goldbox-rpg/pkg/pcg/quest.go:556.22,558.40 2 1
goldbox-rpg/pkg/pcg/quest.go:559.10,560.20 1 1
goldbox-rpg/pkg/pcg/quest.go:565.117,586.2 4 1
goldbox-rpg/pkg/pcg/quest.go:589.98,603.13 3 1
goldbox-rpg/pkg/pcg/quest.go:603.13,605.3 1 1
goldbox-rpg/pkg/pcg/quest.go:608.2,616.23 5 1
goldbox-rpg/pkg/pcg/quest.go:616.23,618.3 1 1
goldbox-rpg/pkg/pcg/quest.go:620.2,620.22 1 1
goldbox-rpg/pkg/pcg/quest.go:624.98,625.17 1 1
goldbox-rpg/pkg/pcg/quest.go:626.39,628.40 2 1
goldbox-rpg/pkg/pcg/quest.go:629.37,631.44 2 1
goldbox-rpg/pkg/pcg/quest.go:632.36,634.44 2 1
goldbox-rpg/pkg/pcg/quest.go:635.36,637.48 2 1
goldbox-rpg/pkg/pcg/quest.go:638.24,640.42 2 1
goldbox-rpg/pkg/pcg/quest.go:641.39,643.40 2 1
goldbox-rpg/pkg/pcg/quest.go:644.37,646.44 2 1
goldbox-rpg/pkg/pcg/quest.go:647.10,648.26 1 1
goldbox-rpg/pkg/pcg/quest.go:653.105,654.17 1 1
goldbox-rpg/pkg/pcg/quest.go:655.39,656.20 1 1
goldbox-rpg/pkg/pcg/quest.go:656.20,658.4 1 1
goldbox-rpg/pkg/pcg/quest.go:659.3,659.56 1 1
goldbox-rpg/pkg/pcg/quest.go:660.37,661.20 1 1
goldbox-rpg/pkg/pcg/quest.go:661.20,663.4 1 1
goldbox-rpg/pkg/pcg/quest.go:664.3,664.55 1 1
goldbox-rpg/pkg/pcg/quest.go:665.36,666.53 1 1
goldbox-rpg/pkg/pcg/quest.go:667.36,668.47 1 1
goldbox-rpg/pkg/pcg/quest.go:669.24,670.46 1 1
goldbox-rpg/pkg/pcg/quest.go:671.39,672.47 1 1
goldbox-rpg/pkg/pcg/quest.go:673.37,674.45 1 1
goldbox-rpg/pkg/pcg/quest.go:675.10,676.64 1 1
goldbox-rpg/pkg/pcg/quest.go:681.84,683.16 1 1
goldbox-rpg/pkg/pcg/quest.go:683.16,685.3 1 1
goldbox-rpg/pkg/pcg/quest.go:688.2,688.31 1 1
goldbox-rpg/pkg/pcg/quest.go:692.107,703.28 4 1
goldbox-rpg/pkg/pcg/quest.go:703.28,709.3 2 1
goldbox-rpg/pkg/pcg/quest.go:712.2,712.51 1 1
goldbox-rpg/pkg/pcg/quest.go:712.51,715.3 2 1
goldbox-rpg/pkg/pcg/quest.go:717.2,717.16 1 1
goldbox-rpg/pkg/pcg/quest.go:721.135,727.2 5 1
goldbox-rpg/pkg/pcg/quest.go:730.81,732.2 1 1
goldbox-rpg/pkg/pcg/quest.go:735.75,737.2 1 1
goldbox-rpg/pkg/pcg/quest.go:740.101,744.27 2 1
goldbox-rpg/pkg/pcg/quest.go:745.22,746.24 1 1
goldbox-rpg/pkg/pcg/quest.go:747.18,748.24 1 1
goldbox-rpg/pkg/pcg/quest.go:749.18,750.25 1 0
goldbox-rpg/pkg/pcg/quest.go:751.23,752.25 1 1
goldbox-rpg/pkg/pcg/quest.go:756.2,756.19 1 1
goldbox-rpg/pkg/pcg/quest.go:757.37,758.25 1 1
goldbox-rpg/pkg/pcg/quest.go:759.22,760.25 1 1
goldbox-rpg/pkg/pcg/quest.go:763.2,763.43 1 1
goldbox-rpg/pkg/pcg/quest.go:767.87,780.2 5 1
goldbox-rpg/pkg/pcg/registry.go:22.51,23.19 1 1
goldbox-rpg/pkg/pcg/registry.go:23.19,25.3 1 0
goldbox-rpg/pkg/pcg/registry.go:27.2,30.3 1 1
goldbox-rpg/pkg/pcg/registry.go:35.78,42.38 4 0
goldbox-rpg/pkg/pcg/registry.go:42.38,44.3 1 0
goldbox-rpg/pkg/pcg/registry.go:47.2,47.58 1 0
goldbox-rpg/pkg/pcg/registry.go:47.58,49.3 1 0
goldbox-rpg/pkg/pcg/registry.go:51.2,59.12 3 0
goldbox-rpg/pkg/pcg/registry.go:63.84,67.38 3 0
goldbox-rpg/pkg/pcg/registry.go:67.38,69.3 1 0
goldbox-rpg/pkg/pcg/registry.go:71.2,71.59 1 0
goldbox-rpg/pkg/pcg/registry.go:71.59,73.3 1 0
goldbox-rpg/pkg/pcg/registry.go:75.2,82.12 3 0
goldbox-rpg/pkg/pcg/registry.go:86.90,90.38 3 0
goldbox-rpg/pkg/pcg/registry.go:90.38,92.3 1 0
goldbox-rpg/pkg/pcg/registry.go:94.2,95.13 2 0
goldbox-rpg/pkg/pcg/registry.go:95.13,97.3 1 0
goldbox-rpg/pkg/pcg/registry.go:99.2,99.23 1 0
goldbox-rpg/pkg/pcg/registry.go:103.69,107.38 3 0
goldbox-rpg/pkg/pcg/registry.go:107.38,109.3 1 0
goldbox-rpg/pkg/pcg/registry.go:111.2,112.46 2 0
goldbox-rpg/pkg/pcg/registry.go:112.46,114.3 1 0
goldbox-rpg/pkg/pcg/registry.go:116.2,116.14 1 0
goldbox-rpg/pkg/pcg/registry.go:120.65,125.52 4 0
goldbox-rpg/pkg/pcg/registry.go:125.52,127.32 2 0
goldbox-rpg/pkg/pcg/registry.go:127.32,129.4 1 0
goldbox-rpg/pkg/pcg/registry.go:130.3,130.30 1 0
goldbox-rpg/pkg/pcg/registry.go:133.2,133.15 1 0
goldbox-rpg/pkg/pcg/registry.go:137.150,139.16 2 0
goldbox-rpg/pkg/pcg/registry.go:139.16,141.3 1 0
goldbox-rpg/pkg/pcg/registry.go:144.2,144.51 1 0
goldbox-rpg/pkg/pcg/registry.go:144.51,146.3 1 0
goldbox-rpg/pkg/pcg/registry.go:148.2,159.12 4 0
goldbox-rpg/pkg/pcg/registry.go:159.12,161.17 2 0
goldbox-rpg/pkg/pcg/registry.go:161.17,164.4 2 0
goldbox-rpg/pkg/pcg/registry.go:165.3,165.23 1 0
goldbox-rpg/pkg/pcg/registry.go:168.2,168.9 1 0
goldbox-rpg/pkg/pcg/registry.go:169.30,174.21 2 0
goldbox-rpg/pkg/pcg/registry.go:176.26,182.18 2 0
goldbox-rpg/pkg/pcg/registry.go:184.20,189.24 2 0
goldbox-rpg/pkg/pcg/registry.go:200.69,205.2 1 1
goldbox-rpg/pkg/pcg/registry.go:208.123,210.16 2 0
goldbox-rpg/pkg/pcg/registry.go:210.16,212.3 1 0
goldbox-rpg/pkg/pcg/registry.go:214.2,215.9 2 0
goldbox-rpg/pkg/pcg/registry.go:215.9,217.3 1 0
goldbox-rpg/pkg/pcg/registry.go:219.2,219.21 1 0
goldbox-rpg/pkg/pcg/registry.go:223.117,225.16 2 0
goldbox-rpg/pkg/pcg/registry.go:225.16,227.3 1 0
goldbox-rpg/pkg/pcg/registry.go:230.2,230.28 1 0
goldbox-rpg/pkg/pcg/registry.go:231.18,232.30 1 0
goldbox-rpg/pkg/pcg/registry.go:233.20,234.16 1 0
goldbox-rpg/pkg/pcg/registry.go:235.19,237.20 2 0
goldbox-rpg/pkg/pcg/registry.go:237.20,239.4 1 0
goldbox-rpg/pkg/pcg/registry.go:240.3,240.20 1 0
goldbox-rpg/pkg/pcg/registry.go:241.10,242.80 1 0
goldbox-rpg/pkg/pcg/registry.go:247.117,249.16 2 0
goldbox-rpg/pkg/pcg/registry.go:249.16,251.3 1 0
goldbox-rpg/pkg/pcg/registry.go:253.2,254.9 2 0
goldbox-rpg/pkg/pcg/registry.go:254.9,256.3 1 0
goldbox-rpg/pkg/pcg/registry.go:258.2,258.19 1 0
goldbox-rpg/pkg/pcg/registry.go:262.117,264.16 2 0
goldbox-rpg/pkg/pcg/registry.go:264.16,266.3 1 0
goldbox-rpg/pkg/pcg/registry.go:268.2,269.9 2 0
goldbox-rpg/pkg/pcg/registry.go:269.9,271.3 1 0
goldbox-rpg/pkg/pcg/registry.go:273.2,273.19 1 0
goldbox-rpg/pkg/pcg/registry.go:277.58,284.2 2 0
goldbox-rpg/pkg/pcg/reputation.go:119.67,120.19 1 1
goldbox-rpg/pkg/pcg/reputation.go:120.19,122.3 1 0
goldbox-rpg/pkg/pcg/reputation.go:124.2,141.3 1 1
goldbox-rpg/pkg/pcg/reputation.go:145.118,149.57 3 1
goldbox-rpg/pkg/pcg/reputation.go:149.57,151.3 1 1
goldbox-rpg/pkg/pcg/reputation.go:153.2,163.49 2 1
goldbox-rpg/pkg/pcg/reputation.go:163.49,181.3 4 1
goldbox-rpg/pkg/pcg/reputation.go:183.2,193.12 4 1
goldbox-rpg/pkg/pcg/reputation.go:197.142,202.13 4 1
goldbox-rpg/pkg/pcg/reputation.go:202.13,204.3 1 0
goldbox-rpg/pkg/pcg/reputation.go:206.2,207.13 2 1
goldbox-rpg/pkg/pcg/reputation.go:207.13,209.3 1 0
goldbox-rpg/pkg/pcg/reputation.go:211.2,211.23 1 1
goldbox-rpg/pkg/pcg/reputation.go:211.23,218.3 2 1
goldbox-rpg/pkg/pcg/reputation.go:221.2,223.16 3 1
goldbox-rpg/pkg/pcg/reputation.go:223.16,225.3 1 1
goldbox-rpg/pkg/pcg/reputation.go:225.8,227.3 1 1
goldbox-rpg/pkg/pcg/reputation.go:230.2,230.86 1 1
goldbox-rpg/pkg/pcg/reputation.go:230.86,232.3 1 0
goldbox-rpg/pkg/pcg/reputation.go:233.2,233.86 1 1
goldbox-rpg/pkg/pcg/reputation.go:233.86,235.3 1 0
goldbox-rpg/pkg/pcg/reputation.go:238.2,243.37 4 1
goldbox-rpg/pkg/pcg/reputation.go:243.37,244.46 1 1
goldbox-rpg/pkg/pcg/reputation.go:244.46,246.4 1 1
goldbox-rpg/pkg/pcg/reputation.go:247.3,247.46 1 1
goldbox-rpg/pkg/pcg/reputation.go:247.46,249.4 1 0
goldbox-rpg/pkg/pcg/reputation.go:250.8,252.24 1 0
goldbox-rpg/pkg/pcg/reputation.go:252.24,254.4 1 0
goldbox-rpg/pkg/pcg/reputation.go:255.3,255.23 1 0
goldbox-rpg/pkg/pcg/reputation.go:255.23,257.4 1 0
goldbox-rpg/pkg/pcg/reputation.go:261.2,267.36 5 1
goldbox-rpg/pkg/pcg/reputation.go:267.36,269.3 1 1
goldbox-rpg/pkg/pcg/reputation.go:270.2,270.36 1 1
goldbox-rpg/pkg/pcg/reputation.go:270.36,272.3 1 1
goldbox-rpg/pkg/pcg/reputation.go:275.2,313.12 9 1
goldbox-rpg/pkg/pcg/reputation.go:317.97,322.13 4 1
goldbox-rpg/pkg/pcg/reputation.go:322.13,324.3 1 1
goldbox-rpg/pkg/pcg/reputation.go:326.2,327.13 2 1
goldbox-rpg/pkg/pcg/reputation.go:327.13,329.3 1 1
goldbox-rpg/pkg/pcg/reputation.go:332.2,333.27 2 1
goldbox-rpg/pkg/pcg/reputation.go:337.93,342.13 4 0
goldbox-rpg/pkg/pcg/reputation.go:342.13,344.3 1 0
goldbox-rpg/pkg/pcg/reputation.go:347.2,356.55 2 0
goldbox-rpg/pkg/pcg/reputation.go:356.55,359.3 2 0
goldbox-rpg/pkg/pcg/reputation.go:361.2,361.47 1 0
goldbox-rpg/pkg/pcg/reputation.go:361.47,363.3 1 0
goldbox-rpg/pkg/pcg/reputation.go:365.2,365.21 1 0
goldbox-rpg/pkg/pcg/reputation.go:369.123,374.2 3 1
goldbox-rpg/pkg/pcg/reputation.go:377.129,379.13 2 1
goldbox-rpg/pkg/pcg/reputation.go:379.13,381.3 1 0
goldbox-rpg/pkg/pcg/reputation.go:383.2,384.13 2 1
goldbox-rpg/pkg/pcg/reputation.go:384.13,386.3 1 0
goldbox-rpg/pkg/pcg/reputation.go:389.2,390.34 2 1
goldbox-rpg/pkg/pcg/reputation.go:391.30,392.19 1 0
goldbox-rpg/pkg/pcg/reputation.go:393.30,394.19 1 0
goldbox-rpg/pkg/pcg/reputation.go:395.30,396.19 1 1
goldbox-rpg/pkg/pcg/reputation.go:397.31,398.20 1 1
goldbox-rpg/pkg/pcg/reputation.go:399.30,400.19 1 0
goldbox-rpg/pkg/pcg/reputation.go:401.33,402.21 1 0
goldbox-rpg/pkg/pcg/reputation.go:403.30,404.20 1 0
goldbox-rpg/pkg/pcg/reputation.go:405.28,406.20 1 0
goldbox-rpg/pkg/pcg/reputation.go:407.31,408.20 1 1
goldbox-rpg/pkg/pcg/reputation.go:409.10,410.19 1 0
goldbox-rpg/pkg/pcg/reputation.go:414.2,414.20 1 1
goldbox-rpg/pkg/pcg/reputation.go:415.67,417.20 1 1
goldbox-rpg/pkg/pcg/reputation.go:418.35,420.20 1 1
goldbox-rpg/pkg/pcg/reputation.go:421.73,423.23 1 1
goldbox-rpg/pkg/pcg/reputation.go:423.23,425.4 1 1
goldbox-rpg/pkg/pcg/reputation.go:425.9,425.31 1 0
goldbox-rpg/pkg/pcg/reputation.go:425.31,427.4 1 0
goldbox-rpg/pkg/pcg/reputation.go:427.9,429.4 1 0
goldbox-rpg/pkg/pcg/reputation.go:433.2,433.72 1 1
goldbox-rpg/pkg/pcg/reputation.go:433.72,435.3 1 0
goldbox-rpg/pkg/pcg/reputation.go:437.2,437.24 1 1
goldbox-rpg/pkg/pcg/reputation.go:441.117,449.71 5 1
goldbox-rpg/pkg/pcg/reputation.go:449.71,451.86 2 1
goldbox-rpg/pkg/pcg/reputation.go:451.86,456.4 3 1
goldbox-rpg/pkg/pcg/reputation.go:459.2,459.20 1 1
goldbox-rpg/pkg/pcg/reputation.go:463.48,464.62 1 1
goldbox-rpg/pkg/pcg/reputation.go:464.62,466.3 1 0
goldbox-rpg/pkg/pcg/reputation.go:468.2,474.56 5 1
goldbox-rpg/pkg/pcg/reputation.go:474.56,475.63 1 1
goldbox-rpg/pkg/pcg/reputation.go:475.63,478.63 2 1
goldbox-rpg/pkg/pcg/reputation.go:478.63,479.13 1 0
goldbox-rpg/pkg/pcg/reputation.go:483.4,484.67 1 1
goldbox-rpg/pkg/pcg/reputation.go:484.67,485.13 1 0
goldbox-rpg/pkg/pcg/reputation.go:489.4,490.36 2 1
goldbox-rpg/pkg/pcg/reputation.go:490.36,492.5 1 1
goldbox-rpg/pkg/pcg/reputation.go:492.10,494.5 1 0
goldbox-rpg/pkg/pcg/reputation.go:496.4,497.24 2 1
goldbox-rpg/pkg/pcg/reputation.go:497.24,498.13 1 0
goldbox-rpg/pkg/pcg/reputation.go:502.4,530.18 9 1
goldbox-rpg/pkg/pcg/reputation.go:534.3,535.30 2 1
goldbox-rpg/pkg/pcg/reputation.go:538.2,538.22 1 1
goldbox-rpg/pkg/pcg/reputation.go:538.22,542.3 1 1
goldbox-rpg/pkg/pcg/reputation.go:544.2,544.12 1 1
goldbox-rpg/pkg/pcg/reputation.go:550.87,551.68 1 1
goldbox-rpg/pkg/pcg/reputation.go:551.68,553.3 1 1
goldbox-rpg/pkg/pcg/reputation.go:556.2,557.29 2 1
goldbox-rpg/pkg/pcg/reputation.go:557.29,559.3 1 1
goldbox-rpg/pkg/pcg/reputation.go:560.2,577.19 3 1
goldbox-rpg/pkg/pcg/reputation.go:581.83,582.9 1 1
goldbox-rpg/pkg/pcg/reputation.go:583.21,584.32 1 1
goldbox-rpg/pkg/pcg/reputation.go:585.21,586.32 1 1
goldbox-rpg/pkg/pcg/reputation.go:587.21,588.32 1 1
goldbox-rpg/pkg/pcg/reputation.go:589.20,590.33 1 1
goldbox-rpg/pkg/pcg/reputation.go:591.21,592.32 1 1
goldbox-rpg/pkg/pcg/reputation.go:593.22,594.35 1 1
goldbox-rpg/pkg/pcg/reputation.go:595.22,596.32 1 1
goldbox-rpg/pkg/pcg/reputation.go:597.22,598.30 1 1
goldbox-rpg/pkg/pcg/reputation.go:599.10,600.33 1 1
goldbox-rpg/pkg/pcg/reputation.go:605.101,607.23 1 1
goldbox-rpg/pkg/pcg/reputation.go:607.23,609.3 1 1
goldbox-rpg/pkg/pcg/reputation.go:611.2,614.9 2 1
goldbox-rpg/pkg/pcg/reputation.go:615.47,616.33 1 1
goldbox-rpg/pkg/pcg/reputation.go:617.47,618.32 1 1
goldbox-rpg/pkg/pcg/reputation.go:619.47,620.33 1 0
goldbox-rpg/pkg/pcg/reputation.go:621.45,622.29 1 1
goldbox-rpg/pkg/pcg/reputation.go:623.47,624.31 1 1
goldbox-rpg/pkg/pcg/reputation.go:625.49,626.31 1 0
goldbox-rpg/pkg/pcg/reputation.go:627.49,628.32 1 0
goldbox-rpg/pkg/pcg/reputation.go:629.49,630.33 1 0
goldbox-rpg/pkg/pcg/reputation.go:631.10,632.32 1 1
goldbox-rpg/pkg/pcg/reputation.go:637.99,641.53 2 1
goldbox-rpg/pkg/pcg/reputation.go:641.53,642.98 1 1
goldbox-rpg/pkg/pcg/reputation.go:642.98,644.28 2 1
goldbox-rpg/pkg/pcg/reputation.go:644.28,662.5 4 1
goldbox-rpg/pkg/pcg/reputation.go:667.2,667.51 1 1
goldbox-rpg/pkg/pcg/reputation.go:667.51,668.96 1 1
goldbox-rpg/pkg/pcg/reputation.go:668.96,670.28 2 1
goldbox-rpg/pkg/pcg/reputation.go:670.28,688.5 4 1
goldbox-rpg/pkg/pcg/reputation.go:694.87,696.13 2 1
goldbox-rpg/pkg/pcg/reputation.go:696.13,698.3 1 0
goldbox-rpg/pkg/pcg/reputation.go:701.2,704.40 2 1
goldbox-rpg/pkg/pcg/reputation.go:704.40,705.23 1 1
goldbox-rpg/pkg/pcg/reputation.go:705.23,707.4 1 0
goldbox-rpg/pkg/pcg/reputation.go:711.2,715.108 2 1
goldbox-rpg/pkg/pcg/reputation.go:715.108,730.3 3 1
goldbox-rpg/pkg/pcg/reputation.go:732.2,733.107 1 1
goldbox-rpg/pkg/pcg/reputation.go:733.107,748.3 3 1
goldbox-rpg/pkg/pcg/reputation.go:751.2,751.84 1 1
goldbox-rpg/pkg/pcg/reputation.go:751.84,764.3 2 1
goldbox-rpg/pkg/pcg/reputation.go:768.93,772.2 3 0
goldbox-rpg/pkg/pcg/reputation.go:775.81,779.2 3 0
goldbox-rpg/pkg/pcg/seed.go:19.50,20.19 1 1
goldbox-rpg/pkg/pcg/seed.go:20.19,22.3 1 1
goldbox-rpg/pkg/pcg/seed.go:24.2,27.3 1 1
goldbox-rpg/pkg/pcg/seed.go:31.44,33.2 1 1
goldbox-rpg/pkg/pcg/seed.go:38.86,41.54 2 1
goldbox-rpg/pkg/pcg/seed.go:41.54,43.3 1 1
goldbox-rpg/pkg/pcg/seed.go:46.2,54.13 6 1
goldbox-rpg/pkg/pcg/seed.go:59.91,69.45 3 1
goldbox-rpg/pkg/pcg/seed.go:69.45,71.3 1 1
goldbox-rpg/pkg/pcg/seed.go:73.2,76.49 3 1
goldbox-rpg/pkg/pcg/seed.go:81.108,86.2 3 1
goldbox-rpg/pkg/pcg/seed.go:90.84,101.2 6 1
goldbox-rpg/pkg/pcg/seed.go:110.57,115.2 1 1
goldbox-rpg/pkg/pcg/seed.go:118.55,122.48 3 1
goldbox-rpg/pkg/pcg/seed.go:122.48,124.3 1 1
goldbox-rpg/pkg/pcg/seed.go:137.131,147.2 2 1
goldbox-rpg/pkg/pcg/seed.go:150.65,151.49 1 1
goldbox-rpg/pkg/pcg/seed.go:151.49,153.3 1 1
goldbox-rpg/pkg/pcg/seed.go:155.2,157.15 3 1
goldbox-rpg/pkg/pcg/seed.go:162.54,163.16 1 1
goldbox-rpg/pkg/pcg/seed.go:163.16,165.3 1 1
goldbox-rpg/pkg/pcg/seed.go:166.2,166.31 1 1
goldbox-rpg/pkg/pcg/seed.go:170.71,172.29 2 1
goldbox-rpg/pkg/pcg/seed.go:172.29,174.3 1 1
goldbox-rpg/pkg/pcg/seed.go:175.2,175.16 1 1
goldbox-rpg/pkg/pcg/seed.go:179.64,181.29 2 1
goldbox-rpg/pkg/pcg/seed.go:181.29,183.3 1 1
goldbox-rpg/pkg/pcg/seed.go:184.2,184.14 1 1
goldbox-rpg/pkg/pcg/seed.go:188.68,189.23 1 1
goldbox-rpg/pkg/pcg/seed.go:189.23,191.3 1 1
goldbox-rpg/pkg/pcg/seed.go:192.2,192.43 1 1
goldbox-rpg/pkg/pcg/seed.go:196.52,198.2 1 1
goldbox-rpg/pkg/pcg/seed.go:201.73,203.2 1 1
goldbox-rpg/pkg/pcg/seed.go:206.63,207.16 1 1
goldbox-rpg/pkg/pcg/seed.go:207.16,209.3 1 1
goldbox-rpg/pkg/pcg/seed.go:210.2,210.37 1 1
goldbox-rpg/pkg/pcg/seed.go:214.89,215.55 1 1
goldbox-rpg/pkg/pcg/seed.go:215.55,217.3 1 1
goldbox-rpg/pkg/pcg/seed.go:220.2,221.33 2 1
goldbox-rpg/pkg/pcg/seed.go:221.33,223.3 1 1
goldbox-rpg/pkg/pcg/seed.go:225.2,225.22 1 1
goldbox-rpg/pkg/pcg/seed.go:225.22,227.3 1 1
goldbox-rpg/pkg/pcg/seed.go:230.2,234.33 3 1
goldbox-rpg/pkg/pcg/seed.go:234.33,236.35 2 1
goldbox-rpg/pkg/pcg/seed.go:236.35,238.4 1 1
goldbox-rpg/pkg/pcg/seed.go:242.2,242.32 1 0
goldbox-rpg/pkg/pcg/types.go:161.44,163.2 1 1
goldbox-rpg/pkg/pcg/types.go:166.53,171.2 1 1
goldbox-rpg/pkg/pcg/validation.go:18.44,20.2 1 0
goldbox-rpg/pkg/pcg/validation.go:23.48,25.2 1 0
goldbox-rpg/pkg/pcg/validation.go:28.54,31.2 2 0
goldbox-rpg/pkg/pcg/validation.go:34.56,36.2 1 0
goldbox-rpg/pkg/pcg/validation.go:39.60,42.18 3 0
goldbox-rpg/pkg/pcg/validation.go:42.18,44.3 1 0
goldbox-rpg/pkg/pcg/validation.go:53.47,57.2 1 1
goldbox-rpg/pkg/pcg/validation.go:60.89,66.53 2 0
goldbox-rpg/pkg/pcg/validation.go:66.53,68.3 1 0
goldbox-rpg/pkg/pcg/validation.go:71.2,71.55 1 0
goldbox-rpg/pkg/pcg/validation.go:71.55,73.3 1 0
goldbox-rpg/pkg/pcg/validation.go:76.2,76.25 1 0
goldbox-rpg/pkg/pcg/validation.go:76.25,78.3 1 0
goldbox-rpg/pkg/pcg/validation.go:80.2,80.15 1 0
goldbox-rpg/pkg/pcg/validation.go:84.83,94.41 4 0
goldbox-rpg/pkg/pcg/validation.go:94.41,95.37 1 0
goldbox-rpg/pkg/pcg/validation.go:95.37,97.9 2 0
goldbox-rpg/pkg/pcg/validation.go:100.2,100.12 1 0
goldbox-rpg/pkg/pcg/validation.go:100.12,102.3 1 0
goldbox-rpg/pkg/pcg/validation.go:105.2,105.50 1 0
goldbox-rpg/pkg/pcg/validation.go:105.50,107.3 1 0
goldbox-rpg/pkg/pcg/validation.go:110.2,110.56 1 0
goldbox-rpg/pkg/pcg/validation.go:110.56,112.3 1 0
goldbox-rpg/pkg/pcg/validation.go:115.2,115.54 1 0
goldbox-rpg/pkg/pcg/validation.go:115.54,117.3 1 0
goldbox-rpg/pkg/pcg/validation.go:119.2,119.15 1 0
goldbox-rpg/pkg/pcg/validation.go:123.77,134.44 4 0
goldbox-rpg/pkg/pcg/validation.go:134.44,135.38 1 0
goldbox-rpg/pkg/pcg/validation.go:135.38,137.9 2 0
goldbox-rpg/pkg/pcg/validation.go:140.2,140.15 1 0
goldbox-rpg/pkg/pcg/validation.go:140.15,142.3 1 0
goldbox-rpg/pkg/pcg/validation.go:145.2,146.44 2 0
goldbox-rpg/pkg/pcg/validation.go:146.44,147.38 1 0
goldbox-rpg/pkg/pcg/validation.go:147.38,149.9 2 0
goldbox-rpg/pkg/pcg/validation.go:152.2,152.15 1 0
goldbox-rpg/pkg/pcg/validation.go:152.15,154.3 1 0
goldbox-rpg/pkg/pcg/validation.go:157.2,157.66 1 0
goldbox-rpg/pkg/pcg/validation.go:157.66,159.3 1 0
goldbox-rpg/pkg/pcg/validation.go:162.2,162.60 1 0
goldbox-rpg/pkg/pcg/validation.go:162.60,164.3 1 0
goldbox-rpg/pkg/pcg/validation.go:166.2,166.15 1 0
goldbox-rpg/pkg/pcg/validation.go:170.79,174.25 2 0
goldbox-rpg/pkg/pcg/validation.go:174.25,176.3 1 0
goldbox-rpg/pkg/pcg/validation.go:178.2,178.39 1 0
goldbox-rpg/pkg/pcg/validation.go:178.39,180.3 1 0
goldbox-rpg/pkg/pcg/validation.go:182.2,182.27 1 0
goldbox-rpg/pkg/pcg/validation.go:182.27,184.3 1 0
goldbox-rpg/pkg/pcg/validation.go:187.2,187.28 1 0
goldbox-rpg/pkg/pcg/validation.go:187.28,189.3 1 0
goldbox-rpg/pkg/pcg/validation.go:191.2,191.44 1 0
goldbox-rpg/pkg/pcg/validation.go:191.44,193.3 1 0
goldbox-rpg/pkg/pcg/validation.go:195.2,195.15 1 0
goldbox-rpg/pkg/pcg/validation.go:199.78,202.20 2 0
goldbox-rpg/pkg/pcg/validation.go:202.20,205.3 2 0
goldbox-rpg/pkg/pcg/validation.go:208.2,208.47 1 0
goldbox-rpg/pkg/pcg/validation.go:208.47,210.3 1 0
goldbox-rpg/pkg/pcg/validation.go:213.2,213.42 1 0
goldbox-rpg/pkg/pcg/validation.go:213.42,215.3 1 0
goldbox-rpg/pkg/pcg/validation.go:217.2,217.36 1 0
goldbox-rpg/pkg/pcg/validation.go:217.36,218.32 1 0
goldbox-rpg/pkg/pcg/validation.go:218.32,220.4 1 0
goldbox-rpg/pkg/pcg/validation.go:224.2,224.18 1 0
goldbox-rpg/pkg/pcg/validation.go:224.18,225.42 1 0
goldbox-rpg/pkg/pcg/validation.go:225.42,227.4 1 0
goldbox-rpg/pkg/pcg/validation.go:230.2,230.15 1 0
goldbox-rpg/pkg/pcg/validation.go:234.69,237.17 2 0
goldbox-rpg/pkg/pcg/validation.go:237.17,240.3 2 0
goldbox-rpg/pkg/pcg/validation.go:243.2,243.38 1 0
goldbox-rpg/pkg/pcg/validation.go:243.38,245.3 1 0
goldbox-rpg/pkg/pcg/validation.go:247.2,247.40 1 0
goldbox-rpg/pkg/pcg/validation.go:247.40,249.3 1 0
goldbox-rpg/pkg/pcg/validation.go:251.2,251.40 1 0
goldbox-rpg/pkg/pcg/validation.go:251.40,253.3 1 0
goldbox-rpg/pkg/pcg/validation.go:256.2,256.20 1 0
goldbox-rpg/pkg/pcg/validation.go:256.20,258.3 1 0
goldbox-rpg/pkg/pcg/validation.go:261.2,261.21 1 0
goldbox-rpg/pkg/pcg/validation.go:261.21,263.3 1 0
goldbox-rpg/pkg/pcg/validation.go:266.2,266.42 1 0
goldbox-rpg/pkg/pcg/validation.go:266.42,268.3 1 0
goldbox-rpg/pkg/pcg/validation.go:271.2,271.67 1 0
goldbox-rpg/pkg/pcg/validation.go:271.67,273.3 1 0
goldbox-rpg/pkg/pcg/validation.go:275.2,275.15 1 0
goldbox-rpg/pkg/pcg/validation.go:279.72,282.18 2 0
goldbox-rpg/pkg/pcg/validation.go:282.18,285.3 2 0
goldbox-rpg/pkg/pcg/validation.go:288.2,288.39 1 0
goldbox-rpg/pkg/pcg/validation.go:288.39,290.3 1 0
goldbox-rpg/pkg/pcg/validation.go:292.2,292.41 1 0
goldbox-rpg/pkg/pcg/validation.go:292.41,294.3 1 0
goldbox-rpg/pkg/pcg/validation.go:297.2,297.43 1 0
goldbox-rpg/pkg/pcg/validation.go:297.43,299.3 1 0
goldbox-rpg/pkg/pcg/validation.go:302.2,302.38 1 0
goldbox-rpg/pkg/pcg/validation.go:302.38,304.3 1 0
goldbox-rpg/pkg/pcg/validation.go:306.2,306.34 1 0
goldbox-rpg/pkg/pcg/validation.go:306.34,307.30 1 0
goldbox-rpg/pkg/pcg/validation.go:307.30,309.4 1 0
goldbox-rpg/pkg/pcg/validation.go:312.2,312.15 1 0
goldbox-rpg/pkg/pcg/validation.go:316.72,319.18 2 0
goldbox-rpg/pkg/pcg/validation.go:319.18,322.3 2 0
goldbox-rpg/pkg/pcg/validation.go:324.2,328.15 4 0
goldbox-rpg/pkg/pcg/validation.go:332.86,333.39 1 0
goldbox-rpg/pkg/pcg/validation.go:333.39,335.3 1 0
goldbox-rpg/pkg/pcg/validation.go:337.2,337.42 1 0
goldbox-rpg/pkg/pcg/validation.go:337.42,339.3 1 0
goldbox-rpg/pkg/pcg/validation.go:341.2,341.48 1 0
goldbox-rpg/pkg/pcg/validation.go:341.48,343.3 1 0
goldbox-rpg/pkg/pcg/validation.go:347.86,353.44 2 0
goldbox-rpg/pkg/pcg/validation.go:353.44,354.34 1 0
goldbox-rpg/pkg/pcg/validation.go:354.34,356.4 1 0
goldbox-rpg/pkg/pcg/validation.go:358.2,358.72 1 0
goldbox-rpg/pkg/pcg/validation.go:362.91,363.32 1 0
goldbox-rpg/pkg/pcg/validation.go:363.32,365.3 1 0
goldbox-rpg/pkg/pcg/validation.go:367.2,367.29 1 0
goldbox-rpg/pkg/pcg/validation.go:367.29,369.3 1 0
goldbox-rpg/pkg/pcg/validation.go:373.73,374.38 1 0
goldbox-rpg/pkg/pcg/validation.go:374.38,376.3 1 0
goldbox-rpg/pkg/pcg/validation.go:378.2,379.29 2 0
goldbox-rpg/pkg/pcg/validation.go:379.29,381.3 1 0
goldbox-rpg/pkg/pcg/validation.go:383.2,384.45 2 0
goldbox-rpg/pkg/pcg/validation.go:388.70,390.2 1 0
goldbox-rpg/pkg/pcg/validation.go:393.78,395.38 2 0
goldbox-rpg/pkg/pcg/validation.go:395.38,396.38 1 0
goldbox-rpg/pkg/pcg/validation.go:396.38,397.36 1 0
goldbox-rpg/pkg/pcg/validation.go:397.36,399.5 1 0
goldbox-rpg/pkg/pcg/validation.go:402.2,402.22 1 0
goldbox-rpg/pkg/pcg/validation.go:406.101,414.21 6 0
goldbox-rpg/pkg/pcg/validation.go:414.21,419.41 4 0
goldbox-rpg/pkg/pcg/validation.go:419.41,423.4 3 0
goldbox-rpg/pkg/pcg/validation.go:426.2,426.23 1 0
goldbox-rpg/pkg/pcg/validation.go:430.61,437.2 1 0
goldbox-rpg/pkg/pcg/validation.go:440.172,443.33 2 0
goldbox-rpg/pkg/pcg/validation.go:443.33,449.99 2 0
goldbox-rpg/pkg/pcg/validation.go:449.99,451.4 1 0
goldbox-rpg/pkg/pcg/validation.go:454.2,454.17 1 0
goldbox-rpg/pkg/pcg/validation.go:458.84,460.2 1 0
goldbox-rpg/pkg/pcg/validator.go:89.67,90.19 1 1
goldbox-rpg/pkg/pcg/validator.go:90.19,93.3 2 1
goldbox-rpg/pkg/pcg/validator.go:95.2,106.18 4 1
goldbox-rpg/pkg/pcg/validator.go:110.130,115.13 4 1
goldbox-rpg/pkg/pcg/validator.go:115.13,118.3 2 1
goldbox-rpg/pkg/pcg/validator.go:120.2,128.29 4 1
goldbox-rpg/pkg/pcg/validator.go:128.29,129.10 1 1
goldbox-rpg/pkg/pcg/validator.go:130.21,131.25 1 1
goldbox-rpg/pkg/pcg/validator.go:132.11,132.11 0 1
goldbox-rpg/pkg/pcg/validator.go:135.3,140.21 4 1
goldbox-rpg/pkg/pcg/validator.go:140.21,146.4 1 1
goldbox-rpg/pkg/pcg/validator.go:148.3,148.36 1 1
goldbox-rpg/pkg/pcg/validator.go:151.2,160.21 4 1
goldbox-rpg/pkg/pcg/validator.go:164.142,166.16 2 1
goldbox-rpg/pkg/pcg/validator.go:166.16,168.3 1 0
goldbox-rpg/pkg/pcg/validator.go:170.2,173.33 3 1
goldbox-rpg/pkg/pcg/validator.go:173.33,174.98 1 1
goldbox-rpg/pkg/pcg/validator.go:174.98,176.9 2 1
goldbox-rpg/pkg/pcg/validator.go:180.2,180.17 1 1
goldbox-rpg/pkg/pcg/validator.go:180.17,185.13 4 1
goldbox-rpg/pkg/pcg/validator.go:185.13,186.35 1 1
goldbox-rpg/pkg/pcg/validator.go:186.35,187.52 1 1
goldbox-rpg/pkg/pcg/validator.go:187.52,195.20 3 1
goldbox-rpg/pkg/pcg/validator.go:195.20,197.15 2 0
goldbox-rpg/pkg/pcg/validator.go:200.6,204.11 4 1
goldbox-rpg/pkg/pcg/validator.go:210.2,210.35 1 1
goldbox-rpg/pkg/pcg/validator.go:214.98,225.2 4 1
goldbox-rpg/pkg/pcg/validator.go:228.103,238.2 4 1
goldbox-rpg/pkg/pcg/validator.go:241.70,243.2 1 0
goldbox-rpg/pkg/pcg/validator.go:246.44,248.2 1 0
goldbox-rpg/pkg/pcg/validator.go:251.54,269.2 6 1
goldbox-rpg/pkg/pcg/validator.go:272.54,278.48 1 1
goldbox-rpg/pkg/pcg/validator.go:278.48,280.12 2 1
goldbox-rpg/pkg/pcg/validator.go:280.12,286.6 1 0
goldbox-rpg/pkg/pcg/validator.go:289.5,299.41 3 1
goldbox-rpg/pkg/pcg/validator.go:299.41,300.33 1 1
goldbox-rpg/pkg/pcg/validator.go:300.33,302.7 1 1
goldbox-rpg/pkg/pcg/validator.go:305.5,305.30 1 1
goldbox-rpg/pkg/pcg/validator.go:305.30,318.6 1 1
goldbox-rpg/pkg/pcg/validator.go:320.5,320.75 1 1
goldbox-rpg/pkg/pcg/validator.go:327.48,329.12 2 1
goldbox-rpg/pkg/pcg/validator.go:329.12,331.6 1 0
goldbox-rpg/pkg/pcg/validator.go:333.5,333.43 1 1
goldbox-rpg/pkg/pcg/validator.go:333.43,343.6 1 1
goldbox-rpg/pkg/pcg/validator.go:345.5,345.69 1 1
goldbox-rpg/pkg/pcg/validator.go:350.2,350.29 1 1
goldbox-rpg/pkg/pcg/validator.go:350.29,352.3 1 1
goldbox-rpg/pkg/pcg/validator.go:356.50,362.48 1 1
goldbox-rpg/pkg/pcg/validator.go:362.48,364.12 2 1
goldbox-rpg/pkg/pcg/validator.go:364.12,366.6 1 0
goldbox-rpg/pkg/pcg/validator.go:368.5,368.35 1 1
goldbox-rpg/pkg/pcg/validator.go:368.35,378.6 1 1
goldbox-rpg/pkg/pcg/validator.go:380.5,380.71 1 1
goldbox-rpg/pkg/pcg/validator.go:387.48,389.12 2 1
goldbox-rpg/pkg/pcg/validator.go:389.12,391.6 1 0
goldbox-rpg/pkg/pcg/validator.go:393.5,393.45 1 1
goldbox-rpg/pkg/pcg/validator.go:393.45,403.6 1 0
goldbox-rpg/pkg/pcg/validator.go:405.5,405.66 1 1
goldbox-rpg/pkg/pcg/validator.go:410.2,410.29 1 1
goldbox-rpg/pkg/pcg/validator.go:410.29,412.3 1 1
goldbox-rpg/pkg/pcg/validator.go:416.52,422.48 1 1
goldbox-rpg/pkg/pcg/validator.go:422.48,424.12 2 0
goldbox-rpg/pkg/pcg/validator.go:424.12,426.6 1 0
goldbox-rpg/pkg/pcg/validator.go:428.5,428.33 1 0
goldbox-rpg/pkg/pcg/validator.go:428.33,438.6 1 0
goldbox-rpg/pkg/pcg/validator.go:440.5,440.69 1 0
goldbox-rpg/pkg/pcg/validator.go:447.48,449.12 2 0
goldbox-rpg/pkg/pcg/validator.go:449.12,451.6 1 0
goldbox-rpg/pkg/pcg/validator.go:453.5,453.33 1 0
goldbox-rpg/pkg/pcg/validator.go:453.33,455.6 1 0
goldbox-rpg/pkg/pcg/validator.go:458.5,459.52 2 0
goldbox-rpg/pkg/pcg/validator.go:459.52,462.6 2 0
goldbox-rpg/pkg/pcg/validator.go:464.5,465.35 2 0
goldbox-rpg/pkg/pcg/validator.go:465.35,466.29 1 0
goldbox-rpg/pkg/pcg/validator.go:466.29,468.7 1 0
goldbox-rpg/pkg/pcg/validator.go:471.5,471.35 1 0
goldbox-rpg/pkg/pcg/validator.go:471.35,485.6 1 0
goldbox-rpg/pkg/pcg/validator.go:487.5,487.82 1 0
goldbox-rpg/pkg/pcg/validator.go:492.2,492.29 1 1
goldbox-rpg/pkg/pcg/validator.go:492.29,494.3 1 1
goldbox-rpg/pkg/pcg/validator.go:498.53,504.48 1 1
goldbox-rpg/pkg/pcg/validator.go:504.48,506.12 2 0
goldbox-rpg/pkg/pcg/validator.go:506.12,508.6 1 0
goldbox-rpg/pkg/pcg/validator.go:510.5,510.29 1 0
goldbox-rpg/pkg/pcg/validator.go:510.29,520.6 1 0
goldbox-rpg/pkg/pcg/validator.go:522.5,522.70 1 0
goldbox-rpg/pkg/pcg/validator.go:527.2,527.29 1 1
goldbox-rpg/pkg/pcg/validator.go:527.29,529.3 1 1
goldbox-rpg/pkg/pcg/validator.go:533.52,539.48 1 1
goldbox-rpg/pkg/pcg/validator.go:539.48,541.12 2 0
goldbox-rpg/pkg/pcg/validator.go:541.12,543.6 1 0
goldbox-rpg/pkg/pcg/validator.go:545.5,545.39 1 0
goldbox-rpg/pkg/pcg/validator.go:545.39,547.6 1 0
goldbox-rpg/pkg/pcg/validator.go:549.5,551.46 3 0
goldbox-rpg/pkg/pcg/validator.go:551.46,552.80 1 0
goldbox-rpg/pkg/pcg/validator.go:552.80,554.7 1 0
goldbox-rpg/pkg/pcg/validator.go:554.12,554.91 1 0
goldbox-rpg/pkg/pcg/validator.go:554.91,556.7 1 0
goldbox-rpg/pkg/pcg/validator.go:559.5,563.27 4 0
goldbox-rpg/pkg/pcg/validator.go:563.27,577.6 1 0
goldbox-rpg/pkg/pcg/validator.go:579.5,579.28 1 0
goldbox-rpg/pkg/pcg/validator.go:579.28,593.6 1 0
goldbox-rpg/pkg/pcg/validator.go:595.5,595.79 1 0
goldbox-rpg/pkg/pcg/validator.go:600.2,600.29 1 1
goldbox-rpg/pkg/pcg/validator.go:600.29,602.3 1 1
goldbox-rpg/pkg/pcg/validator.go:606.50,612.48 1 1
goldbox-rpg/pkg/pcg/validator.go:612.48,614.12 2 0
goldbox-rpg/pkg/pcg/validator.go:614.12,616.6 1 0
goldbox-rpg/pkg/pcg/validator.go:618.5,618.36 1 0
goldbox-rpg/pkg/pcg/validator.go:618.36,628.6 1 0
goldbox-rpg/pkg/pcg/validator.go:630.5,630.66 1 0
goldbox-rpg/pkg/pcg/validator.go:635.2,635.29 1 1
goldbox-rpg/pkg/pcg/validator.go:635.29,637.3 1 1
goldbox-rpg/pkg/pcg/validator.go:641.58,650.2 3 1
goldbox-rpg/pkg/pcg/validator.go:653.48,657.2 1 1
goldbox-rpg/pkg/pcg/validator.go:660.89,670.33 7 1
goldbox-rpg/pkg/pcg/validator.go:670.33,671.21 1 1
goldbox-rpg/pkg/pcg/validator.go:671.21,673.43 2 1
goldbox-rpg/pkg/pcg/validator.go:673.43,675.5 1 1
goldbox-rpg/pkg/pcg/validator.go:679.2,679.12 1 1
goldbox-rpg/pkg/pcg/validator.go:679.12,681.3 1 1
goldbox-rpg/pkg/pcg/validator.go:681.8,683.18 2 1
goldbox-rpg/pkg/pcg/validator.go:683.18,685.4 1 1
goldbox-rpg/pkg/pcg/validator.go:690.67,695.2 3 1
goldbox-rpg/pkg/pcg/validator.go:698.47,703.2 3 1
goldbox-rpg/pkg/pcg/validator.go:706.59,711.43 4 1
goldbox-rpg/pkg/pcg/validator.go:711.43,713.3 1 1
goldbox-rpg/pkg/pcg/validator.go:715.2,723.3 1 1
goldbox-rpg/pkg/pcg/validator.go:727.38,738.2 9 1
goldbox-rpg/pkg/pcg/validator.go:741.55,745.30 3 1
goldbox-rpg/pkg/pcg/validator.go:745.30,747.3 1 1
goldbox-rpg/pkg/pcg/validator.go:749.2,749.77 1 1
goldbox-rpg/pkg/pcg/validator.go:753.71,757.30 3 1
goldbox-rpg/pkg/pcg/validator.go:757.30,759.3 1 1
goldbox-rpg/pkg/pcg/validator.go:761.2,761.67 1 1
goldbox-rpg/pkg/pcg/validator.go:765.63,769.30 3 1
goldbox-rpg/pkg/pcg/validator.go:769.30,771.3 1 0
goldbox-rpg/pkg/pcg/validator.go:773.2,773.76 1 1
goldbox-rpg/pkg/pcg/validator.go:777.58,781.2 3 0
goldbox-rpg/pkg/pcg/validator.go:790.66,793.2 1 1
goldbox-rpg/pkg/pcg/validator.go:795.121,797.9 2 1
goldbox-rpg/pkg/pcg/validator.go:797.9,799.3 1 0
goldbox-rpg/pkg/pcg/validator.go:802.2,802.51 1 1
goldbox-rpg/pkg/pcg/validator.go:802.51,811.3 7 1
goldbox-rpg/pkg/pcg/validator.go:814.2,814.84 1 1
goldbox-rpg/pkg/pcg/validator.go:814.84,816.24 2 1
goldbox-rpg/pkg/pcg/validator.go:816.24,818.4 1 1
goldbox-rpg/pkg/pcg/validator.go:819.3,820.88 2 1
goldbox-rpg/pkg/pcg/validator.go:823.2,823.18 1 1
goldbox-rpg/pkg/pcg/validator.go:826.60,828.2 1 1
goldbox-rpg/pkg/pcg/validator.go:835.62,838.2 1 1
goldbox-rpg/pkg/pcg/validator.go:840.117,842.9 2 1
goldbox-rpg/pkg/pcg/validator.go:842.9,844.3 1 0
goldbox-rpg/pkg/pcg/validator.go:847.2,847.81 1 1
goldbox-rpg/pkg/pcg/validator.go:847.81,856.3 3 1
goldbox-rpg/pkg/pcg/validator.go:859.2,859.87 1 1
goldbox-rpg/pkg/pcg/validator.go:859.87,861.24 2 1
goldbox-rpg/pkg/pcg/validator.go:861.24,863.4 1 1
goldbox-rpg/pkg/pcg/validator.go:864.3,865.82 2 1
goldbox-rpg/pkg/pcg/validator.go:868.2,868.19 1 1
goldbox-rpg/pkg/pcg/validator.go:871.56,873.2 1 1
goldbox-rpg/pkg/pcg/validator.go:880.64,883.2 1 0
goldbox-rpg/pkg/pcg/validator.go:885.119,887.9 2 0
goldbox-rpg/pkg/pcg/validator.go:887.9,889.3 1 0
goldbox-rpg/pkg/pcg/validator.go:892.2,892.79 1 0
goldbox-rpg/pkg/pcg/validator.go:892.79,893.28 1 0
goldbox-rpg/pkg/pcg/validator.go:893.28,895.4 1 0
goldbox-rpg/pkg/pcg/validator.go:896.3,906.83 3 0
goldbox-rpg/pkg/pcg/validator.go:910.2,910.80 1 0
goldbox-rpg/pkg/pcg/validator.go:910.80,911.46 1 0
goldbox-rpg/pkg/pcg/validator.go:911.46,913.45 2 0
goldbox-rpg/pkg/pcg/validator.go:913.45,915.51 1 0
goldbox-rpg/pkg/pcg/validator.go:915.51,917.11 2 0
goldbox-rpg/pkg/pcg/validator.go:921.4,921.25 1 0
goldbox-rpg/pkg/pcg/validator.go:921.25,931.5 2 0
goldbox-rpg/pkg/pcg/validator.go:933.3,933.87 1 0
goldbox-rpg/pkg/pcg/validator.go:936.2,936.21 1 0
goldbox-rpg/pkg/pcg/validator.go:939.58,941.2 1 1
goldbox-rpg/pkg/pcg/validator.go:946.36,947.15 1 1
goldbox-rpg/pkg/pcg/validator.go:947.15,949.3 1 1
goldbox-rpg/pkg/pcg/validator.go:950.2,950.16 1 1
goldbox-rpg/pkg/pcg/validator.go:950.16,952.3 1 1
goldbox-rpg/pkg/pcg/validator.go:953.2,953.14 1 1
goldbox-rpg/pkg/pcg/world.go:245.63,246.19 1 1
goldbox-rpg/pkg/pcg/world.go:246.19,248.3 1 1
goldbox-rpg/pkg/pcg/world.go:250.2,254.3 1 1
goldbox-rpg/pkg/pcg/world.go:259.103,261.9 2 1
goldbox-rpg/pkg/pcg/world.go:261.9,263.3 1 1
goldbox-rpg/pkg/pcg/world.go:266.2,266.44 1 1
goldbox-rpg/pkg/pcg/world.go:266.44,268.3 1 0
goldbox-rpg/pkg/pcg/world.go:271.2,281.16 4 1
goldbox-rpg/pkg/pcg/world.go:281.16,283.3 1 0
goldbox-rpg/pkg/pcg/world.go:285.2,286.19 2 1
goldbox-rpg/pkg/pcg/world.go:290.137,306.63 2 1
goldbox-rpg/pkg/pcg/world.go:306.63,308.3 1 0
goldbox-rpg/pkg/pcg/world.go:311.2,311.65 1 1
goldbox-rpg/pkg/pcg/world.go:311.65,313.3 1 0
goldbox-rpg/pkg/pcg/world.go:316.2,316.67 1 1
goldbox-rpg/pkg/pcg/world.go:316.67,318.3 1 0
goldbox-rpg/pkg/pcg/world.go:321.2,321.69 1 1
goldbox-rpg/pkg/pcg/world.go:321.69,323.3 1 0
goldbox-rpg/pkg/pcg/world.go:326.2,330.19 4 1
goldbox-rpg/pkg/pcg/world.go:334.92,340.50 4 1
goldbox-rpg/pkg/pcg/world.go:340.50,341.49 1 1
goldbox-rpg/pkg/pcg/world.go:341.49,342.38 1 1
goldbox-rpg/pkg/pcg/world.go:342.38,343.10 1 0
goldbox-rpg/pkg/pcg/world.go:347.4,349.29 3 1
goldbox-rpg/pkg/pcg/world.go:349.29,351.5 1 0
goldbox-rpg/pkg/pcg/world.go:352.4,352.31 1 1
goldbox-rpg/pkg/pcg/world.go:352.31,354.5 1 0
goldbox-rpg/pkg/pcg/world.go:356.4,370.14 3 1
goldbox-rpg/pkg/pcg/world.go:372.3,372.37 1 1
goldbox-rpg/pkg/pcg/world.go:372.37,373.9 1 1
goldbox-rpg/pkg/pcg/world.go:377.2,377.12 1 1
goldbox-rpg/pkg/pcg/world.go:381.94,382.44 1 1
goldbox-rpg/pkg/pcg/world.go:382.44,394.3 2 1
goldbox-rpg/pkg/pcg/world.go:396.2,396.12 1 1
goldbox-rpg/pkg/pcg/world.go:400.96,403.46 2 1
goldbox-rpg/pkg/pcg/world.go:403.46,409.30 4 1
goldbox-rpg/pkg/pcg/world.go:409.30,417.47 3 1
goldbox-rpg/pkg/pcg/world.go:417.47,419.31 2 1
goldbox-rpg/pkg/pcg/world.go:419.31,421.11 2 1
goldbox-rpg/pkg/pcg/world.go:425.4,425.21 1 1
goldbox-rpg/pkg/pcg/world.go:425.21,426.10 1 1
goldbox-rpg/pkg/pcg/world.go:428.4,428.14 1 1
goldbox-rpg/pkg/pcg/world.go:431.3,431.30 1 1
goldbox-rpg/pkg/pcg/world.go:431.30,433.12 2 0
goldbox-rpg/pkg/pcg/world.go:437.3,455.60 3 1
goldbox-rpg/pkg/pcg/world.go:458.2,458.12 1 1
goldbox-rpg/pkg/pcg/world.go:462.98,464.47 1 1
goldbox-rpg/pkg/pcg/world.go:464.47,467.45 2 1
goldbox-rpg/pkg/pcg/world.go:467.45,470.47 2 1
goldbox-rpg/pkg/pcg/world.go:470.47,472.69 1 1
goldbox-rpg/pkg/pcg/world.go:472.69,474.11 2 1
goldbox-rpg/pkg/pcg/world.go:478.4,478.25 1 1
goldbox-rpg/pkg/pcg/world.go:478.25,485.5 4 1
goldbox-rpg/pkg/pcg/world.go:489.2,489.12 1 1
goldbox-rpg/pkg/pcg/world.go:494.73,509.2 5 1
goldbox-rpg/pkg/pcg/world.go:511.61,519.2 5 1
goldbox-rpg/pkg/pcg/world.go:521.59,529.2 5 1
goldbox-rpg/pkg/pcg/world.go:531.57,539.2 5 1
goldbox-rpg/pkg/pcg/world.go:541.64,552.2 2 1
goldbox-rpg/pkg/pcg/world.go:554.70,564.2 2 1
goldbox-rpg/pkg/pcg/world.go:566.84,568.2 1 1
goldbox-rpg/pkg/pcg/world.go:570.62,575.37 4 1
goldbox-rpg/pkg/pcg/world.go:575.37,579.38 3 1
goldbox-rpg/pkg/pcg/world.go:579.38,580.28 1 1
goldbox-rpg/pkg/pcg/world.go:580.28,582.10 2 1
goldbox-rpg/pkg/pcg/world.go:585.3,585.13 1 1
goldbox-rpg/pkg/pcg/world.go:585.13,587.4 1 1
goldbox-rpg/pkg/pcg/world.go:590.2,590.18 1 1
goldbox-rpg/pkg/pcg/world.go:593.68,598.36 4 1
goldbox-rpg/pkg/pcg/world.go:598.36,601.3 2 1
goldbox-rpg/pkg/pcg/world.go:603.2,603.17 1 1
goldbox-rpg/pkg/pcg/world.go:606.61,609.2 2 1
goldbox-rpg/pkg/pcg/world.go:611.90,615.16 2 1
goldbox-rpg/pkg/pcg/world.go:615.16,617.3 1 1
goldbox-rpg/pkg/pcg/world.go:617.8,617.23 1 1
goldbox-rpg/pkg/pcg/world.go:617.23,619.3 1 1
goldbox-rpg/pkg/pcg/world.go:619.8,619.23 1 1
goldbox-rpg/pkg/pcg/world.go:619.23,621.3 1 1
goldbox-rpg/pkg/pcg/world.go:621.8,623.3 1 1
goldbox-rpg/pkg/pcg/world.go:626.88,630.2 3 1
goldbox-rpg/pkg/pcg/world.go:632.65,635.2 2 1
goldbox-rpg/pkg/pcg/world.go:637.59,640.2 2 1
goldbox-rpg/pkg/pcg/world.go:642.76,646.15 2 1
goldbox-rpg/pkg/pcg/world.go:646.15,648.3 1 0
goldbox-rpg/pkg/pcg/world.go:648.8,648.22 1 1
goldbox-rpg/pkg/pcg/world.go:648.22,650.3 1 0
goldbox-rpg/pkg/pcg/world.go:650.8,650.21 1 1
goldbox-rpg/pkg/pcg/world.go:650.21,652.3 1 1
goldbox-rpg/pkg/pcg/world.go:652.8,652.21 1 1
goldbox-rpg/pkg/pcg/world.go:652.21,654.3 1 1
goldbox-rpg/pkg/pcg/world.go:654.8,656.3 1 1
goldbox-rpg/pkg/pcg/world.go:659.60,664.36 4 1
goldbox-rpg/pkg/pcg/world.go:664.36,667.3 2 1
goldbox-rpg/pkg/pcg/world.go:669.2,669.17 1 1
goldbox-rpg/pkg/pcg/world.go:672.75,676.2 3 1
goldbox-rpg/pkg/pcg/world.go:678.103,679.39 1 1
goldbox-rpg/pkg/pcg/world.go:679.39,680.53 1 1
goldbox-rpg/pkg/pcg/world.go:680.53,682.4 1 1
goldbox-rpg/pkg/pcg/world.go:684.2,684.18 1 1
goldbox-rpg/pkg/pcg/world.go:687.122,695.42 3 1
goldbox-rpg/pkg/pcg/world.go:695.42,696.32 1 1
goldbox-rpg/pkg/pcg/world.go:696.32,699.4 2 1
goldbox-rpg/pkg/pcg/world.go:703.2,703.40 1 1
goldbox-rpg/pkg/pcg/world.go:703.40,704.43 1 1
goldbox-rpg/pkg/pcg/world.go:704.43,705.53 1 1
goldbox-rpg/pkg/pcg/world.go:705.53,707.5 1 1
goldbox-rpg/pkg/pcg/world.go:712.2,713.51 2 1
goldbox-rpg/pkg/pcg/world.go:713.51,715.3 1 1
goldbox-rpg/pkg/pcg/world.go:717.2,717.15 1 1
goldbox-rpg/pkg/pcg/world.go:720.78,735.2 2 1
goldbox-rpg/pkg/pcg/world.go:737.62,742.35 4 1
goldbox-rpg/pkg/pcg/world.go:742.35,745.3 2 1
goldbox-rpg/pkg/pcg/world.go:747.2,747.16 1 1
goldbox-rpg/pkg/pcg/world.go:750.79,752.47 2 1
goldbox-rpg/pkg/pcg/world.go:752.47,754.3 1 1
goldbox-rpg/pkg/pcg/world.go:755.2,755.14 1 1
goldbox-rpg/pkg/pcg/world.go:761.49,763.2 1 1
goldbox-rpg/pkg/pcg/world.go:766.47,768.2 1 1
goldbox-rpg/pkg/pcg/world.go:771.67,773.9 2 1
goldbox-rpg/pkg/pcg/world.go:773.9,775.3 1 1
goldbox-rpg/pkg/pcg/world.go:777.2,777.66 1 1
goldbox-rpg/pkg/pcg/world.go:777.66,779.3 1 1
goldbox-rpg/pkg/pcg/world.go:781.2,781.68 1 1
goldbox-rpg/pkg/pcg/world.go:781.68,783.3 1 0
goldbox-rpg/pkg/pcg/world.go:785.2,785.66 1 1
goldbox-rpg/pkg/pcg/world.go:785.66,787.3 1 0
goldbox-rpg/pkg/pcg/world.go:789.2,789.74 1 1
goldbox-rpg/pkg/pcg/world.go:789.74,791.3 1 0
goldbox-rpg/pkg/pcg/world.go:793.2,793.81 1 1
goldbox-rpg/pkg/pcg/world.go:793.81,795.3 1 1
goldbox-rpg/pkg/pcg/world.go:797.2,797.63 1 1
goldbox-rpg/pkg/pcg/world.go:797.63,799.3 1 1
goldbox-rpg/pkg/pcg/world.go:801.2,801.65 1 1
goldbox-rpg/pkg/pcg/world.go:801.65,803.3 1 0
goldbox-rpg/pkg/pcg/world.go:805.2,805.12 1 1
goldbox-rpg/pkg/pcg/terrain/biomes.go:109.72,111.13 2 1
goldbox-rpg/pkg/pcg/terrain/biomes.go:111.13,113.3 1 1
goldbox-rpg/pkg/pcg/terrain/biomes.go:116.2,117.21 2 1
goldbox-rpg/pkg/pcg/terrain/biomes.go:121.84,123.16 2 1
goldbox-rpg/pkg/pcg/terrain/biomes.go:123.16,125.3 1 0
goldbox-rpg/pkg/pcg/terrain/biomes.go:128.2,128.25 1 1
goldbox-rpg/pkg/pcg/terrain/biomes.go:128.25,130.3 1 1
goldbox-rpg/pkg/pcg/terrain/biomes.go:132.2,136.28 3 1
goldbox-rpg/pkg/pcg/terrain/biomes.go:136.28,138.3 1 1
goldbox-rpg/pkg/pcg/terrain/biomes.go:140.2,140.12 1 1
goldbox-rpg/pkg/pcg/terrain/biomes.go:144.74,146.16 2 1
goldbox-rpg/pkg/pcg/terrain/biomes.go:146.16,148.3 1 1
goldbox-rpg/pkg/pcg/terrain/biomes.go:150.2,150.26 1 1
goldbox-rpg/pkg/pcg/terrain/biomes.go:154.80,156.16 2 1
goldbox-rpg/pkg/pcg/terrain/biomes.go:156.16,158.3 1 0
goldbox-rpg/pkg/pcg/terrain/biomes.go:161.2,162.41 2 1
goldbox-rpg/pkg/pcg/terrain/biomes.go:162.41,164.3 1 1
goldbox-rpg/pkg/pcg/terrain/biomes.go:166.2,166.20 1 1
goldbox-rpg/pkg/pcg/terrain/cellular_automata.go:26.48,38.2 1 1
goldbox-rpg/pkg/pcg/terrain/cellular_automata.go:41.51,53.2 1 1
goldbox-rpg/pkg/pcg/terrain/cellular_automata.go:56.118,57.19 1 1
goldbox-rpg/pkg/pcg/terrain/cellular_automata.go:57.19,59.3 1 1
goldbox-rpg/pkg/pcg/terrain/cellular_automata.go:62.2,63.27 2 1
goldbox-rpg/pkg/pcg/terrain/cellular_automata.go:63.27,65.3 1 1
goldbox-rpg/pkg/pcg/terrain/cellular_automata.go:65.8,67.3 1 1
goldbox-rpg/pkg/pcg/terrain/cellular_automata.go:68.2,68.16 1 1
goldbox-rpg/pkg/pcg/terrain/cellular_automata.go:68.16,70.3 1 0
goldbox-rpg/pkg/pcg/terrain/cellular_automata.go:73.2,73.44 1 1
goldbox-rpg/pkg/pcg/terrain/cellular_automata.go:73.44,74.80 1 1
goldbox-rpg/pkg/pcg/terrain/cellular_automata.go:74.80,76.4 1 0
goldbox-rpg/pkg/pcg/terrain/cellular_automata.go:80.2,80.70 1 1
goldbox-rpg/pkg/pcg/terrain/cellular_automata.go:80.70,82.3 1 0
goldbox-rpg/pkg/pcg/terrain/cellular_automata.go:85.2,85.46 1 1
goldbox-rpg/pkg/pcg/terrain/cellular_automata.go:85.46,86.53 1 1
goldbox-rpg/pkg/pcg/terrain/cellular_automata.go:86.53,88.4 1 0
goldbox-rpg/pkg/pcg/terrain/cellular_automata.go:92.2,92.74 1 1
goldbox-rpg/pkg/pcg/terrain/cellular_automata.go:92.74,94.3 1 0
goldbox-rpg/pkg/pcg/terrain/cellular_automata.go:96.2,96.12 1 1
goldbox-rpg/pkg/pcg/terrain/cellular_automata.go:100.88,105.38 2 1
goldbox-rpg/pkg/pcg/terrain/cellular_automata.go:105.38,106.38 1 1
goldbox-rpg/pkg/pcg/terrain/cellular_automata.go:106.38,107.38 1 1
goldbox-rpg/pkg/pcg/terrain/cellular_automata.go:107.38,112.5 4 1
goldbox-rpg/pkg/pcg/terrain/cellular_automata.go:112.10,117.5 4 1
goldbox-rpg/pkg/pcg/terrain/cellular_automata.go:121.2,121.12 1 1
goldbox-rpg/pkg/pcg/terrain/cellular_automata.go:127.114,128.37 1 1
goldbox-rpg/pkg/pcg/terrain/cellular_automata.go:128.37,130.3 1 1
goldbox-rpg/pkg/pcg/terrain/cellular_automata.go:133.2,136.16 2 1
goldbox-rpg/pkg/pcg/terrain/cellular_automata.go:136.16,138.3 1 1
goldbox-rpg/pkg/pcg/terrain/cellular_automata.go:140.2,140.38 1 1
goldbox-rpg/pkg/pcg/terrain/cellular_automata.go:140.38,141.38 1 1
goldbox-rpg/pkg/pcg/terrain/cellular_automata.go:141.38,149.40 3 1
goldbox-rpg/pkg/pcg/terrain/cellular_automata.go:149.40,154.5 4 1
goldbox-rpg/pkg/pcg/terrain/cellular_automata.go:154.10,159.5 4 1
goldbox-rpg/pkg/pcg/terrain/cellular_automata.go:163.2,163.12 1 1
goldbox-rpg/pkg/pcg/terrain/cellular_automata.go:167.109,169.26 2 1
goldbox-rpg/pkg/pcg/terrain/cellular_automata.go:169.26,172.3 2 1
goldbox-rpg/pkg/pcg/terrain/cellular_automata.go:174.2,174.38 1 1
goldbox-rpg/pkg/pcg/terrain/cellular_automata.go:174.38,175.38 1 1
goldbox-rpg/pkg/pcg/terrain/cellular_automata.go:175.38,178.41 2 1
goldbox-rpg/pkg/pcg/terrain/cellular_automata.go:178.41,183.5 4 1
goldbox-rpg/pkg/pcg/terrain/cellular_automata.go:183.10,183.49 1 1
goldbox-rpg/pkg/pcg/terrain/cellular_automata.go:183.49,188.5 4 1
goldbox-rpg/pkg/pcg/terrain/cellular_automata.go:193.2,194.12 2 1
goldbox-rpg/pkg/pcg/terrain/cellular_automata.go:198.62,201.30 2 1
goldbox-rpg/pkg/pcg/terrain/cellular_automata.go:201.30,202.31 1 1
goldbox-rpg/pkg/pcg/terrain/cellular_automata.go:202.31,203.26 1 1
goldbox-rpg/pkg/pcg/terrain/cellular_automata.go:203.26,204.13 1 1
goldbox-rpg/pkg/pcg/terrain/cellular_automata.go:207.4,210.71 2 1
goldbox-rpg/pkg/pcg/terrain/cellular_automata.go:210.71,212.5 1 1
goldbox-rpg/pkg/pcg/terrain/cellular_automata.go:212.10,212.46 1 1
goldbox-rpg/pkg/pcg/terrain/cellular_automata.go:212.46,214.5 1 1
goldbox-rpg/pkg/pcg/terrain/cellular_automata.go:218.2,218.18 1 1
goldbox-rpg/pkg/pcg/terrain/cellular_automata.go:222.65,224.25 2 1
goldbox-rpg/pkg/pcg/terrain/cellular_automata.go:224.25,226.3 1 1
goldbox-rpg/pkg/pcg/terrain/cellular_automata.go:228.2,228.38 1 1
goldbox-rpg/pkg/pcg/terrain/cellular_automata.go:228.38,229.38 1 1
goldbox-rpg/pkg/pcg/terrain/cellular_automata.go:229.38,230.54 1 1
goldbox-rpg/pkg/pcg/terrain/cellular_automata.go:230.54,232.28 2 1
goldbox-rpg/pkg/pcg/terrain/cellular_automata.go:232.28,234.31 1 1
goldbox-rpg/pkg/pcg/terrain/cellular_automata.go:234.31,239.7 4 1
goldbox-rpg/pkg/pcg/terrain/cellular_automata.go:245.2,245.12 1 1
goldbox-rpg/pkg/pcg/terrain/cellular_automata.go:249.97,255.21 4 1
goldbox-rpg/pkg/pcg/terrain/cellular_automata.go:255.21,259.82 3 1
goldbox-rpg/pkg/pcg/terrain/cellular_automata.go:259.82,260.12 1 1
goldbox-rpg/pkg/pcg/terrain/cellular_automata.go:263.3,263.69 1 1
goldbox-rpg/pkg/pcg/terrain/cellular_automata.go:263.69,264.12 1 1
goldbox-rpg/pkg/pcg/terrain/cellular_automata.go:267.3,274.63 6 1
goldbox-rpg/pkg/pcg/terrain/cellular_automata.go:277.2,277.13 1 1
goldbox-rpg/pkg/pcg/terrain/cellular_automata.go:281.54,283.26 2 1
goldbox-rpg/pkg/pcg/terrain/cellular_automata.go:283.26,286.3 2 1
goldbox-rpg/pkg/pcg/terrain/cellular_automata.go:288.2,288.40 1 1
goldbox-rpg/pkg/pcg/terrain/cellular_automata.go:288.40,289.40 1 1
goldbox-rpg/pkg/pcg/terrain/cellular_automata.go:289.40,293.54 2 1
goldbox-rpg/pkg/pcg/terrain/cellular_automata.go:293.54,298.5 4 1
goldbox-rpg/pkg/pcg/terrain/cellular_automata.go:298.10,298.60 1 1
goldbox-rpg/pkg/pcg/terrain/cellular_automata.go:298.60,303.5 4 1
goldbox-rpg/pkg/pcg/terrain/cellular_automata.go:307.2,308.12 2 1
goldbox-rpg/pkg/pcg/terrain/cellular_automata.go:312.69,313.38 1 1
goldbox-rpg/pkg/pcg/terrain/cellular_automata.go:313.38,314.38 1 1
goldbox-rpg/pkg/pcg/terrain/cellular_automata.go:314.38,315.91 1 1
goldbox-rpg/pkg/pcg/terrain/cellular_automata.go:315.91,320.5 4 1
goldbox-rpg/pkg/pcg/terrain/cellular_automata.go:324.2,324.12 1 1
goldbox-rpg/pkg/pcg/terrain/generator.go:13.103,15.9 2 1
goldbox-rpg/pkg/pcg/terrain/generator.go:15.9,17.3 1 1
goldbox-rpg/pkg/pcg/terrain/generator.go:19.2,20.9 2 1
goldbox-rpg/pkg/pcg/terrain/generator.go:20.9,22.3 1 1
goldbox-rpg/pkg/pcg/terrain/generator.go:24.2,25.9 2 1
goldbox-rpg/pkg/pcg/terrain/generator.go:25.9,27.3 1 1
goldbox-rpg/pkg/pcg/terrain/generator.go:29.2,29.42 1 1
goldbox-rpg/pkg/pcg/terrain/generator.go:39.64,43.2 1 1
goldbox-rpg/pkg/pcg/terrain/generator.go:46.119,48.16 2 0
goldbox-rpg/pkg/pcg/terrain/generator.go:48.16,50.3 1 0
goldbox-rpg/pkg/pcg/terrain/generator.go:51.2,51.63 1 0
goldbox-rpg/pkg/pcg/terrain/generator.go:55.144,68.30 4 0
goldbox-rpg/pkg/pcg/terrain/generator.go:68.30,70.3 1 0
goldbox-rpg/pkg/pcg/terrain/generator.go:73.2,77.34 3 0
goldbox-rpg/pkg/pcg/terrain/generator.go:77.34,79.10 1 0
goldbox-rpg/pkg/pcg/terrain/generator.go:80.21,81.25 1 0
goldbox-rpg/pkg/pcg/terrain/generator.go:82.11,82.11 0 0
goldbox-rpg/pkg/pcg/terrain/generator.go:85.3,85.49 1 0
goldbox-rpg/pkg/pcg/terrain/generator.go:89.2,89.68 1 0
goldbox-rpg/pkg/pcg/terrain/generator.go:89.68,91.3 1 0
goldbox-rpg/pkg/pcg/terrain/generator.go:94.2,94.49 1 0
goldbox-rpg/pkg/pcg/terrain/generator.go:94.49,95.86 1 0
goldbox-rpg/pkg/pcg/terrain/generator.go:95.86,97.4 1 0
goldbox-rpg/pkg/pcg/terrain/generator.go:100.2,100.21 1 0
goldbox-rpg/pkg/pcg/terrain/generator.go:104.166,109.2 2 0
goldbox-rpg/pkg/pcg/terrain/generator.go:112.88,116.2 3 0
goldbox-rpg/pkg/pcg/terrain/generator.go:119.65,121.2 1 0
goldbox-rpg/pkg/pcg/terrain/generator.go:124.59,126.2 1 0
goldbox-rpg/pkg/pcg/terrain/generator.go:129.83,133.56 2 0
goldbox-rpg/pkg/pcg/terrain/generator.go:133.56,135.3 1 0
goldbox-rpg/pkg/pcg/terrain/generator.go:137.2,138.9 2 0
goldbox-rpg/pkg/pcg/terrain/generator.go:138.9,140.3 1 0
goldbox-rpg/pkg/pcg/terrain/generator.go:142.2,143.23 2 0
goldbox-rpg/pkg/pcg/terrain/generator.go:143.23,145.3 1 0
goldbox-rpg/pkg/pcg/terrain/generator.go:147.2,147.12 1 0
goldbox-rpg/pkg/pcg/terrain/generator.go:151.141,154.26 2 0
goldbox-rpg/pkg/pcg/terrain/generator.go:154.26,156.3 1 0
goldbox-rpg/pkg/pcg/terrain/generator.go:158.2,158.38 1 0
goldbox-rpg/pkg/pcg/terrain/generator.go:158.38,159.38 1 0
goldbox-rpg/pkg/pcg/terrain/generator.go:159.38,161.73 1 0
goldbox-rpg/pkg/pcg/terrain/generator.go:161.73,163.5 1 0
goldbox-rpg/pkg/pcg/terrain/generator.go:163.10,165.47 1 0
goldbox-rpg/pkg/pcg/terrain/generator.go:165.47,167.6 1 0
goldbox-rpg/pkg/pcg/terrain/generator.go:167.11,169.6 1 0
goldbox-rpg/pkg/pcg/terrain/generator.go:176.119,178.38 2 0
goldbox-rpg/pkg/pcg/terrain/generator.go:178.38,180.3 1 0
goldbox-rpg/pkg/pcg/terrain/generator.go:182.2,182.38 1 0
goldbox-rpg/pkg/pcg/terrain/generator.go:182.38,183.38 1 0
goldbox-rpg/pkg/pcg/terrain/generator.go:183.38,187.22 2 0
goldbox-rpg/pkg/pcg/terrain/generator.go:187.22,189.5 1 0
goldbox-rpg/pkg/pcg/terrain/generator.go:189.10,189.29 1 0
goldbox-rpg/pkg/pcg/terrain/generator.go:189.29,191.5 1 0
goldbox-rpg/pkg/pcg/terrain/generator.go:191.10,194.5 1 0
goldbox-rpg/pkg/pcg/terrain/generator.go:198.2,198.26 1 0
goldbox-rpg/pkg/pcg/terrain/generator.go:202.107,205.44 2 1
goldbox-rpg/pkg/pcg/terrain/generator.go:205.44,206.45 1 1
goldbox-rpg/pkg/pcg/terrain/generator.go:206.45,208.67 1 1
goldbox-rpg/pkg/pcg/terrain/generator.go:208.67,210.5 1 0
goldbox-rpg/pkg/pcg/terrain/generator.go:210.10,210.44 1 1
goldbox-rpg/pkg/pcg/terrain/generator.go:210.44,212.5 1 1
goldbox-rpg/pkg/pcg/terrain/generator.go:216.2,216.14 1 1
goldbox-rpg/pkg/pcg/terrain/generator.go:220.140,221.26 1 0
goldbox-rpg/pkg/pcg/terrain/generator.go:222.21,223.54 1 0
goldbox-rpg/pkg/pcg/terrain/generator.go:224.24,225.57 1 0
goldbox-rpg/pkg/pcg/terrain/generator.go:226.22,227.55 1 0
goldbox-rpg/pkg/pcg/terrain/generator.go:228.10,229.57 1 0
goldbox-rpg/pkg/pcg/terrain/generator.go:234.141,236.27 1 0
goldbox-rpg/pkg/pcg/terrain/generator.go:236.27,238.3 1 0
goldbox-rpg/pkg/pcg/terrain/generator.go:241.2,241.28 1 0
goldbox-rpg/pkg/pcg/terrain/generator.go:241.28,243.3 1 0
goldbox-rpg/pkg/pcg/terrain/generator.go:245.2,245.12 1 0
goldbox-rpg/pkg/pcg/terrain/generator.go:249.144,257.2 3 0
goldbox-rpg/pkg/pcg/terrain/generator.go:260.142,268.2 3 0
goldbox-rpg/pkg/pcg/terrain/generator.go:271.144,273.27 1 0
goldbox-rpg/pkg/pcg/terrain/generator.go:273.27,275.3 1 0
goldbox-rpg/pkg/pcg/terrain/generator.go:277.2,277.12 1 0
goldbox-rpg/pkg/pcg/terrain/generator.go:281.147,282.15 1 0
goldbox-rpg/pkg/pcg/terrain/generator.go:283.31,284.56 1 0
goldbox-rpg/pkg/pcg/terrain/generator.go:285.32,286.57 1 0
goldbox-rpg/pkg/pcg/terrain/generator.go:287.28,288.53 1 0
goldbox-rpg/pkg/pcg/terrain/generator.go:289.32,290.57 1 0
goldbox-rpg/pkg/pcg/terrain/generator.go:291.10,292.13 1 0
goldbox-rpg/pkg/pcg/terrain/generator.go:297.125,301.23 2 1
goldbox-rpg/pkg/pcg/terrain/generator.go:301.23,303.3 1 1
goldbox-rpg/pkg/pcg/terrain/generator.go:306.2,307.33 2 1
goldbox-rpg/pkg/pcg/terrain/generator.go:307.33,308.22 1 1
goldbox-rpg/pkg/pcg/terrain/generator.go:308.22,310.4 1 1
goldbox-rpg/pkg/pcg/terrain/generator.go:313.2,313.12 1 1
goldbox-rpg/pkg/pcg/terrain/generator.go:318.126,320.23 2 1
goldbox-rpg/pkg/pcg/terrain/generator.go:320.23,322.3 1 0
goldbox-rpg/pkg/pcg/terrain/generator.go:325.2,326.33 2 1
goldbox-rpg/pkg/pcg/terrain/generator.go:326.33,327.22 1 1
goldbox-rpg/pkg/pcg/terrain/generator.go:327.22,329.4 1 1
goldbox-rpg/pkg/pcg/terrain/generator.go:333.2,333.22 1 1
goldbox-rpg/pkg/pcg/terrain/generator.go:333.22,335.23 2 1
goldbox-rpg/pkg/pcg/terrain/generator.go:335.23,337.4 1 0
goldbox-rpg/pkg/pcg/terrain/generator.go:338.3,338.39 1 1
goldbox-rpg/pkg/pcg/terrain/generator.go:338.39,342.27 3 1
goldbox-rpg/pkg/pcg/terrain/generator.go:342.27,344.5 1 0
goldbox-rpg/pkg/pcg/terrain/generator.go:345.4,345.43 1 1
goldbox-rpg/pkg/pcg/terrain/generator.go:345.43,347.5 1 0
goldbox-rpg/pkg/pcg/terrain/generator.go:348.4,348.61 1 1
goldbox-rpg/pkg/pcg/terrain/generator.go:352.2,352.12 1 1
goldbox-rpg/pkg/pcg/terrain/generator.go:357.122,359.23 2 1
goldbox-rpg/pkg/pcg/terrain/generator.go:359.23,361.3 1 0
goldbox-rpg/pkg/pcg/terrain/generator.go:364.2,365.33 2 1
goldbox-rpg/pkg/pcg/terrain/generator.go:365.33,366.22 1 1
goldbox-rpg/pkg/pcg/terrain/generator.go:366.22,368.4 1 1
goldbox-rpg/pkg/pcg/terrain/generator.go:372.2,372.25 1 1
goldbox-rpg/pkg/pcg/terrain/generator.go:372.25,374.42 2 1
goldbox-rpg/pkg/pcg/terrain/generator.go:374.42,376.4 1 1
goldbox-rpg/pkg/pcg/terrain/generator.go:379.2,379.12 1 1
goldbox-rpg/pkg/pcg/terrain/generator.go:384.126,386.23 2 1
goldbox-rpg/pkg/pcg/terrain/generator.go:386.23,388.3 1 0
goldbox-rpg/pkg/pcg/terrain/generator.go:391.2,392.33 2 1
goldbox-rpg/pkg/pcg/terrain/generator.go:392.33,393.22 1 1
goldbox-rpg/pkg/pcg/terrain/generator.go:393.22,395.4 1 1
goldbox-rpg/pkg/pcg/terrain/generator.go:399.2,402.36 2 1
goldbox-rpg/pkg/pcg/terrain/generator.go:402.36,403.41 1 1
goldbox-rpg/pkg/pcg/terrain/generator.go:403.41,405.25 2 1
goldbox-rpg/pkg/pcg/terrain/generator.go:405.25,407.5 1 1
goldbox-rpg/pkg/pcg/terrain/generator.go:411.2,411.12 1 1
goldbox-rpg/pkg/pcg/terrain/generator.go:416.103,417.68 1 1
goldbox-rpg/pkg/pcg/terrain/generator.go:417.68,419.3 1 1
goldbox-rpg/pkg/pcg/terrain/generator.go:421.2,424.33 3 1
goldbox-rpg/pkg/pcg/terrain/generator.go:424.33,425.21 1 1
goldbox-rpg/pkg/pcg/terrain/generator.go:425.21,426.12 1 1
goldbox-rpg/pkg/pcg/terrain/generator.go:428.3,429.25 2 1
goldbox-rpg/pkg/pcg/terrain/generator.go:429.25,432.4 2 1
goldbox-rpg/pkg/pcg/terrain/generator.go:435.2,435.19 1 1
goldbox-rpg/pkg/pcg/terrain/generator.go:439.92,440.44 1 1
goldbox-rpg/pkg/pcg/terrain/generator.go:440.44,442.3 1 1
goldbox-rpg/pkg/pcg/terrain/generator.go:444.2,445.29 2 1
goldbox-rpg/pkg/pcg/terrain/generator.go:445.29,446.30 1 1
goldbox-rpg/pkg/pcg/terrain/generator.go:446.30,448.22 2 1
goldbox-rpg/pkg/pcg/terrain/generator.go:448.22,450.5 1 1
goldbox-rpg/pkg/pcg/terrain/generator.go:453.2,453.16 1 1
goldbox-rpg/pkg/pcg/terrain/generator.go:458.124,459.22 1 1
goldbox-rpg/pkg/pcg/terrain/generator.go:459.22,461.3 1 0
goldbox-rpg/pkg/pcg/terrain/generator.go:465.2,469.20 3 1
goldbox-rpg/pkg/pcg/terrain/generator.go:469.20,471.3 1 1
goldbox-rpg/pkg/pcg/terrain/generator.go:473.2,473.18 1 1
goldbox-rpg/pkg/pcg/terrain/generator.go:477.69,484.2 1 0
goldbox-rpg/pkg/pcg/terrain/generator.go:486.70,493.2 1 1
goldbox-rpg/pkg/pcg/terrain/generator.go:495.70,502.2 1 0
goldbox-rpg/pkg/pcg/terrain/generator.go:505.79,508.2 1 0
goldbox-rpg/pkg/pcg/terrain/generator.go:510.125,513.15 2 0
goldbox-rpg/pkg/pcg/terrain/generator.go:514.21,516.28 2 0
goldbox-rpg/pkg/pcg/terrain/generator.go:517.24,519.29 2 0
goldbox-rpg/pkg/pcg/terrain/generator.go:520.22,522.28 2 0
goldbox-rpg/pkg/pcg/terrain/generator.go:525.2,525.17 1 0
goldbox-rpg/pkg/pcg/terrain/generator.go:529.130,531.40 1 0
goldbox-rpg/pkg/pcg/terrain/generator.go:531.40,532.40 1 0
goldbox-rpg/pkg/pcg/terrain/generator.go:532.40,533.73 1 0
goldbox-rpg/pkg/pcg/terrain/generator.go:533.73,535.5 1 0
goldbox-rpg/pkg/pcg/terrain/generator.go:542.128,543.55 1 1
goldbox-rpg/pkg/pcg/terrain/generator.go:543.55,545.3 1 1
goldbox-rpg/pkg/pcg/terrain/generator.go:547.2,547.40 1 1
goldbox-rpg/pkg/pcg/terrain/generator.go:547.40,548.40 1 1
goldbox-rpg/pkg/pcg/terrain/generator.go:548.40,550.22 2 1
goldbox-rpg/pkg/pcg/terrain/generator.go:550.22,551.13 1 1
goldbox-rpg/pkg/pcg/terrain/generator.go:555.4,556.22 2 1
goldbox-rpg/pkg/pcg/terrain/generator.go:556.22,557.13 1 1
goldbox-rpg/pkg/pcg/terrain/generator.go:561.4,562.42 2 1
goldbox-rpg/pkg/pcg/terrain/generator.go:562.42,567.5 2 1
goldbox-rpg/pkg/pcg/terrain/generator.go:574.109,575.37 1 1
goldbox-rpg/pkg/pcg/terrain/generator.go:575.37,577.3 1 1
goldbox-rpg/pkg/pcg/terrain/generator.go:579.2,579.40 1 1
goldbox-rpg/pkg/pcg/terrain/generator.go:579.40,580.40 1 1
goldbox-rpg/pkg/pcg/terrain/generator.go:580.40,581.37 1 1
goldbox-rpg/pkg/pcg/terrain/generator.go:581.37,582.13 1 1
goldbox-rpg/pkg/pcg/terrain/generator.go:586.4,597.48 3 1
goldbox-rpg/pkg/pcg/terrain/generator.go:597.48,599.35 1 1
goldbox-rpg/pkg/pcg/terrain/generator.go:599.35,603.6 2 0
goldbox-rpg/pkg/pcg/terrain/generator.go:611.111,612.37 1 1
goldbox-rpg/pkg/pcg/terrain/generator.go:612.37,614.3 1 1
goldbox-rpg/pkg/pcg/terrain/generator.go:616.2,618.40 2 1
goldbox-rpg/pkg/pcg/terrain/generator.go:618.40,619.40 1 1
goldbox-rpg/pkg/pcg/terrain/generator.go:619.40,621.21 2 1
goldbox-rpg/pkg/pcg/terrain/generator.go:621.21,622.13 1 1
goldbox-rpg/pkg/pcg/terrain/generator.go:625.4,625.51 1 1
goldbox-rpg/pkg/pcg/terrain/generator.go:625.51,626.13 1 0
goldbox-rpg/pkg/pcg/terrain/generator.go:629.4,629.69 1 1
goldbox-rpg/pkg/pcg/terrain/generator.go:629.69,630.13 1 1
goldbox-rpg/pkg/pcg/terrain/generator.go:633.4,633.34 1 1
goldbox-rpg/pkg/pcg/terrain/generator.go:633.34,636.5 2 1
goldbox-rpg/pkg/pcg/terrain/generator.go:641.101,642.30 1 1
goldbox-rpg/pkg/pcg/terrain/generator.go:642.30,643.31 1 1
goldbox-rpg/pkg/pcg/terrain/generator.go:643.31,644.26 1 1
goldbox-rpg/pkg/pcg/terrain/generator.go:644.26,645.13 1 0
goldbox-rpg/pkg/pcg/terrain/generator.go:647.4,648.71 2 1
goldbox-rpg/pkg/pcg/terrain/generator.go:648.71,649.39 1 1
goldbox-rpg/pkg/pcg/terrain/generator.go:649.39,651.6 1 1
goldbox-rpg/pkg/pcg/terrain/generator.go:655.2,655.14 1 0
goldbox-rpg/pkg/pcg/terrain/generator.go:658.115,659.48 1 1
goldbox-rpg/pkg/pcg/terrain/generator.go:659.48,660.49 1 1
goldbox-rpg/pkg/pcg/terrain/generator.go:660.49,662.71 2 1
goldbox-rpg/pkg/pcg/terrain/generator.go:662.71,663.81 1 1
goldbox-rpg/pkg/pcg/terrain/generator.go:663.81,665.6 1 1
goldbox-rpg/pkg/pcg/terrain/generator.go:669.2,669.14 1 1
goldbox-rpg/pkg/pcg/terrain/generator.go:674.124,675.53 1 1
goldbox-rpg/pkg/pcg/terrain/generator.go:675.53,677.3 1 1
goldbox-rpg/pkg/pcg/terrain/generator.go:679.2,679.40 1 1
goldbox-rpg/pkg/pcg/terrain/generator.go:679.40,680.40 1 1
goldbox-rpg/pkg/pcg/terrain/generator.go:680.40,682.22 2 1
goldbox-rpg/pkg/pcg/terrain/generator.go:682.22,683.13 1 0
goldbox-rpg/pkg/pcg/terrain/generator.go:687.4,687.46 1 1
goldbox-rpg/pkg/pcg/terrain/generator.go:687.46,689.43 1 0
goldbox-rpg/pkg/pcg/terrain/generator.go:689.43,692.34 2 0
goldbox-rpg/pkg/pcg/terrain/generator.go:692.34,693.35 1 0
goldbox-rpg/pkg/pcg/terrain/generator.go:693.35,695.75 2 0
goldbox-rpg/pkg/pcg/terrain/generator.go:695.75,697.57 2 0
goldbox-rpg/pkg/pcg/terrain/generator.go:697.57,699.10 1 0
goldbox-rpg/pkg/pcg/terrain/generator.go:703.6,703.75 1 0
goldbox-rpg/pkg/pcg/terrain/generator.go:703.75,706.7 2 0
goldbox-rpg/pkg/pcg/terrain/generator.go:708.5,708.13 1 0
goldbox-rpg/pkg/pcg/terrain/generator.go:712.4,712.38 1 1
goldbox-rpg/pkg/pcg/terrain/generator.go:712.38,715.12 2 1
goldbox-rpg/pkg/pcg/terrain/generator.go:716.24,719.22 2 1
goldbox-rpg/pkg/pcg/terrain/generator.go:720.24,723.22 2 1
goldbox-rpg/pkg/pcg/terrain/generator.go:724.13,727.22 2 1
goldbox-rpg/pkg/pcg/terrain/generator.go:736.100,737.65 1 1
goldbox-rpg/pkg/pcg/terrain/generator.go:737.65,739.3 1 1
goldbox-rpg/pkg/pcg/terrain/generator.go:741.2,742.25 2 1
goldbox-rpg/pkg/pcg/terrain/generator.go:742.25,744.3 1 1
goldbox-rpg/pkg/pcg/terrain/generator.go:746.2,748.38 2 1
goldbox-rpg/pkg/pcg/terrain/generator.go:748.38,749.38 1 1
goldbox-rpg/pkg/pcg/terrain/generator.go:749.38,750.54 1 1
goldbox-rpg/pkg/pcg/terrain/generator.go:750.54,752.24 2 1
goldbox-rpg/pkg/pcg/terrain/generator.go:752.24,754.6 1 1
goldbox-rpg/pkg/pcg/terrain/generator.go:759.2,759.16 1 1
goldbox-rpg/pkg/pcg/terrain/generator.go:764.126,772.21 5 1
goldbox-rpg/pkg/pcg/terrain/generator.go:772.21,778.82 3 1
goldbox-rpg/pkg/pcg/terrain/generator.go:778.82,779.12 1 0
goldbox-rpg/pkg/pcg/terrain/generator.go:781.3,781.28 1 1
goldbox-rpg/pkg/pcg/terrain/generator.go:781.28,782.12 1 1
goldbox-rpg/pkg/pcg/terrain/generator.go:784.3,784.44 1 1
goldbox-rpg/pkg/pcg/terrain/generator.go:784.44,785.12 1 1
goldbox-rpg/pkg/pcg/terrain/generator.go:788.3,792.26 3 1
goldbox-rpg/pkg/pcg/terrain/generator.go:792.26,794.91 2 1
goldbox-rpg/pkg/pcg/terrain/generator.go:794.91,796.5 1 1
goldbox-rpg/pkg/pcg/terrain/generator.go:800.2,800.15 1 1
goldbox-rpg/pkg/pcg/terrain/generator.go:803.88,807.33 3 1
goldbox-rpg/pkg/pcg/terrain/generator.go:807.33,808.28 1 1
goldbox-rpg/pkg/pcg/terrain/generator.go:808.28,811.4 2 1
goldbox-rpg/pkg/pcg/terrain/generator.go:814.2,814.17 1 1
goldbox-rpg/pkg/pcg/terrain/generator.go:819.111,820.62 1 1
goldbox-rpg/pkg/pcg/terrain/generator.go:820.62,822.3 1 1
goldbox-rpg/pkg/pcg/terrain/generator.go:825.2,828.29 3 1
goldbox-rpg/pkg/pcg/terrain/generator.go:828.29,829.30 1 1
goldbox-rpg/pkg/pcg/terrain/generator.go:829.30,831.23 2 1
goldbox-rpg/pkg/pcg/terrain/generator.go:831.23,835.5 3 1
goldbox-rpg/pkg/pcg/terrain/generator.go:840.2,840.68 1 1
goldbox-rpg/pkg/pcg/terrain/generator.go:844.96,847.19 2 1
goldbox-rpg/pkg/pcg/terrain/generator.go:847.19,849.3 1 1
goldbox-rpg/pkg/pcg/terrain/generator.go:850.2,850.34 1 1
goldbox-rpg/pkg/pcg/terrain/generator.go:850.34,852.3 1 1
goldbox-rpg/pkg/pcg/terrain/generator.go:855.2,856.19 2 1
goldbox-rpg/pkg/pcg/terrain/generator.go:856.19,858.3 1 1
goldbox-rpg/pkg/pcg/terrain/generator.go:859.2,859.34 1 1
goldbox-rpg/pkg/pcg/terrain/generator.go:859.34,861.3 1 1
goldbox-rpg/pkg/pcg/terrain/generator.go:865.85,866.65 1 1
goldbox-rpg/pkg/pcg/terrain/generator.go:866.65,868.3 1 1
goldbox-rpg/pkg/pcg/terrain/generator.go:872.21,873.11 1 1
goldbox-rpg/pkg/pcg/terrain/generator.go:873.11,875.3 1 1
goldbox-rpg/pkg/pcg/terrain/generator.go:876.2,876.10 1 1
goldbox-rpg/pkg/pcg/terrain/maze.go:17.40,19.2 1 1
goldbox-rpg/pkg/pcg/terrain/maze.go:22.106,24.16 2 1
goldbox-rpg/pkg/pcg/terrain/maze.go:24.16,26.3 1 1
goldbox-rpg/pkg/pcg/terrain/maze.go:27.2,27.62 1 1
goldbox-rpg/pkg/pcg/terrain/maze.go:31.52,33.2 1 1
goldbox-rpg/pkg/pcg/terrain/maze.go:36.46,38.2 1 1
goldbox-rpg/pkg/pcg/terrain/maze.go:41.70,43.31 1 1
goldbox-rpg/pkg/pcg/terrain/maze.go:43.31,45.3 1 1
goldbox-rpg/pkg/pcg/terrain/maze.go:48.2,48.69 1 1
goldbox-rpg/pkg/pcg/terrain/maze.go:48.69,50.3 1 1
goldbox-rpg/pkg/pcg/terrain/maze.go:52.2,52.72 1 1
goldbox-rpg/pkg/pcg/terrain/maze.go:52.72,54.3 1 1
goldbox-rpg/pkg/pcg/terrain/maze.go:56.2,56.12 1 1
goldbox-rpg/pkg/pcg/terrain/maze.go:60.131,66.75 3 1
goldbox-rpg/pkg/pcg/terrain/maze.go:66.75,68.3 1 0
goldbox-rpg/pkg/pcg/terrain/maze.go:71.2,77.31 2 1
goldbox-rpg/pkg/pcg/terrain/maze.go:77.31,79.3 1 1
goldbox-rpg/pkg/pcg/terrain/maze.go:82.2,82.55 1 1
goldbox-rpg/pkg/pcg/terrain/maze.go:82.55,84.3 1 0
goldbox-rpg/pkg/pcg/terrain/maze.go:87.2,87.67 1 1
goldbox-rpg/pkg/pcg/terrain/maze.go:87.67,89.3 1 0
goldbox-rpg/pkg/pcg/terrain/maze.go:92.2,92.71 1 1
goldbox-rpg/pkg/pcg/terrain/maze.go:92.71,94.3 1 0
goldbox-rpg/pkg/pcg/terrain/maze.go:97.2,97.79 1 1
goldbox-rpg/pkg/pcg/terrain/maze.go:97.79,99.3 1 0
goldbox-rpg/pkg/pcg/terrain/maze.go:101.2,101.21 1 1
goldbox-rpg/pkg/pcg/terrain/maze.go:105.75,108.54 2 1
goldbox-rpg/pkg/pcg/terrain/maze.go:108.54,109.54 1 1
goldbox-rpg/pkg/pcg/terrain/maze.go:109.54,110.36 1 1
goldbox-rpg/pkg/pcg/terrain/maze.go:110.36,112.5 1 1
goldbox-rpg/pkg/pcg/terrain/maze.go:116.2,116.18 1 1
goldbox-rpg/pkg/pcg/terrain/maze.go:116.18,118.3 1 1
goldbox-rpg/pkg/pcg/terrain/maze.go:121.2,122.38 2 1
goldbox-rpg/pkg/pcg/terrain/maze.go:122.38,123.38 1 1
goldbox-rpg/pkg/pcg/terrain/maze.go:123.38,124.36 1 1
goldbox-rpg/pkg/pcg/terrain/maze.go:124.36,126.5 1 1
goldbox-rpg/pkg/pcg/terrain/maze.go:131.2,132.25 2 1
goldbox-rpg/pkg/pcg/terrain/maze.go:132.25,134.3 1 1
goldbox-rpg/pkg/pcg/terrain/maze.go:136.2,139.35 2 1
goldbox-rpg/pkg/pcg/terrain/maze.go:143.153,147.2 2 1
goldbox-rpg/pkg/pcg/terrain/maze.go:150.74,151.38 1 1
goldbox-rpg/pkg/pcg/terrain/maze.go:151.38,152.38 1 1
goldbox-rpg/pkg/pcg/terrain/maze.go:152.38,157.4 4 1
goldbox-rpg/pkg/pcg/terrain/maze.go:159.2,159.12 1 1
goldbox-rpg/pkg/pcg/terrain/maze.go:163.109,167.25 3 1
goldbox-rpg/pkg/pcg/terrain/maze.go:167.25,169.3 1 1
goldbox-rpg/pkg/pcg/terrain/maze.go:172.2,173.29 2 1
goldbox-rpg/pkg/pcg/terrain/maze.go:173.29,175.3 1 0
goldbox-rpg/pkg/pcg/terrain/maze.go:176.2,176.30 1 1
goldbox-rpg/pkg/pcg/terrain/maze.go:176.30,178.3 1 0
goldbox-rpg/pkg/pcg/terrain/maze.go:181.2,189.21 7 1
goldbox-rpg/pkg/pcg/terrain/maze.go:189.21,195.25 3 1
goldbox-rpg/pkg/pcg/terrain/maze.go:195.25,217.4 13 1
goldbox-rpg/pkg/pcg/terrain/maze.go:217.9,220.4 1 1
goldbox-rpg/pkg/pcg/terrain/maze.go:223.2,223.12 1 1
goldbox-rpg/pkg/pcg/terrain/maze.go:227.124,238.33 3 1
goldbox-rpg/pkg/pcg/terrain/maze.go:238.33,241.70 2 1
goldbox-rpg/pkg/pcg/terrain/maze.go:241.70,242.24 1 1
goldbox-rpg/pkg/pcg/terrain/maze.go:242.24,244.5 1 1
goldbox-rpg/pkg/pcg/terrain/maze.go:248.2,248.18 1 1
goldbox-rpg/pkg/pcg/terrain/maze.go:252.131,255.19 2 1
goldbox-rpg/pkg/pcg/terrain/maze.go:255.19,257.3 1 1
goldbox-rpg/pkg/pcg/terrain/maze.go:258.2,258.19 1 1
goldbox-rpg/pkg/pcg/terrain/maze.go:258.19,260.3 1 0
goldbox-rpg/pkg/pcg/terrain/maze.go:262.2,262.33 1 1
goldbox-rpg/pkg/pcg/terrain/maze.go:262.33,268.43 4 1
goldbox-rpg/pkg/pcg/terrain/maze.go:268.43,269.44 1 1
goldbox-rpg/pkg/pcg/terrain/maze.go:269.44,270.48 1 1
goldbox-rpg/pkg/pcg/terrain/maze.go:270.48,275.6 4 1
goldbox-rpg/pkg/pcg/terrain/maze.go:280.2,280.12 1 1
goldbox-rpg/pkg/pcg/terrain/maze.go:284.139,286.16 2 1
goldbox-rpg/pkg/pcg/terrain/maze.go:286.16,288.3 1 0
goldbox-rpg/pkg/pcg/terrain/maze.go:291.2,291.35 1 1
goldbox-rpg/pkg/pcg/terrain/maze.go:291.35,292.33 1 1
goldbox-rpg/pkg/pcg/terrain/maze.go:292.33,293.19 1 1
goldbox-rpg/pkg/pcg/terrain/maze.go:294.26,295.41 1 0
goldbox-rpg/pkg/pcg/terrain/maze.go:296.26,297.40 1 1
goldbox-rpg/pkg/pcg/terrain/maze.go:298.32,299.39 1 1
goldbox-rpg/pkg/pcg/terrain/maze.go:304.2,304.12 1 1
goldbox-rpg/pkg/pcg/terrain/maze.go:308.97,311.34 2 0
goldbox-rpg/pkg/pcg/terrain/maze.go:311.34,315.35 3 0
goldbox-rpg/pkg/pcg/terrain/maze.go:315.35,318.4 2 0
goldbox-rpg/pkg/pcg/terrain/maze.go:323.96,326.33 2 1
goldbox-rpg/pkg/pcg/terrain/maze.go:326.33,330.35 3 1
goldbox-rpg/pkg/pcg/terrain/maze.go:330.35,333.4 2 1
goldbox-rpg/pkg/pcg/terrain/maze.go:338.95,341.35 2 1
goldbox-rpg/pkg/pcg/terrain/maze.go:341.35,345.36 3 1
goldbox-rpg/pkg/pcg/terrain/maze.go:345.36,348.72 1 1
goldbox-rpg/pkg/pcg/terrain/maze.go:348.72,353.5 4 1
goldbox-rpg/pkg/pcg/terrain/maze.go:359.106,360.85 1 1
goldbox-rpg/pkg/pcg/terrain/maze.go:360.85,362.3 1 1
goldbox-rpg/pkg/pcg/terrain/maze.go:364.2,364.72 1 1
goldbox-rpg/pkg/pcg/terrain/maze.go:364.72,366.3 1 1
goldbox-rpg/pkg/pcg/terrain/maze.go:368.2,377.14 7 1
goldbox-rpg/pkg/pcg/utils/noise.go:14.46,23.2 3 1
goldbox-rpg/pkg/pcg/utils/noise.go:26.42,49.34 3 1
goldbox-rpg/pkg/pcg/utils/noise.go:49.34,53.3 3 1
goldbox-rpg/pkg/pcg/utils/noise.go:56.2,56.27 1 1
goldbox-rpg/pkg/pcg/utils/noise.go:56.27,59.3 2 1
goldbox-rpg/pkg/pcg/utils/noise.go:63.54,87.2 13 1
goldbox-rpg/pkg/pcg/utils/noise.go:90.100,95.31 4 1
goldbox-rpg/pkg/pcg/utils/noise.go:95.31,99.3 3 1
goldbox-rpg/pkg/pcg/utils/noise.go:101.2,101.14 1 1
goldbox-rpg/pkg/pcg/utils/noise.go:123.48,145.2 3 1
goldbox-rpg/pkg/pcg/utils/noise.go:148.43,150.27 2 1
goldbox-rpg/pkg/pcg/utils/noise.go:150.27,152.3 1 1
goldbox-rpg/pkg/pcg/utils/noise.go:155.2,156.34 2 1
goldbox-rpg/pkg/pcg/utils/noise.go:156.34,160.3 3 1
goldbox-rpg/pkg/pcg/utils/noise.go:163.2,163.27 1 1
goldbox-rpg/pkg/pcg/utils/noise.go:163.27,166.3 2 1
goldbox-rpg/pkg/pcg/utils/noise.go:170.55,187.13 12 1
goldbox-rpg/pkg/pcg/utils/noise.go:187.13,189.3 1 1
goldbox-rpg/pkg/pcg/utils/noise.go:189.8,191.3 1 1
goldbox-rpg/pkg/pcg/utils/noise.go:194.2,210.12 12 1
goldbox-rpg/pkg/pcg/utils/noise.go:210.12,212.3 1 0
goldbox-rpg/pkg/pcg/utils/noise.go:212.8,215.3 2 1
goldbox-rpg/pkg/pcg/utils/noise.go:217.2,218.12 2 1
goldbox-rpg/pkg/pcg/utils/noise.go:218.12,220.3 1 1
goldbox-rpg/pkg/pcg/utils/noise.go:220.8,223.3 2 1
goldbox-rpg/pkg/pcg/utils/noise.go:225.2,226.12 2 1
goldbox-rpg/pkg/pcg/utils/noise.go:226.12,228.3 1 0
goldbox-rpg/pkg/pcg/utils/noise.go:228.8,231.3 2 1
goldbox-rpg/pkg/pcg/utils/noise.go:234.2,234.30 1 1
goldbox-rpg/pkg/pcg/utils/noise.go:246.30,248.2 1 1
goldbox-rpg/pkg/pcg/utils/noise.go:260.36,262.2 1 1
goldbox-rpg/pkg/pcg/utils/noise.go:273.45,276.12 3 1
goldbox-rpg/pkg/pcg/utils/noise.go:276.12,278.3 1 1
goldbox-rpg/pkg/pcg/utils/noise.go:279.2,280.12 2 1
goldbox-rpg/pkg/pcg/utils/noise.go:280.12,282.3 1 1
goldbox-rpg/pkg/pcg/utils/noise.go:284.2,285.18 2 1
goldbox-rpg/pkg/pcg/utils/noise.go:285.18,287.3 1 1
goldbox-rpg/pkg/pcg/utils/noise.go:289.2,290.18 2 1
goldbox-rpg/pkg/pcg/utils/noise.go:290.18,292.3 1 1
goldbox-rpg/pkg/pcg/utils/noise.go:294.2,294.26 1 1
goldbox-rpg/pkg/pcg/utils/noise.go:305.47,307.2 1 1
goldbox-rpg/pkg/pcg/utils/noise.go:310.30,312.2 1 1
goldbox-rpg/pkg/pcg/utils/noise.go:314.36,316.2 1 1
goldbox-rpg/pkg/pcg/utils/noise.go:318.45,320.2 1 1
goldbox-rpg/pkg/pcg/utils/noise.go:322.47,324.2 1 1
goldbox-rpg/pkg/pcg/utils/pathfinding.go:41.35,41.53 1 1
goldbox-rpg/pkg/pcg/utils/pathfinding.go:43.45,45.2 1 1
goldbox-rpg/pkg/pcg/utils/pathfinding.go:47.40,51.2 3 1
goldbox-rpg/pkg/pcg/utils/pathfinding.go:53.46,58.2 4 1
goldbox-rpg/pkg/pcg/utils/pathfinding.go:60.44,67.2 6 1
goldbox-rpg/pkg/pcg/utils/pathfinding.go:70.89,72.73 1 1
goldbox-rpg/pkg/pcg/utils/pathfinding.go:72.73,74.3 1 1
goldbox-rpg/pkg/pcg/utils/pathfinding.go:77.2,77.90 1 1
goldbox-rpg/pkg/pcg/utils/pathfinding.go:77.90,79.3 1 1
goldbox-rpg/pkg/pcg/utils/pathfinding.go:82.2,100.24 9 1
goldbox-rpg/pkg/pcg/utils/pathfinding.go:100.24,105.31 2 1
goldbox-rpg/pkg/pcg/utils/pathfinding.go:105.31,112.4 2 1
goldbox-rpg/pkg/pcg/utils/pathfinding.go:115.3,119.41 3 1
goldbox-rpg/pkg/pcg/utils/pathfinding.go:119.41,120.30 1 1
goldbox-rpg/pkg/pcg/utils/pathfinding.go:120.30,121.13 1 1
goldbox-rpg/pkg/pcg/utils/pathfinding.go:124.4,128.15 3 1
goldbox-rpg/pkg/pcg/utils/pathfinding.go:128.15,139.5 4 1
goldbox-rpg/pkg/pcg/utils/pathfinding.go:139.10,139.42 1 1
goldbox-rpg/pkg/pcg/utils/pathfinding.go:139.42,145.5 4 0
goldbox-rpg/pkg/pcg/utils/pathfinding.go:150.2,150.41 1 1
goldbox-rpg/pkg/pcg/utils/pathfinding.go:154.76,155.83 1 1
goldbox-rpg/pkg/pcg/utils/pathfinding.go:155.83,157.3 1 1
goldbox-rpg/pkg/pcg/utils/pathfinding.go:159.2,165.21 5 1
goldbox-rpg/pkg/pcg/utils/pathfinding.go:165.21,169.23 3 1
goldbox-rpg/pkg/pcg/utils/pathfinding.go:169.23,170.12 1 1
goldbox-rpg/pkg/pcg/utils/pathfinding.go:173.3,173.90 1 1
goldbox-rpg/pkg/pcg/utils/pathfinding.go:173.90,174.12 1 1
goldbox-rpg/pkg/pcg/utils/pathfinding.go:177.3,188.38 4 1
goldbox-rpg/pkg/pcg/utils/pathfinding.go:188.38,189.26 1 1
goldbox-rpg/pkg/pcg/utils/pathfinding.go:189.26,191.5 1 1
goldbox-rpg/pkg/pcg/utils/pathfinding.go:195.2,195.15 1 1
goldbox-rpg/pkg/pcg/utils/pathfinding.go:199.55,202.38 2 1
goldbox-rpg/pkg/pcg/utils/pathfinding.go:202.38,203.38 1 1
goldbox-rpg/pkg/pcg/utils/pathfinding.go:203.38,204.36 1 1
goldbox-rpg/pkg/pcg/utils/pathfinding.go:204.36,206.5 1 1
goldbox-rpg/pkg/pcg/utils/pathfinding.go:210.2,210.29 1 1
goldbox-rpg/pkg/pcg/utils/pathfinding.go:210.29,212.3 1 1
goldbox-rpg/pkg/pcg/utils/pathfinding.go:215.2,218.45 2 1
goldbox-rpg/pkg/pcg/utils/pathfinding.go:224.69,226.2 1 1
goldbox-rpg/pkg/pcg/utils/pathfinding.go:229.48,231.2 1 1
goldbox-rpg/pkg/pcg/utils/pathfinding.go:234.77,243.37 3 1
goldbox-rpg/pkg/pcg/utils/pathfinding.go:243.37,244.91 1 1
goldbox-rpg/pkg/pcg/utils/pathfinding.go:244.91,246.4 1 1
goldbox-rpg/pkg/pcg/utils/pathfinding.go:249.2,249.23 1 1
goldbox-rpg/pkg/pcg/utils/pathfinding.go:253.50,257.21 3 1
goldbox-rpg/pkg/pcg/utils/pathfinding.go:257.21,260.3 2 1
goldbox-rpg/pkg/pcg/utils/pathfinding.go:262.2,262.13 1 1
goldbox-rpg/pkg/pcg/utils/random.go:7.90,8.23 1 0
goldbox-rpg/pkg/pcg/utils/random.go:8.23,10.3 1 0
goldbox-rpg/pkg/pcg/utils/random.go:12.2,13.33 2 0
goldbox-rpg/pkg/pcg/utils/random.go:13.33,15.3 1 0
goldbox-rpg/pkg/pcg/utils/random.go:17.2,17.22 1 0
goldbox-rpg/pkg/pcg/utils/random.go:17.22,19.3 1 0
goldbox-rpg/pkg/pcg/utils/random.go:21.2,24.35 3 0
goldbox-rpg/pkg/pcg/utils/random.go:24.35,26.34 2 0
goldbox-rpg/pkg/pcg/utils/random.go:26.34,28.4 1 0
goldbox-rpg/pkg/pcg/utils/random.go:31.2,31.17 1 0
goldbox-rpg/pkg/game/character.go:12.13,15.2 1 1
goldbox-rpg/pkg/game/character.go:94.40,132.38 5 1
goldbox-rpg/pkg/game/character.go:132.38,134.3 1 1
goldbox-rpg/pkg/game/character.go:137.2,152.14 5 1
goldbox-rpg/pkg/game/character.go:163.37,183.2 6 1
goldbox-rpg/pkg/game/character.go:193.39,211.2 4 1
goldbox-rpg/pkg/game/character.go:226.43,241.14 6 1
goldbox-rpg/pkg/game/character.go:241.14,243.3 1 1
goldbox-rpg/pkg/game/character.go:245.2,245.20 1 1
goldbox-rpg/pkg/game/character.go:245.20,247.3 1 1
goldbox-rpg/pkg/game/character.go:249.2,256.31 1 1
goldbox-rpg/pkg/game/character.go:264.43,284.2 6 1
goldbox-rpg/pkg/game/character.go:291.55,305.24 6 1
goldbox-rpg/pkg/game/character.go:305.24,314.3 2 0
goldbox-rpg/pkg/game/character.go:316.2,316.40 1 1
goldbox-rpg/pkg/game/character.go:316.40,326.3 2 0
goldbox-rpg/pkg/game/character.go:328.2,335.37 1 1
goldbox-rpg/pkg/game/character.go:343.46,363.2 6 1
goldbox-rpg/pkg/game/character.go:373.56,385.27 5 1
goldbox-rpg/pkg/game/character.go:385.27,394.3 2 1
goldbox-rpg/pkg/game/character.go:396.2,407.13 3 1
goldbox-rpg/pkg/game/character.go:413.43,433.2 6 1
goldbox-rpg/pkg/game/character.go:441.36,460.2 6 1
goldbox-rpg/pkg/game/character.go:471.38,491.2 6 1
goldbox-rpg/pkg/game/character.go:501.45,521.2 6 1
goldbox-rpg/pkg/game/character.go:528.44,548.2 6 1
goldbox-rpg/pkg/game/character.go:557.53,571.41 5 1
goldbox-rpg/pkg/game/character.go:571.41,580.3 2 1
goldbox-rpg/pkg/game/character.go:582.2,592.12 3 1
goldbox-rpg/pkg/game/character.go:603.92,619.52 5 1
goldbox-rpg/pkg/game/character.go:619.52,631.3 2 0
goldbox-rpg/pkg/game/character.go:633.2,643.12 3 1
goldbox-rpg/pkg/game/character.go:653.37,673.2 6 1
goldbox-rpg/pkg/game/character.go:687.44,708.2 6 1
goldbox-rpg/pkg/game/character.go:724.40,728.2 3 1
goldbox-rpg/pkg/game/character.go:742.46,746.2 3 1
goldbox-rpg/pkg/game/character.go:760.49,764.2 3 1
goldbox-rpg/pkg/game/character.go:785.72,790.16 4 1
goldbox-rpg/pkg/game/character.go:790.16,792.3 1 1
goldbox-rpg/pkg/game/character.go:794.2,794.71 1 1
goldbox-rpg/pkg/game/character.go:794.71,796.3 1 1
goldbox-rpg/pkg/game/character.go:798.2,798.51 1 1
goldbox-rpg/pkg/game/character.go:798.51,800.3 1 0
goldbox-rpg/pkg/game/character.go:802.2,805.12 3 1
goldbox-rpg/pkg/game/character.go:810.75,811.35 1 1
goldbox-rpg/pkg/game/character.go:811.35,812.24 1 1
goldbox-rpg/pkg/game/character.go:812.24,814.4 1 1
goldbox-rpg/pkg/game/character.go:816.2,816.74 1 1
goldbox-rpg/pkg/game/character.go:821.84,822.39 1 1
goldbox-rpg/pkg/game/character.go:822.39,824.3 1 1
goldbox-rpg/pkg/game/character.go:825.2,825.12 1 1
goldbox-rpg/pkg/game/character.go:830.66,831.55 1 1
goldbox-rpg/pkg/game/character.go:831.55,832.56 1 0
goldbox-rpg/pkg/game/character.go:832.56,834.4 1 0
goldbox-rpg/pkg/game/character.go:836.2,836.12 1 1
goldbox-rpg/pkg/game/character.go:840.68,842.2 1 1
goldbox-rpg/pkg/game/character.go:845.63,847.2 1 1
goldbox-rpg/pkg/game/character.go:859.68,864.2 3 1
goldbox-rpg/pkg/game/character.go:867.76,870.13 2 1
goldbox-rpg/pkg/game/character.go:870.13,872.3 1 1
goldbox-rpg/pkg/game/character.go:875.2,880.27 3 1
goldbox-rpg/pkg/game/character.go:895.83,902.35 5 1
goldbox-rpg/pkg/game/character.go:902.35,903.24 1 1
goldbox-rpg/pkg/game/character.go:903.24,906.9 3 1
goldbox-rpg/pkg/game/character.go:910.2,910.12 1 1
goldbox-rpg/pkg/game/character.go:910.12,912.3 1 1
goldbox-rpg/pkg/game/character.go:914.2,914.53 1 1
goldbox-rpg/pkg/game/character.go:918.76,919.43 1 1
goldbox-rpg/pkg/game/character.go:919.43,921.3 1 1
goldbox-rpg/pkg/game/character.go:923.2,925.26 2 1
goldbox-rpg/pkg/game/character.go:925.26,927.3 1 1
goldbox-rpg/pkg/game/character.go:929.2,929.25 1 1
goldbox-rpg/pkg/game/character.go:929.25,931.3 1 1
goldbox-rpg/pkg/game/character.go:933.2,933.13 1 0
goldbox-rpg/pkg/game/character.go:938.80,942.13 3 1
goldbox-rpg/pkg/game/character.go:942.13,944.3 1 0
goldbox-rpg/pkg/game/character.go:946.2,946.39 1 1
goldbox-rpg/pkg/game/character.go:946.39,947.29 1 1
goldbox-rpg/pkg/game/character.go:947.29,949.4 1 1
goldbox-rpg/pkg/game/character.go:951.2,951.14 1 1
goldbox-rpg/pkg/game/character.go:956.68,968.2 1 1
goldbox-rpg/pkg/game/character.go:972.59,974.2 1 1
goldbox-rpg/pkg/game/character.go:978.58,980.2 1 1
goldbox-rpg/pkg/game/character.go:984.112,986.52 1 1
goldbox-rpg/pkg/game/character.go:986.52,988.3 1 1
goldbox-rpg/pkg/game/character.go:991.2,991.65 1 1
goldbox-rpg/pkg/game/character.go:991.65,993.3 1 0
goldbox-rpg/pkg/game/character.go:996.2,996.58 1 1
goldbox-rpg/pkg/game/character.go:996.58,997.33 1 1
goldbox-rpg/pkg/game/character.go:997.33,999.4 1 1
goldbox-rpg/pkg/game/character.go:1002.2,1002.14 1 1
goldbox-rpg/pkg/game/character.go:1007.91,1008.26 1 1
goldbox-rpg/pkg/game/character.go:1008.26,1010.3 1 0
goldbox-rpg/pkg/game/character.go:1012.2,1014.56 2 1
goldbox-rpg/pkg/game/character.go:1014.56,1015.32 1 1
goldbox-rpg/pkg/game/character.go:1015.32,1017.4 1 1
goldbox-rpg/pkg/game/character.go:1019.2,1019.14 1 1
goldbox-rpg/pkg/game/character.go:1024.49,1026.2 1 1
goldbox-rpg/pkg/game/character.go:1038.71,1042.47 3 1
goldbox-rpg/pkg/game/character.go:1042.47,1044.3 1 1
goldbox-rpg/pkg/game/character.go:1045.2,1045.19 1 1
goldbox-rpg/pkg/game/character.go:1054.66,1059.38 4 1
goldbox-rpg/pkg/game/character.go:1059.38,1061.3 1 1
goldbox-rpg/pkg/game/character.go:1062.2,1062.22 1 1
goldbox-rpg/pkg/game/character.go:1069.57,1074.2 1 1
goldbox-rpg/pkg/game/character.go:1083.64,1089.35 4 1
goldbox-rpg/pkg/game/character.go:1089.35,1092.3 2 1
goldbox-rpg/pkg/game/character.go:1094.2,1094.16 1 1
goldbox-rpg/pkg/game/character.go:1098.77,1099.43 1 1
goldbox-rpg/pkg/game/character.go:1099.43,1100.24 1 1
goldbox-rpg/pkg/game/character.go:1100.24,1102.24 2 1
goldbox-rpg/pkg/game/character.go:1102.24,1104.5 1 1
goldbox-rpg/pkg/game/character.go:1110.77,1111.41 1 1
goldbox-rpg/pkg/game/character.go:1111.41,1113.3 1 1
goldbox-rpg/pkg/game/character.go:1118.61,1120.42 2 1
goldbox-rpg/pkg/game/character.go:1120.42,1121.47 1 1
goldbox-rpg/pkg/game/character.go:1121.47,1123.9 2 1
goldbox-rpg/pkg/game/character.go:1126.2,1126.46 1 1
goldbox-rpg/pkg/game/character.go:1126.46,1129.31 3 1
goldbox-rpg/pkg/game/character.go:1129.31,1131.4 1 1
goldbox-rpg/pkg/game/character.go:1132.3,1134.17 3 1
goldbox-rpg/pkg/game/character.go:1134.17,1136.4 1 1
goldbox-rpg/pkg/game/character.go:1138.2,1138.21 1 1
goldbox-rpg/pkg/game/character.go:1156.57,1161.19 3 1
goldbox-rpg/pkg/game/character.go:1161.19,1163.3 1 1
goldbox-rpg/pkg/game/character.go:1166.2,1169.43 3 1
goldbox-rpg/pkg/game/character.go:1169.43,1172.3 1 1
goldbox-rpg/pkg/game/character.go:1175.2,1176.12 2 1
goldbox-rpg/pkg/game/character.go:1189.75,1193.35 3 1
goldbox-rpg/pkg/game/character.go:1193.35,1194.24 1 1
goldbox-rpg/pkg/game/character.go:1194.24,1199.4 3 1
goldbox-rpg/pkg/game/character.go:1202.2,1202.67 1 1
goldbox-rpg/pkg/game/character.go:1215.69,1219.35 3 1
goldbox-rpg/pkg/game/character.go:1219.35,1220.24 1 1
goldbox-rpg/pkg/game/character.go:1220.24,1222.4 1 1
goldbox-rpg/pkg/game/character.go:1224.2,1224.16 1 1
goldbox-rpg/pkg/game/character.go:1233.43,1240.2 5 1
goldbox-rpg/pkg/game/character.go:1248.46,1253.2 3 1
goldbox-rpg/pkg/game/character.go:1256.48,1260.35 2 1
goldbox-rpg/pkg/game/character.go:1260.35,1262.3 1 1
goldbox-rpg/pkg/game/character.go:1265.2,1265.35 1 1
goldbox-rpg/pkg/game/character.go:1265.35,1267.3 1 1
goldbox-rpg/pkg/game/character.go:1269.2,1269.20 1 1
goldbox-rpg/pkg/game/character.go:1273.56,1278.2 3 1
goldbox-rpg/pkg/game/character.go:1289.49,1293.35 3 1
goldbox-rpg/pkg/game/character.go:1293.35,1294.24 1 1
goldbox-rpg/pkg/game/character.go:1294.24,1296.4 1 1
goldbox-rpg/pkg/game/character.go:1298.2,1298.14 1 1
goldbox-rpg/pkg/game/character.go:1310.53,1315.35 4 1
goldbox-rpg/pkg/game/character.go:1315.35,1316.28 1 1
goldbox-rpg/pkg/game/character.go:1316.28,1318.4 1 1
goldbox-rpg/pkg/game/character.go:1320.2,1320.14 1 1
goldbox-rpg/pkg/game/character.go:1333.85,1335.31 1 1
goldbox-rpg/pkg/game/character.go:1335.31,1340.3 4 1
goldbox-rpg/pkg/game/character.go:1340.8,1345.3 4 0
goldbox-rpg/pkg/game/character.go:1348.2,1350.35 3 1
goldbox-rpg/pkg/game/character.go:1350.35,1351.24 1 1
goldbox-rpg/pkg/game/character.go:1351.24,1354.9 3 1
goldbox-rpg/pkg/game/character.go:1358.2,1358.21 1 1
goldbox-rpg/pkg/game/character.go:1358.21,1360.3 1 1
goldbox-rpg/pkg/game/character.go:1363.2,1366.63 3 1
goldbox-rpg/pkg/game/character.go:1366.63,1368.3 1 0
goldbox-rpg/pkg/game/character.go:1371.2,1376.12 3 1
goldbox-rpg/pkg/game/character.go:1380.43,1382.43 1 1
goldbox-rpg/pkg/game/character.go:1382.43,1383.19 1 1
goldbox-rpg/pkg/game/character.go:1384.31,1385.18 1 1
goldbox-rpg/pkg/game/character.go:1386.33,1387.19 1 0
goldbox-rpg/pkg/game/character.go:1388.31,1389.18 1 1
goldbox-rpg/pkg/game/character.go:1394.2,1395.9 2 1
goldbox-rpg/pkg/game/character.go:1396.122,1397.17 1 1
goldbox-rpg/pkg/game/character.go:1398.123,1399.18 1 1
goldbox-rpg/pkg/game/character.go:1400.120,1401.17 1 1
goldbox-rpg/pkg/game/character.go:1402.10,1404.17 1 1
goldbox-rpg/pkg/game/character.go:1410.43,1411.28 1 1
goldbox-rpg/pkg/game/character.go:1411.28,1414.3 2 1
goldbox-rpg/pkg/game/character.go:1418.38,1431.2 1 1
goldbox-rpg/pkg/game/character.go:1434.55,1436.28 2 1
goldbox-rpg/pkg/game/character.go:1436.28,1439.3 2 1
goldbox-rpg/pkg/game/character.go:1440.2,1445.24 5 1
goldbox-rpg/pkg/game/character.go:1451.53,1456.2 4 1
goldbox-rpg/pkg/game/character.go:1459.57,1464.2 4 1
goldbox-rpg/pkg/game/character.go:1467.59,1470.28 3 1
goldbox-rpg/pkg/game/character.go:1470.28,1472.3 1 1
goldbox-rpg/pkg/game/character.go:1473.2,1473.46 1 1
goldbox-rpg/pkg/game/character.go:1477.44,1480.28 3 1
goldbox-rpg/pkg/game/character.go:1480.28,1482.3 1 1
goldbox-rpg/pkg/game/character.go:1483.2,1483.37 1 1
goldbox-rpg/pkg/game/character.go:1487.76,1489.28 2 1
goldbox-rpg/pkg/game/character.go:1489.28,1492.3 2 1
goldbox-rpg/pkg/game/character.go:1493.2,1498.17 5 1
goldbox-rpg/pkg/game/character.go:1502.39,1503.51 1 1
goldbox-rpg/pkg/game/character.go:1503.51,1505.3 1 1
goldbox-rpg/pkg/game/character.go:1509.44,1514.2 4 1
goldbox-rpg/pkg/game/character.go:1517.43,1518.51 1 1
goldbox-rpg/pkg/game/character.go:1518.51,1520.3 1 1
goldbox-rpg/pkg/game/character.go:1531.36,1535.2 3 1
goldbox-rpg/pkg/game/character.go:1543.43,1547.2 3 1
goldbox-rpg/pkg/game/character.go:1559.59,1560.12 1 1
goldbox-rpg/pkg/game/character.go:1560.12,1562.3 1 1
goldbox-rpg/pkg/game/character.go:1564.2,1572.25 6 1
goldbox-rpg/pkg/game/character.go:1572.25,1575.32 2 1
goldbox-rpg/pkg/game/character.go:1575.32,1577.4 1 1
goldbox-rpg/pkg/game/character.go:1578.3,1578.19 1 1
goldbox-rpg/pkg/game/character.go:1581.2,1581.19 1 1
goldbox-rpg/pkg/game/character.go:1593.47,1594.15 1 1
goldbox-rpg/pkg/game/character.go:1594.15,1596.3 1 1
goldbox-rpg/pkg/game/character.go:1598.2,1601.12 4 1
goldbox-rpg/pkg/game/character.go:1613.51,1614.12 1 1
goldbox-rpg/pkg/game/character.go:1614.12,1616.3 1 1
goldbox-rpg/pkg/game/character.go:1618.2,1621.12 4 1
goldbox-rpg/pkg/game/character.go:1630.54,1635.23 4 1
goldbox-rpg/pkg/game/character.go:1635.23,1637.3 1 0
goldbox-rpg/pkg/game/character.go:1639.2,1640.19 2 1
goldbox-rpg/pkg/game/character.go:1640.19,1642.3 1 0
goldbox-rpg/pkg/game/character.go:1643.2,1643.18 1 1
goldbox-rpg/pkg/game/character.go:1648.56,1650.6 2 1
goldbox-rpg/pkg/game/character.go:1650.6,1652.52 2 1
goldbox-rpg/pkg/game/character.go:1652.52,1653.9 1 1
goldbox-rpg/pkg/game/character.go:1655.3,1655.10 1 1
goldbox-rpg/pkg/game/character.go:1657.2,1657.14 1 1
goldbox-rpg/pkg/game/character.go:1662.68,1663.16 1 1
goldbox-rpg/pkg/game/character.go:1663.16,1665.3 1 1
goldbox-rpg/pkg/game/character.go:1666.2,1666.16 1 1
goldbox-rpg/pkg/game/character.go:1666.16,1668.3 1 1
goldbox-rpg/pkg/game/character.go:1672.2,1672.15 1 1
goldbox-rpg/pkg/game/character.go:1673.9,1674.14 1 1
goldbox-rpg/pkg/game/character.go:1675.9,1676.14 1 1
goldbox-rpg/pkg/game/character.go:1677.9,1678.14 1 1
goldbox-rpg/pkg/game/character.go:1679.9,1680.14 1 1
goldbox-rpg/pkg/game/character.go:1681.9,1682.15 1 1
goldbox-rpg/pkg/game/character.go:1683.9,1684.15 1 0
goldbox-rpg/pkg/game/character.go:1685.9,1686.15 1 0
goldbox-rpg/pkg/game/character.go:1687.9,1688.16 1 0
goldbox-rpg/pkg/game/character.go:1689.10,1690.16 1 1
goldbox-rpg/pkg/game/character.go:1691.10,1694.31 2 0
goldbox-rpg/pkg/game/character.go:1694.31,1696.4 1 0
goldbox-rpg/pkg/game/character.go:1697.3,1697.16 1 0
goldbox-rpg/pkg/game/character_creation.go:91.46,93.2 1 1
goldbox-rpg/pkg/game/character_creation.go:108.64,122.2 4 1
goldbox-rpg/pkg/game/character_creation.go:135.101,138.66 2 1
goldbox-rpg/pkg/game/character_creation.go:138.66,140.3 1 1
goldbox-rpg/pkg/game/character_creation.go:142.2,143.16 2 1
goldbox-rpg/pkg/game/character_creation.go:143.16,145.3 1 1
goldbox-rpg/pkg/game/character_creation.go:147.2,154.15 6 1
goldbox-rpg/pkg/game/character_creation.go:158.80,167.2 1 1
goldbox-rpg/pkg/game/character_creation.go:170.122,171.50 1 1
goldbox-rpg/pkg/game/character_creation.go:171.50,174.3 2 1
goldbox-rpg/pkg/game/character_creation.go:175.2,175.12 1 1
goldbox-rpg/pkg/game/character_creation.go:179.145,181.16 2 1
goldbox-rpg/pkg/game/character_creation.go:181.16,184.3 2 0
goldbox-rpg/pkg/game/character_creation.go:186.2,186.79 1 1
goldbox-rpg/pkg/game/character_creation.go:186.79,189.3 2 1
goldbox-rpg/pkg/game/character_creation.go:191.2,191.24 1 1
goldbox-rpg/pkg/game/character_creation.go:195.118,215.2 1 1
goldbox-rpg/pkg/game/character_creation.go:218.139,219.30 1 1
goldbox-rpg/pkg/game/character_creation.go:219.30,223.3 3 1
goldbox-rpg/pkg/game/character_creation.go:227.76,235.2 1 1
goldbox-rpg/pkg/game/character_creation.go:238.150,243.2 4 1
goldbox-rpg/pkg/game/character_creation.go:260.104,263.32 2 1
goldbox-rpg/pkg/game/character_creation.go:264.14,270.46 6 1
goldbox-rpg/pkg/game/character_creation.go:272.18,273.53 1 1
goldbox-rpg/pkg/game/character_creation.go:275.18,278.39 3 1
goldbox-rpg/pkg/game/character_creation.go:278.39,280.4 1 1
goldbox-rpg/pkg/game/character_creation.go:282.16,283.37 1 1
goldbox-rpg/pkg/game/character_creation.go:283.37,285.4 1 0
goldbox-rpg/pkg/game/character_creation.go:286.3,286.51 1 1
goldbox-rpg/pkg/game/character_creation.go:286.51,287.31 1 1
goldbox-rpg/pkg/game/character_creation.go:287.31,289.5 1 0
goldbox-rpg/pkg/game/character_creation.go:290.4,290.27 1 1
goldbox-rpg/pkg/game/character_creation.go:293.10,294.81 1 0
goldbox-rpg/pkg/game/character_creation.go:297.2,297.24 1 1
goldbox-rpg/pkg/game/character_creation.go:305.49,307.25 2 1
goldbox-rpg/pkg/game/character_creation.go:307.25,309.3 1 1
goldbox-rpg/pkg/game/character_creation.go:312.2,314.25 3 1
goldbox-rpg/pkg/game/character_creation.go:314.25,315.26 1 1
goldbox-rpg/pkg/game/character_creation.go:315.26,318.4 2 1
goldbox-rpg/pkg/game/character_creation.go:321.2,322.25 2 1
goldbox-rpg/pkg/game/character_creation.go:322.25,323.20 1 1
goldbox-rpg/pkg/game/character_creation.go:323.20,325.4 1 1
goldbox-rpg/pkg/game/character_creation.go:328.2,328.14 1 1
goldbox-rpg/pkg/game/character_creation.go:340.102,354.13 4 1
goldbox-rpg/pkg/game/character_creation.go:354.13,356.3 1 0
goldbox-rpg/pkg/game/character_creation.go:359.2,369.47 2 1
goldbox-rpg/pkg/game/character_creation.go:369.47,370.54 1 1
goldbox-rpg/pkg/game/character_creation.go:370.54,371.63 1 1
goldbox-rpg/pkg/game/character_creation.go:371.63,373.35 2 1
goldbox-rpg/pkg/game/character_creation.go:373.35,375.6 1 1
goldbox-rpg/pkg/game/character_creation.go:376.5,376.37 1 1
goldbox-rpg/pkg/game/character_creation.go:376.37,379.6 2 1
goldbox-rpg/pkg/game/character_creation.go:379.11,381.6 1 0
goldbox-rpg/pkg/game/character_creation.go:387.2,388.53 2 1
goldbox-rpg/pkg/game/character_creation.go:388.53,392.32 3 1
goldbox-rpg/pkg/game/character_creation.go:392.32,394.34 2 1
goldbox-rpg/pkg/game/character_creation.go:394.34,396.5 1 1
goldbox-rpg/pkg/game/character_creation.go:398.4,398.36 1 1
goldbox-rpg/pkg/game/character_creation.go:398.36,401.5 2 1
goldbox-rpg/pkg/game/character_creation.go:401.10,404.5 1 1
goldbox-rpg/pkg/game/character_creation.go:405.9,408.4 1 1
goldbox-rpg/pkg/game/character_creation.go:411.2,411.24 1 1
goldbox-rpg/pkg/game/character_creation.go:421.82,422.23 1 1
goldbox-rpg/pkg/game/character_creation.go:422.23,424.3 1 1
goldbox-rpg/pkg/game/character_creation.go:426.2,426.27 1 1
goldbox-rpg/pkg/game/character_creation.go:426.27,428.3 1 1
goldbox-rpg/pkg/game/character_creation.go:430.2,437.43 2 1
goldbox-rpg/pkg/game/character_creation.go:437.43,439.3 1 1
goldbox-rpg/pkg/game/character_creation.go:441.2,441.12 1 1
goldbox-rpg/pkg/game/character_creation.go:452.110,454.13 2 1
goldbox-rpg/pkg/game/character_creation.go:454.13,456.3 1 0
goldbox-rpg/pkg/game/character_creation.go:458.2,458.62 1 1
goldbox-rpg/pkg/game/character_creation.go:458.62,461.3 1 1
goldbox-rpg/pkg/game/character_creation.go:463.2,463.63 1 1
goldbox-rpg/pkg/game/character_creation.go:463.63,466.3 1 1
goldbox-rpg/pkg/game/character_creation.go:468.2,468.66 1 1
goldbox-rpg/pkg/game/character_creation.go:468.66,471.3 1 0
goldbox-rpg/pkg/game/character_creation.go:473.2,473.66 1 1
goldbox-rpg/pkg/game/character_creation.go:473.66,476.3 1 0
goldbox-rpg/pkg/game/character_creation.go:478.2,478.60 1 1
goldbox-rpg/pkg/game/character_creation.go:478.60,481.3 1 0
goldbox-rpg/pkg/game/character_creation.go:483.2,483.62 1 1
goldbox-rpg/pkg/game/character_creation.go:483.62,486.3 1 0
goldbox-rpg/pkg/game/character_creation.go:488.2,488.12 1 1
goldbox-rpg/pkg/game/character_creation.go:496.95,521.2 9 1
goldbox-rpg/pkg/game/character_creation.go:530.79,533.15 2 1
goldbox-rpg/pkg/game/character_creation.go:534.20,536.66 2 1
goldbox-rpg/pkg/game/character_creation.go:537.17,539.8 1 1
goldbox-rpg/pkg/game/character_creation.go:540.19,541.66 1 0
goldbox-rpg/pkg/game/character_creation.go:542.18,543.70 1 1
goldbox-rpg/pkg/game/character_creation.go:544.19,546.66 2 0
goldbox-rpg/pkg/game/character_creation.go:547.20,549.66 2 0
goldbox-rpg/pkg/game/character_creation.go:552.2,552.18 1 1
goldbox-rpg/pkg/game/character_creation.go:556.61,559.2 2 1
goldbox-rpg/pkg/game/character_creation.go:562.91,571.2 1 1
goldbox-rpg/pkg/game/character_creation.go:574.98,575.49 1 1
goldbox-rpg/pkg/game/character_creation.go:575.49,577.3 1 1
goldbox-rpg/pkg/game/character_creation.go:581.71,590.2 1 1
goldbox-rpg/pkg/game/character_creation.go:593.68,602.2 1 1
goldbox-rpg/pkg/game/character_creation.go:605.70,614.2 1 1
goldbox-rpg/pkg/game/character_creation.go:617.69,626.2 1 1
goldbox-rpg/pkg/game/character_creation.go:629.70,638.2 1 1
goldbox-rpg/pkg/game/character_creation.go:641.71,650.2 1 1
goldbox-rpg/pkg/game/character_creation.go:653.112,663.2 1 1
goldbox-rpg/pkg/game/character_creation.go:673.3,689.2 1 1
goldbox-rpg/pkg/game/character_creation.go:712.54,731.2 2 1
goldbox-rpg/pkg/game/classes.go:32.42,43.42 2 1
goldbox-rpg/pkg/game/classes.go:43.42,45.3 1 1
goldbox-rpg/pkg/game/classes.go:47.2,47.23 1 1
goldbox-rpg/pkg/game/classes.go:120.69,167.13 3 1
goldbox-rpg/pkg/game/classes.go:167.13,170.3 1 0
goldbox-rpg/pkg/game/classes.go:172.2,172.22 1 1
goldbox-rpg/pkg/game/default_world.go:8.34,26.36 5 1
goldbox-rpg/pkg/game/default_world.go:26.36,28.36 2 1
goldbox-rpg/pkg/game/default_world.go:28.36,30.69 1 1
goldbox-rpg/pkg/game/default_world.go:30.69,40.5 1 1
goldbox-rpg/pkg/game/default_world.go:40.10,51.5 1 1
goldbox-rpg/pkg/game/default_world.go:56.2,61.14 2 1
goldbox-rpg/pkg/game/dice.go:32.34,34.2 1 1
goldbox-rpg/pkg/game/dice.go:37.52,41.2 1 1
goldbox-rpg/pkg/game/dice.go:44.66,51.22 2 1
goldbox-rpg/pkg/game/dice.go:51.22,58.3 2 1
goldbox-rpg/pkg/game/dice.go:61.2,68.22 5 1
goldbox-rpg/pkg/game/dice.go:68.22,76.3 2 1
goldbox-rpg/pkg/game/dice.go:79.2,80.32 2 1
goldbox-rpg/pkg/game/dice.go:80.32,89.3 2 1
goldbox-rpg/pkg/game/dice.go:92.2,93.32 2 1
goldbox-rpg/pkg/game/dice.go:93.32,102.3 2 1
goldbox-rpg/pkg/game/dice.go:105.2,106.43 2 1
goldbox-rpg/pkg/game/dice.go:106.43,108.17 2 1
goldbox-rpg/pkg/game/dice.go:108.17,110.4 1 0
goldbox-rpg/pkg/game/dice.go:114.2,117.31 3 1
goldbox-rpg/pkg/game/dice.go:117.31,121.3 3 1
goldbox-rpg/pkg/game/dice.go:123.2,130.8 2 1
goldbox-rpg/pkg/game/dice.go:134.77,139.35 4 1
goldbox-rpg/pkg/game/dice.go:139.35,140.17 1 1
goldbox-rpg/pkg/game/dice.go:140.17,141.12 1 0
goldbox-rpg/pkg/game/dice.go:144.3,145.17 2 1
goldbox-rpg/pkg/game/dice.go:145.17,147.4 1 0
goldbox-rpg/pkg/game/dice.go:149.3,151.33 3 1
goldbox-rpg/pkg/game/dice.go:154.2,161.8 2 1
goldbox-rpg/pkg/game/dice.go:165.37,166.24 1 1
goldbox-rpg/pkg/game/dice.go:166.24,168.3 1 1
goldbox-rpg/pkg/game/dice.go:170.2,171.22 2 1
goldbox-rpg/pkg/game/dice.go:171.22,173.3 1 1
goldbox-rpg/pkg/game/dice.go:173.8,173.28 1 1
goldbox-rpg/pkg/game/dice.go:173.28,175.3 1 1
goldbox-rpg/pkg/game/dice.go:175.8,177.3 1 1
goldbox-rpg/pkg/game/dice.go:181.63,182.22 1 1
goldbox-rpg/pkg/game/dice.go:182.22,184.3 1 1
goldbox-rpg/pkg/game/dice.go:187.2,194.22 5 1
goldbox-rpg/pkg/game/dice.go:194.22,196.3 1 1
goldbox-rpg/pkg/game/dice.go:199.2,200.32 2 1
goldbox-rpg/pkg/game/dice.go:200.32,202.3 1 0
goldbox-rpg/pkg/game/dice.go:204.2,205.32 2 1
goldbox-rpg/pkg/game/dice.go:205.32,207.3 1 1
goldbox-rpg/pkg/game/dice.go:209.2,210.43 2 1
goldbox-rpg/pkg/game/dice.go:210.43,212.17 2 1
goldbox-rpg/pkg/game/dice.go:212.17,214.4 1 0
goldbox-rpg/pkg/game/dice.go:218.2,221.22 3 1
goldbox-rpg/pkg/game/dispel_info.go:32.93,38.2 1 1
goldbox-rpg/pkg/game/dispel_info.go:42.68,43.19 1 1
goldbox-rpg/pkg/game/dispel_info.go:43.19,45.3 1 1
goldbox-rpg/pkg/game/dispel_info.go:47.2,47.29 1 1
goldbox-rpg/pkg/game/dispel_info.go:47.29,48.40 1 1
goldbox-rpg/pkg/game/dispel_info.go:48.40,50.4 1 1
goldbox-rpg/pkg/game/dispel_info.go:53.2,53.32 1 1
goldbox-rpg/pkg/game/duration.go:28.70,34.2 1 1
goldbox-rpg/pkg/game/duration.go:39.36,41.2 1 1
goldbox-rpg/pkg/game/duration.go:45.35,46.18 1 1
goldbox-rpg/pkg/game/duration.go:46.18,48.3 1 1
goldbox-rpg/pkg/game/duration.go:49.2,49.17 1 1
goldbox-rpg/pkg/game/duration.go:49.17,51.3 1 1
goldbox-rpg/pkg/game/duration.go:52.2,52.20 1 1
goldbox-rpg/pkg/game/duration.go:52.20,54.3 1 1
goldbox-rpg/pkg/game/duration.go:55.2,55.18 1 1
goldbox-rpg/pkg/game/effectbehavior.go:49.45,51.2 1 1
goldbox-rpg/pkg/game/effectbehavior.go:55.83,67.2 1 1
goldbox-rpg/pkg/game/effectbehavior.go:87.84,99.2 1 1
goldbox-rpg/pkg/game/effectbehavior.go:119.85,131.2 1 1
goldbox-rpg/pkg/game/effectbehavior.go:156.54,157.14 1 1
goldbox-rpg/pkg/game/effectbehavior.go:157.14,159.3 1 1
goldbox-rpg/pkg/game/effectbehavior.go:160.2,160.16 1 1
goldbox-rpg/pkg/game/effectbehavior.go:161.51,168.10 1 1
goldbox-rpg/pkg/game/effectbehavior.go:169.10,170.20 1 1
goldbox-rpg/pkg/game/effectbehavior.go:197.91,198.44 1 0
goldbox-rpg/pkg/game/effectbehavior.go:198.44,200.3 1 0
goldbox-rpg/pkg/game/effectbehavior.go:203.2,212.28 4 0
goldbox-rpg/pkg/game/effectbehavior.go:213.21,214.34 1 0
goldbox-rpg/pkg/game/effectbehavior.go:215.22,216.29 1 0
goldbox-rpg/pkg/game/effectbehavior.go:217.20,218.27 1 0
goldbox-rpg/pkg/game/effectbehavior.go:219.28,219.28 0 0
goldbox-rpg/pkg/game/effectbehavior.go:220.26,220.26 0 0
goldbox-rpg/pkg/game/effectbehavior.go:221.18,221.18 0 0
goldbox-rpg/pkg/game/effectbehavior.go:222.23,222.23 0 0
goldbox-rpg/pkg/game/effectbehavior.go:223.25,223.25 0 0
goldbox-rpg/pkg/game/effectbehavior.go:224.18,224.18 0 0
goldbox-rpg/pkg/game/effectbehavior.go:225.10,226.109 1 0
goldbox-rpg/pkg/game/effectbehavior.go:251.106,262.22 6 1
goldbox-rpg/pkg/game/effectbehavior.go:262.22,266.3 1 1
goldbox-rpg/pkg/game/effectbehavior.go:266.8,268.3 1 0
goldbox-rpg/pkg/game/effectbehavior.go:269.2,271.60 2 1
goldbox-rpg/pkg/game/effectbehavior.go:294.81,296.17 1 1
goldbox-rpg/pkg/game/effectbehavior.go:297.18,298.39 1 1
goldbox-rpg/pkg/game/effectbehavior.go:299.20,300.38 1 0
goldbox-rpg/pkg/game/effectbehavior.go:301.10,302.11 1 0
goldbox-rpg/pkg/game/effectbehavior.go:322.62,326.2 3 0
goldbox-rpg/pkg/game/effectbehavior.go:341.65,344.2 1 0
goldbox-rpg/pkg/game/effectbehavior.go:367.60,368.52 1 0
goldbox-rpg/pkg/game/effectbehavior.go:368.52,371.3 2 0
goldbox-rpg/pkg/game/effectbehavior.go:374.2,374.21 1 0
goldbox-rpg/pkg/game/effectbehavior.go:375.28,376.70 1 0
goldbox-rpg/pkg/game/effectbehavior.go:377.26,379.30 2 0
goldbox-rpg/pkg/game/effectbehavior.go:379.30,381.4 1 0
goldbox-rpg/pkg/game/effectbehavior.go:382.3,385.4 1 0
goldbox-rpg/pkg/game/effectbehavior.go:386.22,386.22 0 0
goldbox-rpg/pkg/game/effectbehavior.go:387.21,387.21 0 0
goldbox-rpg/pkg/game/effectbehavior.go:388.20,388.20 0 0
goldbox-rpg/pkg/game/effectbehavior.go:389.18,389.18 0 0
goldbox-rpg/pkg/game/effectbehavior.go:390.23,390.23 0 0
goldbox-rpg/pkg/game/effectbehavior.go:391.25,391.25 0 0
goldbox-rpg/pkg/game/effectbehavior.go:392.18,392.18 0 0
goldbox-rpg/pkg/game/effectbehavior.go:393.10,394.100 1 0
goldbox-rpg/pkg/game/effectimmunity.go:23.56,31.2 1 1
goldbox-rpg/pkg/game/effectimmunity.go:50.84,54.27 3 1
goldbox-rpg/pkg/game/effectimmunity.go:54.27,57.3 2 1
goldbox-rpg/pkg/game/effectimmunity.go:57.8,59.3 1 1
goldbox-rpg/pkg/game/effectimmunity.go:86.77,91.63 3 1
goldbox-rpg/pkg/game/effectimmunity.go:91.63,92.44 1 1
goldbox-rpg/pkg/game/effectimmunity.go:92.44,94.4 1 1
goldbox-rpg/pkg/game/effectimmunity.go:96.3,96.40 1 1
goldbox-rpg/pkg/game/effectimmunity.go:100.2,100.59 1 1
goldbox-rpg/pkg/game/effectimmunity.go:100.59,102.3 1 1
goldbox-rpg/pkg/game/effectimmunity.go:104.2,109.3 1 1
goldbox-rpg/pkg/game/effectimmunity.go:132.83,145.43 5 1
goldbox-rpg/pkg/game/effectimmunity.go:145.43,146.35 1 1
goldbox-rpg/pkg/game/effectimmunity.go:146.35,147.12 1 1
goldbox-rpg/pkg/game/effectimmunity.go:150.3,150.49 1 1
goldbox-rpg/pkg/game/effectimmunity.go:150.49,151.54 1 1
goldbox-rpg/pkg/game/effectimmunity.go:151.54,157.10 2 1
goldbox-rpg/pkg/game/effectimmunity.go:163.2,163.45 1 1
goldbox-rpg/pkg/game/effectimmunity.go:163.45,165.3 1 1
goldbox-rpg/pkg/game/effectimmunity.go:168.2,169.52 2 1
goldbox-rpg/pkg/game/effectimmunity.go:169.52,172.3 2 1
goldbox-rpg/pkg/game/effectimmunity.go:174.2,174.22 1 1
goldbox-rpg/pkg/game/effectimmunity.go:174.22,176.3 1 1
goldbox-rpg/pkg/game/effectimmunity.go:178.2,178.16 1 1
goldbox-rpg/pkg/game/effectimmunity.go:200.118,204.2 3 1
goldbox-rpg/pkg/game/effectimmunity.go:223.93,231.2 3 1
goldbox-rpg/pkg/game/effectimmunity.go:250.60,253.23 2 1
goldbox-rpg/pkg/game/effectimmunity.go:254.24,255.67 1 1
goldbox-rpg/pkg/game/effectimmunity.go:257.23,259.40 1 1
goldbox-rpg/pkg/game/effectimmunity.go:261.23,262.48 1 1
goldbox-rpg/pkg/game/effectimmunity.go:263.20,263.20 0 1
goldbox-rpg/pkg/game/effectimmunity.go:265.10,266.64 1 1
goldbox-rpg/pkg/game/effectimmunity.go:270.2,270.39 1 1
goldbox-rpg/pkg/game/effectimmunity.go:293.28,313.59 4 1
goldbox-rpg/pkg/game/effectimmunity.go:313.59,315.3 1 0
goldbox-rpg/pkg/game/effectimmunity.go:316.2,316.46 1 1
goldbox-rpg/pkg/game/effectimmunity.go:316.46,318.3 1 0
goldbox-rpg/pkg/game/effectimmunity.go:321.2,322.60 2 1
goldbox-rpg/pkg/game/effectmanager.go:10.13,19.2 2 1
goldbox-rpg/pkg/game/effectmanager.go:86.31,121.2 5 1
goldbox-rpg/pkg/game/effectmanager.go:140.62,150.58 4 1
goldbox-rpg/pkg/game/effectmanager.go:150.58,177.3 7 1
goldbox-rpg/pkg/game/effectmanager.go:179.2,191.53 3 0
goldbox-rpg/pkg/game/effectmanager.go:211.63,232.17 6 0
goldbox-rpg/pkg/game/effectmanager.go:232.17,239.3 2 0
goldbox-rpg/pkg/game/effectmanager.go:241.2,244.35 1 0
goldbox-rpg/pkg/game/effectmanager.go:247.120,254.43 2 0
goldbox-rpg/pkg/game/effectmanager.go:254.43,255.36 1 0
goldbox-rpg/pkg/game/effectmanager.go:255.36,267.12 5 0
goldbox-rpg/pkg/game/effectmanager.go:270.3,270.37 1 0
goldbox-rpg/pkg/game/effectmanager.go:270.37,280.4 3 0
goldbox-rpg/pkg/game/effectmanager.go:283.2,283.47 1 0
goldbox-rpg/pkg/game/effectmanager.go:300.45,323.42 8 1
goldbox-rpg/pkg/game/effectmanager.go:323.42,335.40 3 1
goldbox-rpg/pkg/game/effectmanager.go:335.40,336.25 1 0
goldbox-rpg/pkg/game/effectmanager.go:337.16,338.47 1 0
goldbox-rpg/pkg/game/effectmanager.go:339.21,340.76 1 0
goldbox-rpg/pkg/game/effectmanager.go:341.16,342.77 1 0
goldbox-rpg/pkg/game/effectmanager.go:342.77,344.6 1 0
goldbox-rpg/pkg/game/effectmanager.go:347.3,347.21 1 1
goldbox-rpg/pkg/game/effectmanager.go:350.2,382.38 7 1
goldbox-rpg/pkg/game/effectmanager.go:401.106,408.55 2 1
goldbox-rpg/pkg/game/effectmanager.go:408.55,411.39 2 1
goldbox-rpg/pkg/game/effectmanager.go:411.39,422.4 2 0
goldbox-rpg/pkg/game/effectmanager.go:423.3,423.41 1 1
goldbox-rpg/pkg/game/effectmanager.go:423.41,435.4 3 0
goldbox-rpg/pkg/game/effectmanager.go:436.3,436.39 1 1
goldbox-rpg/pkg/game/effectmanager.go:436.39,448.4 3 0
goldbox-rpg/pkg/game/effectmanager.go:452.2,462.65 6 1
goldbox-rpg/pkg/game/effectmanager.go:478.32,513.2 4 1
goldbox-rpg/pkg/game/effectmanager.go:538.44,547.12 3 1
goldbox-rpg/pkg/game/effectmanager.go:548.65,549.24 1 1
goldbox-rpg/pkg/game/effectmanager.go:550.10,551.25 1 1
goldbox-rpg/pkg/game/effectmanager.go:554.2,562.23 2 1
goldbox-rpg/pkg/game/effectmanager.go:585.68,600.44 5 1
goldbox-rpg/pkg/game/effectmanager.go:600.44,601.35 1 1
goldbox-rpg/pkg/game/effectmanager.go:601.35,611.11 2 1
goldbox-rpg/pkg/game/effectmanager.go:612.38,621.15 3 1
goldbox-rpg/pkg/game/effectmanager.go:622.47,633.57 3 0
goldbox-rpg/pkg/game/effectmanager.go:634.12,642.65 2 0
goldbox-rpg/pkg/game/effectmanager.go:648.2,671.12 7 1
goldbox-rpg/pkg/game/effectmanager.go:677.64,688.42 5 1
goldbox-rpg/pkg/game/effectmanager.go:688.42,689.51 1 1
goldbox-rpg/pkg/game/effectmanager.go:689.51,691.4 1 1
goldbox-rpg/pkg/game/effectmanager.go:694.2,705.18 3 1
goldbox-rpg/pkg/game/effectmanager.go:709.58,719.16 3 1
goldbox-rpg/pkg/game/effectmanager.go:719.16,727.3 1 0
goldbox-rpg/pkg/game/effectmanager.go:727.8,734.3 1 1
goldbox-rpg/pkg/game/effectmanager.go:736.2,736.12 1 1
goldbox-rpg/pkg/game/effectmanager.go:740.49,751.42 6 1
goldbox-rpg/pkg/game/effectmanager.go:751.42,752.22 1 1
goldbox-rpg/pkg/game/effectmanager.go:752.22,755.4 2 1
goldbox-rpg/pkg/game/effectmanager.go:758.2,765.16 2 1
goldbox-rpg/pkg/game/effectmanager.go:769.44,791.2 6 1
goldbox-rpg/pkg/game/effectmanager.go:794.49,819.2 6 1
goldbox-rpg/pkg/game/effectmanager.go:822.48,844.2 6 1
goldbox-rpg/pkg/game/effects.go:227.56,238.2 3 1
goldbox-rpg/pkg/game/effects.go:266.85,295.2 1 1
goldbox-rpg/pkg/game/effects.go:315.119,328.2 4 1
goldbox-rpg/pkg/game/effects.go:347.56,349.29 1 1
goldbox-rpg/pkg/game/effects.go:349.29,351.3 1 1
goldbox-rpg/pkg/game/effects.go:354.2,354.78 1 1
goldbox-rpg/pkg/game/effects.go:354.78,356.3 1 1
goldbox-rpg/pkg/game/effects.go:359.2,359.81 1 1
goldbox-rpg/pkg/game/effects.go:359.81,361.3 1 1
goldbox-rpg/pkg/game/effects.go:364.2,364.14 1 1
goldbox-rpg/pkg/game/effects.go:388.98,390.29 1 1
goldbox-rpg/pkg/game/effects.go:390.29,392.3 1 1
goldbox-rpg/pkg/game/effects.go:395.2,395.27 1 1
goldbox-rpg/pkg/game/effects.go:395.27,397.3 1 1
goldbox-rpg/pkg/game/effects.go:400.2,400.26 1 1
goldbox-rpg/pkg/game/effects.go:400.26,402.3 1 1
goldbox-rpg/pkg/game/effects.go:405.2,405.78 1 1
goldbox-rpg/pkg/game/effects.go:405.78,407.3 1 1
goldbox-rpg/pkg/game/effects.go:410.2,410.81 1 1
goldbox-rpg/pkg/game/effects.go:410.81,412.3 1 1
goldbox-rpg/pkg/game/effects.go:414.2,414.14 1 0
goldbox-rpg/pkg/game/effects.go:433.57,434.30 1 1
goldbox-rpg/pkg/game/effects.go:434.30,436.3 1 1
goldbox-rpg/pkg/game/effects.go:437.2,438.48 2 1
goldbox-rpg/pkg/game/effects.go:459.45,461.2 1 1
goldbox-rpg/pkg/game/effects.go:471.52,473.2 1 1
goldbox-rpg/pkg/game/effects.go:484.44,486.2 1 1
goldbox-rpg/pkg/game/effects.go:504.54,505.16 1 1
goldbox-rpg/pkg/game/effects.go:506.51,513.10 1 1
goldbox-rpg/pkg/game/effects.go:514.10,515.20 1 1
goldbox-rpg/pkg/game/equipment.go:19.41,32.46 2 1
goldbox-rpg/pkg/game/equipment.go:32.46,34.3 1 1
goldbox-rpg/pkg/game/equipment.go:35.2,35.18 1 1
goldbox-rpg/pkg/game/events.go:152.37,156.2 3 1
goldbox-rpg/pkg/game/events.go:166.33,170.2 3 1
goldbox-rpg/pkg/game/events.go:183.36,187.2 1 1
goldbox-rpg/pkg/game/events.go:202.77,207.2 3 1
goldbox-rpg/pkg/game/events.go:224.46,229.35 4 1
goldbox-rpg/pkg/game/events.go:229.35,231.3 1 1
goldbox-rpg/pkg/game/events.go:247.64,259.2 2 1
goldbox-rpg/pkg/game/events.go:273.33,275.2 1 1
goldbox-rpg/pkg/game/events.go:291.13,293.67 1 1
goldbox-rpg/pkg/game/events.go:293.67,299.3 3 1
goldbox-rpg/pkg/game/item.go:50.44,52.2 1 1
goldbox-rpg/pkg/game/item.go:62.40,64.2 1 1
goldbox-rpg/pkg/game/item.go:75.32,77.2 1 1
goldbox-rpg/pkg/game/item.go:84.31,86.2 1 1
goldbox-rpg/pkg/game/item.go:93.33,95.2 1 1
goldbox-rpg/pkg/game/item.go:105.39,107.2 1 1
goldbox-rpg/pkg/game/item.go:119.35,121.2 1 1
goldbox-rpg/pkg/game/item.go:129.32,131.2 1 1
goldbox-rpg/pkg/game/item.go:138.34,140.2 1 1
goldbox-rpg/pkg/game/item.go:150.39,152.2 0 1
goldbox-rpg/pkg/game/item.go:167.48,169.2 1 1
goldbox-rpg/pkg/game/item.go:180.41,182.2 1 1
goldbox-rpg/pkg/game/logger.go:27.31,31.2 3 1
goldbox-rpg/pkg/game/logger.go:34.30,38.2 3 1
goldbox-rpg/pkg/game/map.go:21.46,22.53 1 1
goldbox-rpg/pkg/game/map.go:22.53,24.3 1 1
goldbox-rpg/pkg/game/map.go:25.2,25.23 1 1
goldbox-rpg/pkg/game/map.go:29.49,38.2 2 1
goldbox-rpg/pkg/game/modifier.go:33.77,39.2 1 1
goldbox-rpg/pkg/game/modifier.go:44.53,45.21 1 1
goldbox-rpg/pkg/game/modifier.go:46.14,47.29 1 1
goldbox-rpg/pkg/game/modifier.go:48.19,49.29 1 1
goldbox-rpg/pkg/game/modifier.go:50.14,51.17 1 1
goldbox-rpg/pkg/game/modifier.go:52.10,53.19 1 1
goldbox-rpg/pkg/game/player.go:44.30,64.2 6 0
goldbox-rpg/pkg/game/player.go:71.32,75.12 3 0
goldbox-rpg/pkg/game/player.go:75.12,77.3 1 0
goldbox-rpg/pkg/game/player.go:77.8,77.25 1 0
goldbox-rpg/pkg/game/player.go:77.25,79.3 1 0
goldbox-rpg/pkg/game/player.go:79.8,81.3 1 0
goldbox-rpg/pkg/game/player.go:89.33,93.2 3 0
goldbox-rpg/pkg/game/player.go:124.60,134.2 8 1
goldbox-rpg/pkg/game/player.go:137.75,138.49 1 1
goldbox-rpg/pkg/game/player.go:138.49,140.3 1 1
goldbox-rpg/pkg/game/player.go:141.2,141.63 1 1
goldbox-rpg/pkg/game/player.go:141.63,143.3 1 1
goldbox-rpg/pkg/game/player.go:144.2,144.59 1 1
goldbox-rpg/pkg/game/player.go:144.59,146.3 1 1
goldbox-rpg/pkg/game/player.go:150.78,151.49 1 1
goldbox-rpg/pkg/game/player.go:151.49,153.3 1 1
goldbox-rpg/pkg/game/player.go:154.2,154.49 1 1
goldbox-rpg/pkg/game/player.go:154.49,156.3 1 1
goldbox-rpg/pkg/game/player.go:157.2,157.57 1 1
goldbox-rpg/pkg/game/player.go:157.57,159.3 1 1
goldbox-rpg/pkg/game/player.go:160.2,160.65 1 1
goldbox-rpg/pkg/game/player.go:160.65,162.3 1 1
goldbox-rpg/pkg/game/player.go:166.70,167.49 1 1
goldbox-rpg/pkg/game/player.go:167.49,169.3 1 1
goldbox-rpg/pkg/game/player.go:170.2,170.53 1 1
goldbox-rpg/pkg/game/player.go:170.53,172.3 1 1
goldbox-rpg/pkg/game/player.go:173.2,173.50 1 1
goldbox-rpg/pkg/game/player.go:173.50,175.3 1 1
goldbox-rpg/pkg/game/player.go:176.2,176.55 1 1
goldbox-rpg/pkg/game/player.go:176.55,178.3 1 1
goldbox-rpg/pkg/game/player.go:179.2,179.50 1 1
goldbox-rpg/pkg/game/player.go:179.50,181.3 1 1
goldbox-rpg/pkg/game/player.go:182.2,182.54 1 1
goldbox-rpg/pkg/game/player.go:182.54,184.3 1 1
goldbox-rpg/pkg/game/player.go:188.71,189.42 1 1
goldbox-rpg/pkg/game/player.go:189.42,191.3 1 1
goldbox-rpg/pkg/game/player.go:192.2,192.49 1 1
goldbox-rpg/pkg/game/player.go:192.49,194.3 1 1
goldbox-rpg/pkg/game/player.go:195.2,195.51 1 1
goldbox-rpg/pkg/game/player.go:195.51,197.3 1 1
goldbox-rpg/pkg/game/player.go:198.2,198.48 1 1
goldbox-rpg/pkg/game/player.go:198.48,200.3 1 1
goldbox-rpg/pkg/game/player.go:204.72,205.46 1 1
goldbox-rpg/pkg/game/player.go:205.46,207.3 1 1
goldbox-rpg/pkg/game/player.go:211.80,212.48 1 1
goldbox-rpg/pkg/game/player.go:212.48,214.3 1 1
goldbox-rpg/pkg/game/player.go:215.2,215.53 1 1
goldbox-rpg/pkg/game/player.go:215.53,217.3 1 0
goldbox-rpg/pkg/game/player.go:217.8,217.58 1 1
goldbox-rpg/pkg/game/player.go:217.58,220.3 1 1
goldbox-rpg/pkg/game/player.go:229.34,230.14 1 1
goldbox-rpg/pkg/game/player.go:230.14,232.3 1 1
goldbox-rpg/pkg/game/player.go:234.2,250.14 7 1
goldbox-rpg/pkg/game/player.go:259.54,268.2 1 1
goldbox-rpg/pkg/game/player.go:308.49,312.13 3 1
goldbox-rpg/pkg/game/player.go:312.13,314.3 1 1
goldbox-rpg/pkg/game/player.go:317.2,317.65 1 1
goldbox-rpg/pkg/game/player.go:317.65,319.3 1 1
goldbox-rpg/pkg/game/player.go:321.2,324.66 2 1
goldbox-rpg/pkg/game/player.go:324.66,326.3 1 1
goldbox-rpg/pkg/game/player.go:328.2,328.12 1 1
goldbox-rpg/pkg/game/player.go:347.46,365.2 10 1
goldbox-rpg/pkg/game/player.go:376.36,388.2 1 1
goldbox-rpg/pkg/game/player.go:403.48,407.20 3 0
goldbox-rpg/pkg/game/player.go:407.20,409.3 1 0
goldbox-rpg/pkg/game/player.go:412.2,412.43 1 0
goldbox-rpg/pkg/game/player.go:412.43,413.35 1 0
goldbox-rpg/pkg/game/player.go:413.35,415.4 1 0
goldbox-rpg/pkg/game/player.go:419.2,422.12 3 0
goldbox-rpg/pkg/game/player.go:440.71,444.19 3 0
goldbox-rpg/pkg/game/player.go:444.19,446.3 1 0
goldbox-rpg/pkg/game/player.go:449.2,449.35 1 0
goldbox-rpg/pkg/game/player.go:449.35,450.26 1 0
goldbox-rpg/pkg/game/player.go:450.26,451.38 1 0
goldbox-rpg/pkg/game/player.go:451.38,453.5 1 0
goldbox-rpg/pkg/game/player.go:454.4,454.35 1 0
goldbox-rpg/pkg/game/player.go:454.35,456.5 1 0
goldbox-rpg/pkg/game/player.go:459.4,459.47 1 0
goldbox-rpg/pkg/game/player.go:459.47,460.29 1 0
goldbox-rpg/pkg/game/player.go:460.29,462.6 1 0
goldbox-rpg/pkg/game/player.go:466.4,468.29 2 0
goldbox-rpg/pkg/game/player.go:472.2,472.68 1 0
goldbox-rpg/pkg/game/player.go:491.91,495.19 3 0
goldbox-rpg/pkg/game/player.go:495.19,497.3 1 0
goldbox-rpg/pkg/game/player.go:498.2,498.18 1 0
goldbox-rpg/pkg/game/player.go:498.18,500.3 1 0
goldbox-rpg/pkg/game/player.go:503.2,503.35 1 0
goldbox-rpg/pkg/game/player.go:503.35,504.26 1 0
goldbox-rpg/pkg/game/player.go:504.26,505.35 1 0
goldbox-rpg/pkg/game/player.go:505.35,507.5 1 0
goldbox-rpg/pkg/game/player.go:510.4,510.69 1 0
goldbox-rpg/pkg/game/player.go:510.69,512.5 1 0
goldbox-rpg/pkg/game/player.go:515.4,516.38 2 0
goldbox-rpg/pkg/game/player.go:516.38,519.5 2 0
goldbox-rpg/pkg/game/player.go:519.10,522.5 2 0
goldbox-rpg/pkg/game/player.go:524.4,524.14 1 0
goldbox-rpg/pkg/game/player.go:528.2,528.63 1 0
goldbox-rpg/pkg/game/player.go:541.50,545.19 3 0
goldbox-rpg/pkg/game/player.go:545.19,547.3 1 0
goldbox-rpg/pkg/game/player.go:550.2,550.35 1 0
goldbox-rpg/pkg/game/player.go:550.35,551.26 1 0
goldbox-rpg/pkg/game/player.go:551.26,552.38 1 0
goldbox-rpg/pkg/game/player.go:552.38,554.5 1 0
goldbox-rpg/pkg/game/player.go:555.4,555.35 1 0
goldbox-rpg/pkg/game/player.go:555.35,557.5 1 0
goldbox-rpg/pkg/game/player.go:560.4,561.14 2 0
goldbox-rpg/pkg/game/player.go:565.2,565.63 1 0
goldbox-rpg/pkg/game/player.go:577.59,581.19 3 0
goldbox-rpg/pkg/game/player.go:581.19,583.3 1 0
goldbox-rpg/pkg/game/player.go:585.2,585.35 1 0
goldbox-rpg/pkg/game/player.go:585.35,586.26 1 0
goldbox-rpg/pkg/game/player.go:586.26,590.4 2 0
goldbox-rpg/pkg/game/player.go:593.2,593.68 1 0
goldbox-rpg/pkg/game/player.go:603.44,608.35 4 0
goldbox-rpg/pkg/game/player.go:608.35,609.34 1 0
goldbox-rpg/pkg/game/player.go:609.34,611.4 1 0
goldbox-rpg/pkg/game/player.go:614.2,614.21 1 0
goldbox-rpg/pkg/game/player.go:624.47,629.35 4 0
goldbox-rpg/pkg/game/player.go:629.35,630.37 1 0
goldbox-rpg/pkg/game/player.go:630.37,632.4 1 0
goldbox-rpg/pkg/game/player.go:635.2,635.24 1 0
goldbox-rpg/pkg/game/player.go:645.40,653.2 5 1
goldbox-rpg/pkg/game/player.go:657.50,661.38 3 1
goldbox-rpg/pkg/game/player.go:661.38,662.26 1 1
goldbox-rpg/pkg/game/player.go:662.26,664.4 1 1
goldbox-rpg/pkg/game/player.go:666.2,666.14 1 1
goldbox-rpg/pkg/game/player.go:671.48,676.43 3 1
goldbox-rpg/pkg/game/player.go:676.43,677.32 1 1
goldbox-rpg/pkg/game/player.go:677.32,679.4 1 1
goldbox-rpg/pkg/game/player.go:683.2,683.24 1 1
goldbox-rpg/pkg/game/player.go:683.24,685.3 1 1
goldbox-rpg/pkg/game/player.go:688.2,688.27 1 1
goldbox-rpg/pkg/game/player.go:688.27,690.3 1 1
goldbox-rpg/pkg/game/player.go:693.2,694.12 2 1
goldbox-rpg/pkg/game/player.go:699.39,700.17 1 1
goldbox-rpg/pkg/game/player.go:701.17,702.14 1 1
goldbox-rpg/pkg/game/player.go:703.19,704.14 1 0
goldbox-rpg/pkg/game/player.go:705.20,706.22 1 1
goldbox-rpg/pkg/game/player.go:707.19,708.22 1 0
goldbox-rpg/pkg/game/player.go:709.10,710.15 1 1
goldbox-rpg/pkg/game/spatial_index.go:38.65,51.2 1 1
goldbox-rpg/pkg/game/spatial_index.go:54.54,59.34 4 1
goldbox-rpg/pkg/game/spatial_index.go:59.34,61.3 1 1
goldbox-rpg/pkg/game/spatial_index.go:63.2,63.36 1 1
goldbox-rpg/pkg/game/spatial_index.go:67.55,72.2 3 1
goldbox-rpg/pkg/game/spatial_index.go:75.72,82.2 5 1
goldbox-rpg/pkg/game/spatial_index.go:85.90,105.33 9 1
goldbox-rpg/pkg/game/spatial_index.go:105.33,112.39 5 1
goldbox-rpg/pkg/game/spatial_index.go:112.39,114.4 1 1
goldbox-rpg/pkg/game/spatial_index.go:117.2,117.15 1 1
goldbox-rpg/pkg/game/spatial_index.go:121.80,129.26 5 1
goldbox-rpg/pkg/game/spatial_index.go:129.26,131.24 2 1
goldbox-rpg/pkg/game/spatial_index.go:131.24,134.24 2 1
goldbox-rpg/pkg/game/spatial_index.go:134.24,136.5 1 1
goldbox-rpg/pkg/game/spatial_index.go:137.4,137.18 1 1
goldbox-rpg/pkg/game/spatial_index.go:139.3,139.14 1 0
goldbox-rpg/pkg/game/spatial_index.go:143.2,146.25 4 0
goldbox-rpg/pkg/game/spatial_index.go:146.25,148.3 1 0
goldbox-rpg/pkg/game/spatial_index.go:149.2,149.19 1 0
goldbox-rpg/pkg/game/spatial_index.go:153.65,158.34 3 1
goldbox-rpg/pkg/game/spatial_index.go:158.34,160.3 1 1
goldbox-rpg/pkg/game/spatial_index.go:162.2,169.15 4 1
goldbox-rpg/pkg/game/spatial_index.go:173.72,178.37 3 1
goldbox-rpg/pkg/game/spatial_index.go:178.37,180.3 1 1
goldbox-rpg/pkg/game/spatial_index.go:183.2,184.73 2 1
goldbox-rpg/pkg/game/spatial_index.go:184.73,186.3 1 1
goldbox-rpg/pkg/game/spatial_index.go:189.2,189.36 1 1
goldbox-rpg/pkg/game/spatial_index.go:193.33,202.2 3 1
goldbox-rpg/pkg/game/spatial_index.go:205.54,212.2 5 1
goldbox-rpg/pkg/game/spatial_index.go:225.77,228.36 2 1
goldbox-rpg/pkg/game/spatial_index.go:228.36,230.3 1 0
goldbox-rpg/pkg/game/spatial_index.go:232.2,232.17 1 1
goldbox-rpg/pkg/game/spatial_index.go:232.17,236.56 2 1
goldbox-rpg/pkg/game/spatial_index.go:236.56,238.4 1 1
goldbox-rpg/pkg/game/spatial_index.go:239.3,239.13 1 1
goldbox-rpg/pkg/game/spatial_index.go:243.2,243.38 1 1
goldbox-rpg/pkg/game/spatial_index.go:243.38,244.37 1 1
goldbox-rpg/pkg/game/spatial_index.go:244.37,246.4 1 1
goldbox-rpg/pkg/game/spatial_index.go:249.2,249.72 1 0
goldbox-rpg/pkg/game/spatial_index.go:252.78,253.17 1 1
goldbox-rpg/pkg/game/spatial_index.go:253.17,254.36 1 1
goldbox-rpg/pkg/game/spatial_index.go:254.36,255.31 1 1
goldbox-rpg/pkg/game/spatial_index.go:255.31,260.5 3 1
goldbox-rpg/pkg/game/spatial_index.go:262.3,262.53 1 1
goldbox-rpg/pkg/game/spatial_index.go:266.2,266.38 1 0
goldbox-rpg/pkg/game/spatial_index.go:266.38,267.56 1 0
goldbox-rpg/pkg/game/spatial_index.go:267.56,269.4 1 0
goldbox-rpg/pkg/game/spatial_index.go:272.2,272.65 1 0
goldbox-rpg/pkg/game/spatial_index.go:275.105,276.17 1 1
goldbox-rpg/pkg/game/spatial_index.go:276.17,277.34 1 1
goldbox-rpg/pkg/game/spatial_index.go:277.34,278.29 1 1
goldbox-rpg/pkg/game/spatial_index.go:278.29,283.5 4 1
goldbox-rpg/pkg/game/spatial_index.go:285.3,285.53 1 1
goldbox-rpg/pkg/game/spatial_index.go:288.2,288.38 1 0
goldbox-rpg/pkg/game/spatial_index.go:288.38,289.71 1 0
goldbox-rpg/pkg/game/spatial_index.go:289.71,291.4 1 0
goldbox-rpg/pkg/game/spatial_index.go:294.2,294.65 1 0
goldbox-rpg/pkg/game/spatial_index.go:297.92,298.39 1 1
goldbox-rpg/pkg/game/spatial_index.go:298.39,300.3 1 1
goldbox-rpg/pkg/game/spatial_index.go:302.2,302.17 1 1
goldbox-rpg/pkg/game/spatial_index.go:302.17,303.36 1 1
goldbox-rpg/pkg/game/spatial_index.go:303.36,305.30 2 1
goldbox-rpg/pkg/game/spatial_index.go:305.30,307.5 1 1
goldbox-rpg/pkg/game/spatial_index.go:309.3,309.9 1 1
goldbox-rpg/pkg/game/spatial_index.go:312.2,312.38 1 1
goldbox-rpg/pkg/game/spatial_index.go:312.38,314.3 1 1
goldbox-rpg/pkg/game/spatial_index.go:317.54,318.44 1 1
goldbox-rpg/pkg/game/spatial_index.go:318.44,320.3 1 0
goldbox-rpg/pkg/game/spatial_index.go:322.2,335.35 5 1
goldbox-rpg/pkg/game/spatial_index.go:335.35,337.39 2 1
goldbox-rpg/pkg/game/spatial_index.go:337.39,338.38 1 1
goldbox-rpg/pkg/game/spatial_index.go:338.38,340.10 2 1
goldbox-rpg/pkg/game/spatial_index.go:346.2,347.21 2 1
goldbox-rpg/pkg/game/spatial_index.go:350.57,354.2 3 1
goldbox-rpg/pkg/game/spatial_index.go:356.69,359.2 1 1
goldbox-rpg/pkg/game/spatial_index.go:361.65,364.2 1 1
goldbox-rpg/pkg/game/spatial_index.go:366.63,370.2 3 1
goldbox-rpg/pkg/game/spatial_index.go:372.79,373.38 1 1
goldbox-rpg/pkg/game/spatial_index.go:373.38,374.41 1 1
goldbox-rpg/pkg/game/spatial_index.go:374.41,377.21 3 1
goldbox-rpg/pkg/game/spatial_index.go:377.21,379.5 1 0
goldbox-rpg/pkg/game/spatial_index.go:384.94,386.28 2 1
goldbox-rpg/pkg/game/spatial_index.go:386.28,388.3 1 1
goldbox-rpg/pkg/game/spatial_index.go:390.2,390.17 1 1
goldbox-rpg/pkg/game/spatial_index.go:390.17,393.3 2 1
goldbox-rpg/pkg/game/spatial_index.go:393.8,394.39 1 1
goldbox-rpg/pkg/game/spatial_index.go:394.39,396.4 1 1
goldbox-rpg/pkg/game/spell.go:84.38,85.11 1 1
goldbox-rpg/pkg/game/spell.go:86.24,87.22 1 1
goldbox-rpg/pkg/game/spell.go:88.25,89.23 1 1
goldbox-rpg/pkg/game/spell.go:90.24,91.22 1 1
goldbox-rpg/pkg/game/spell.go:92.25,93.23 1 1
goldbox-rpg/pkg/game/spell.go:94.23,95.21 1 1
goldbox-rpg/pkg/game/spell.go:96.22,97.20 1 1
goldbox-rpg/pkg/game/spell.go:98.24,99.22 1 1
goldbox-rpg/pkg/game/spell.go:100.27,101.25 1 1
goldbox-rpg/pkg/game/spell.go:102.10,103.19 1 0
goldbox-rpg/pkg/game/spell.go:108.45,109.11 1 1
goldbox-rpg/pkg/game/spell.go:110.34,111.26 1 1
goldbox-rpg/pkg/game/spell.go:112.36,113.27 1 0
goldbox-rpg/pkg/game/spell.go:114.34,115.26 1 0
goldbox-rpg/pkg/game/spell.go:116.36,117.27 1 0
goldbox-rpg/pkg/game/spell.go:118.32,119.25 1 1
goldbox-rpg/pkg/game/spell.go:120.30,121.24 1 0
goldbox-rpg/pkg/game/spell.go:122.34,123.26 1 0
goldbox-rpg/pkg/game/spell.go:124.40,125.29 1 0
goldbox-rpg/pkg/game/spell.go:126.10,127.25 1 1
goldbox-rpg/pkg/game/spell.go:132.41,133.11 1 1
goldbox-rpg/pkg/game/spell.go:134.23,135.18 1 1
goldbox-rpg/pkg/game/spell.go:136.24,137.19 1 1
goldbox-rpg/pkg/game/spell.go:138.25,139.20 1 1
goldbox-rpg/pkg/game/spell.go:140.10,141.19 1 0
goldbox-rpg/pkg/game/spell.go:146.51,147.11 1 1
goldbox-rpg/pkg/game/spell.go:148.31,149.25 1 1
goldbox-rpg/pkg/game/spell.go:150.33,151.26 1 1
goldbox-rpg/pkg/game/spell.go:152.35,153.27 1 1
goldbox-rpg/pkg/game/spell.go:154.10,155.25 1 1
goldbox-rpg/pkg/game/spell_manager.go:23.54,28.2 1 1
goldbox-rpg/pkg/game/spell_manager.go:31.44,34.93 2 1
goldbox-rpg/pkg/game/spell_manager.go:34.93,35.58 1 1
goldbox-rpg/pkg/game/spell_manager.go:35.58,37.4 1 0
goldbox-rpg/pkg/game/spell_manager.go:39.3,40.17 2 1
goldbox-rpg/pkg/game/spell_manager.go:40.17,42.4 1 0
goldbox-rpg/pkg/game/spell_manager.go:44.3,44.30 1 1
goldbox-rpg/pkg/game/spell_manager.go:44.30,45.91 1 1
goldbox-rpg/pkg/game/spell_manager.go:45.91,46.13 1 0
goldbox-rpg/pkg/game/spell_manager.go:49.4,50.53 2 1
goldbox-rpg/pkg/game/spell_manager.go:50.53,52.5 1 0
goldbox-rpg/pkg/game/spell_manager.go:55.3,55.13 1 1
goldbox-rpg/pkg/game/spell_manager.go:60.62,63.93 2 1
goldbox-rpg/pkg/game/spell_manager.go:63.93,65.17 2 1
goldbox-rpg/pkg/game/spell_manager.go:65.17,67.4 1 0
goldbox-rpg/pkg/game/spell_manager.go:69.3,70.59 2 1
goldbox-rpg/pkg/game/spell_manager.go:70.59,72.4 1 0
goldbox-rpg/pkg/game/spell_manager.go:74.3,74.36 1 1
goldbox-rpg/pkg/game/spell_manager.go:74.36,78.50 2 1
goldbox-rpg/pkg/game/spell_manager.go:78.50,80.5 1 0
goldbox-rpg/pkg/game/spell_manager.go:82.4,82.31 1 1
goldbox-rpg/pkg/game/spell_manager.go:85.3,85.13 1 1
goldbox-rpg/pkg/game/spell_manager.go:90.59,91.20 1 1
goldbox-rpg/pkg/game/spell_manager.go:91.20,93.3 1 0
goldbox-rpg/pkg/game/spell_manager.go:94.2,94.22 1 1
goldbox-rpg/pkg/game/spell_manager.go:94.22,96.3 1 0
goldbox-rpg/pkg/game/spell_manager.go:97.2,97.21 1 1
goldbox-rpg/pkg/game/spell_manager.go:97.21,99.3 1 0
goldbox-rpg/pkg/game/spell_manager.go:100.2,100.21 1 1
goldbox-rpg/pkg/game/spell_manager.go:100.21,102.3 1 0
goldbox-rpg/pkg/game/spell_manager.go:103.2,103.24 1 1
goldbox-rpg/pkg/game/spell_manager.go:103.24,105.3 1 0
goldbox-rpg/pkg/game/spell_manager.go:106.2,106.12 1 1
goldbox-rpg/pkg/game/spell_manager.go:110.72,111.48 1 1
goldbox-rpg/pkg/game/spell_manager.go:111.48,113.3 1 0
goldbox-rpg/pkg/game/spell_manager.go:115.2,117.93 2 1
goldbox-rpg/pkg/game/spell_manager.go:117.93,123.17 3 1
goldbox-rpg/pkg/game/spell_manager.go:123.17,125.4 1 0
goldbox-rpg/pkg/game/spell_manager.go:127.3,128.61 2 1
goldbox-rpg/pkg/game/spell_manager.go:128.61,130.4 1 0
goldbox-rpg/pkg/game/spell_manager.go:133.3,134.13 2 1
goldbox-rpg/pkg/game/spell_manager.go:139.51,143.34 2 0
goldbox-rpg/pkg/game/spell_manager.go:143.34,145.3 1 0
goldbox-rpg/pkg/game/spell_manager.go:148.2,148.43 1 0
goldbox-rpg/pkg/game/spell_manager.go:148.43,150.42 1 0
goldbox-rpg/pkg/game/spell_manager.go:150.42,152.4 1 0
goldbox-rpg/pkg/game/spell_manager.go:154.3,156.17 3 0
goldbox-rpg/pkg/game/spell_manager.go:156.17,158.4 1 0
goldbox-rpg/pkg/game/spell_manager.go:160.3,161.17 2 0
goldbox-rpg/pkg/game/spell_manager.go:161.17,163.4 1 0
goldbox-rpg/pkg/game/spell_manager.go:163.9,165.4 1 0
goldbox-rpg/pkg/game/spell_manager.go:167.3,168.61 2 0
goldbox-rpg/pkg/game/spell_manager.go:168.61,170.4 1 0
goldbox-rpg/pkg/game/spell_manager.go:173.2,173.12 1 0
goldbox-rpg/pkg/game/spell_manager.go:177.66,179.13 2 1
goldbox-rpg/pkg/game/spell_manager.go:179.13,181.3 1 0
goldbox-rpg/pkg/game/spell_manager.go:184.2,185.24 2 1
goldbox-rpg/pkg/game/spell_manager.go:189.62,192.34 2 1
goldbox-rpg/pkg/game/spell_manager.go:192.34,193.27 1 1
goldbox-rpg/pkg/game/spell_manager.go:193.27,196.4 2 1
goldbox-rpg/pkg/game/spell_manager.go:200.2,200.41 1 1
goldbox-rpg/pkg/game/spell_manager.go:200.41,202.3 1 1
goldbox-rpg/pkg/game/spell_manager.go:204.2,204.15 1 1
goldbox-rpg/pkg/game/spell_manager.go:208.72,211.34 2 1
goldbox-rpg/pkg/game/spell_manager.go:211.34,212.29 1 1
goldbox-rpg/pkg/game/spell_manager.go:212.29,215.4 2 1
goldbox-rpg/pkg/game/spell_manager.go:219.2,219.41 1 1
goldbox-rpg/pkg/game/spell_manager.go:219.41,220.41 1 1
goldbox-rpg/pkg/game/spell_manager.go:220.41,222.4 1 1
goldbox-rpg/pkg/game/spell_manager.go:223.3,223.41 1 0
goldbox-rpg/pkg/game/spell_manager.go:226.2,226.15 1 1
goldbox-rpg/pkg/game/spell_manager.go:230.49,233.34 2 0
goldbox-rpg/pkg/game/spell_manager.go:233.34,236.3 2 0
goldbox-rpg/pkg/game/spell_manager.go:239.2,239.41 1 0
goldbox-rpg/pkg/game/spell_manager.go:239.41,240.41 1 0
goldbox-rpg/pkg/game/spell_manager.go:240.41,242.4 1 0
goldbox-rpg/pkg/game/spell_manager.go:243.3,243.41 1 0
goldbox-rpg/pkg/game/spell_manager.go:246.2,246.15 1 0
goldbox-rpg/pkg/game/spell_manager.go:250.54,251.48 1 1
goldbox-rpg/pkg/game/spell_manager.go:251.48,253.3 1 0
goldbox-rpg/pkg/game/spell_manager.go:255.2,255.46 1 1
goldbox-rpg/pkg/game/spell_manager.go:255.46,257.3 1 0
goldbox-rpg/pkg/game/spell_manager.go:259.2,260.12 2 1
goldbox-rpg/pkg/game/spell_manager.go:264.57,265.48 1 0
goldbox-rpg/pkg/game/spell_manager.go:265.48,267.3 1 0
goldbox-rpg/pkg/game/spell_manager.go:269.2,269.47 1 0
goldbox-rpg/pkg/game/spell_manager.go:269.47,271.3 1 0
goldbox-rpg/pkg/game/spell_manager.go:273.2,274.12 2 0
goldbox-rpg/pkg/game/spell_manager.go:278.59,279.46 1 0
goldbox-rpg/pkg/game/spell_manager.go:279.46,281.3 1 0
goldbox-rpg/pkg/game/spell_manager.go:283.2,284.12 2 0
goldbox-rpg/pkg/game/spell_manager.go:288.45,290.2 1 0
goldbox-rpg/pkg/game/spell_manager.go:293.60,296.34 2 0
goldbox-rpg/pkg/game/spell_manager.go:296.34,298.3 1 0
goldbox-rpg/pkg/game/spell_manager.go:300.2,300.15 1 0
goldbox-rpg/pkg/game/spell_manager.go:304.61,308.34 3 1
goldbox-rpg/pkg/game/spell_manager.go:308.34,310.59 1 1
goldbox-rpg/pkg/game/spell_manager.go:310.59,313.12 3 1
goldbox-rpg/pkg/game/spell_manager.go:317.3,317.66 1 1
goldbox-rpg/pkg/game/spell_manager.go:317.66,320.12 3 1
goldbox-rpg/pkg/game/spell_manager.go:324.3,324.48 1 1
goldbox-rpg/pkg/game/spell_manager.go:324.48,325.57 1 1
goldbox-rpg/pkg/game/spell_manager.go:325.57,328.10 3 1
goldbox-rpg/pkg/game/spell_manager.go:334.2,334.41 1 1
goldbox-rpg/pkg/game/spell_manager.go:334.41,335.41 1 1
goldbox-rpg/pkg/game/spell_manager.go:335.41,337.4 1 0
goldbox-rpg/pkg/game/spell_manager.go:338.3,338.41 1 1
goldbox-rpg/pkg/game/spell_manager.go:341.2,341.15 1 1
goldbox-rpg/pkg/game/tile.go:78.26,91.2 1 1
goldbox-rpg/pkg/game/tile.go:113.25,126.2 1 1
goldbox-rpg/pkg/game/utils.go:13.22,15.2 1 1
goldbox-rpg/pkg/game/utils.go:30.70,33.2 1 1
goldbox-rpg/pkg/game/utils.go:59.36,61.13 1 1
goldbox-rpg/pkg/game/utils.go:61.13,63.3 1 1
goldbox-rpg/pkg/game/utils.go:67.2,71.35 3 1
goldbox-rpg/pkg/game/utils.go:71.35,72.23 1 1
goldbox-rpg/pkg/game/utils.go:72.23,74.4 1 1
goldbox-rpg/pkg/game/utils.go:74.9,75.9 1 1
goldbox-rpg/pkg/game/utils.go:79.2,79.21 1 1
goldbox-rpg/pkg/game/utils.go:87.70,99.2 3 1
goldbox-rpg/pkg/game/utils.go:105.37,106.11 1 0
goldbox-rpg/pkg/game/utils.go:106.11,108.3 1 0
goldbox-rpg/pkg/game/utils.go:109.2,109.10 1 0
goldbox-rpg/pkg/game/utils.go:116.37,117.11 1 0
goldbox-rpg/pkg/game/utils.go:117.11,119.3 1 0
goldbox-rpg/pkg/game/utils.go:120.2,120.10 1 0
goldbox-rpg/pkg/game/utils.go:127.27,128.11 1 1
goldbox-rpg/pkg/game/utils.go:128.11,130.3 1 0
goldbox-rpg/pkg/game/utils.go:131.2,131.10 1 1
goldbox-rpg/pkg/game/utils.go:138.27,139.11 1 0
goldbox-rpg/pkg/game/utils.go:139.11,141.3 1 0
goldbox-rpg/pkg/game/utils.go:142.2,142.10 1 0
goldbox-rpg/pkg/game/utils.go:150.54,152.2 1 0
goldbox-rpg/pkg/game/utils.go:169.57,170.15 1 1
goldbox-rpg/pkg/game/utils.go:170.15,172.3 1 1
goldbox-rpg/pkg/game/utils.go:175.2,183.16 3 1
goldbox-rpg/pkg/game/utils.go:183.16,185.3 1 1
goldbox-rpg/pkg/game/utils.go:188.2,189.20 2 1
goldbox-rpg/pkg/game/utils.go:189.20,191.3 1 1
goldbox-rpg/pkg/game/utils.go:193.2,193.50 1 1
goldbox-rpg/pkg/game/world.go:28.67,38.39 4 1
goldbox-rpg/pkg/game/world.go:38.39,45.14 2 1
goldbox-rpg/pkg/game/world.go:46.18,47.49 1 1
goldbox-rpg/pkg/game/world.go:47.49,55.5 2 0
goldbox-rpg/pkg/game/world.go:56.18,57.26 1 1
goldbox-rpg/pkg/game/world.go:58.15,59.23 1 1
goldbox-rpg/pkg/game/world.go:60.23,61.27 1 1
goldbox-rpg/pkg/game/world.go:62.11,68.52 2 1
goldbox-rpg/pkg/game/world.go:72.2,78.12 2 1
goldbox-rpg/pkg/game/world.go:82.56,89.9 3 1
goldbox-rpg/pkg/game/world.go:89.9,96.3 2 0
goldbox-rpg/pkg/game/world.go:98.2,101.31 3 1
goldbox-rpg/pkg/game/world.go:101.31,107.28 4 1
goldbox-rpg/pkg/game/world.go:107.28,108.53 1 1
goldbox-rpg/pkg/game/world.go:108.53,119.5 2 0
goldbox-rpg/pkg/game/world.go:121.3,121.16 1 1
goldbox-rpg/pkg/game/world.go:124.2,131.12 2 1
goldbox-rpg/pkg/game/world.go:135.50,142.9 3 1
goldbox-rpg/pkg/game/world.go:142.9,149.3 2 0
goldbox-rpg/pkg/game/world.go:151.2,152.34 2 1
goldbox-rpg/pkg/game/world.go:152.34,155.3 2 1
goldbox-rpg/pkg/game/world.go:157.2,161.35 1 1
goldbox-rpg/pkg/game/world.go:165.47,167.9 2 1
goldbox-rpg/pkg/game/world.go:167.9,169.3 1 0
goldbox-rpg/pkg/game/world.go:171.2,171.28 1 1
goldbox-rpg/pkg/game/world.go:171.28,173.3 1 1
goldbox-rpg/pkg/game/world.go:177.51,179.9 2 1
goldbox-rpg/pkg/game/world.go:179.9,181.3 1 0
goldbox-rpg/pkg/game/world.go:183.2,183.22 1 1
goldbox-rpg/pkg/game/world.go:187.32,206.30 5 1
goldbox-rpg/pkg/game/world.go:206.30,208.3 1 1
goldbox-rpg/pkg/game/world.go:211.2,211.30 1 1
goldbox-rpg/pkg/game/world.go:211.30,213.3 1 1
goldbox-rpg/pkg/game/world.go:216.2,216.27 1 1
goldbox-rpg/pkg/game/world.go:216.27,218.3 1 1
goldbox-rpg/pkg/game/world.go:221.2,221.34 1 1
goldbox-rpg/pkg/game/world.go:221.34,225.3 3 1
goldbox-rpg/pkg/game/world.go:228.2,228.27 1 1
goldbox-rpg/pkg/game/world.go:228.27,230.37 2 1
goldbox-rpg/pkg/game/world.go:230.37,231.57 1 1
goldbox-rpg/pkg/game/world.go:231.57,234.13 1 0
goldbox-rpg/pkg/game/world.go:239.2,239.14 1 1
goldbox-rpg/pkg/game/world.go:269.24,279.2 1 1
goldbox-rpg/pkg/game/world.go:282.59,292.2 1 1
goldbox-rpg/pkg/game/world.go:295.49,299.49 3 1
goldbox-rpg/pkg/game/world.go:299.49,301.3 1 1
goldbox-rpg/pkg/game/world.go:303.2,310.27 4 1
goldbox-rpg/pkg/game/world.go:310.27,311.52 1 1
goldbox-rpg/pkg/game/world.go:311.52,315.4 1 0
goldbox-rpg/pkg/game/world.go:318.2,318.12 1 1
goldbox-rpg/pkg/game/world.go:322.57,327.40 4 1
goldbox-rpg/pkg/game/world.go:327.40,328.43 1 1
goldbox-rpg/pkg/game/world.go:328.43,330.4 1 1
goldbox-rpg/pkg/game/world.go:333.2,333.16 1 1
goldbox-rpg/pkg/game/world.go:337.69,346.39 2 1
goldbox-rpg/pkg/game/world.go:346.39,348.3 1 1
goldbox-rpg/pkg/game/world.go:351.2,352.38 2 1
goldbox-rpg/pkg/game/world.go:352.38,353.23 1 1
goldbox-rpg/pkg/game/world.go:353.23,355.4 1 1
goldbox-rpg/pkg/game/world.go:360.2,360.12 1 1
goldbox-rpg/pkg/game/world.go:364.59,367.2 1 1
goldbox-rpg/pkg/game/world.go:370.52,374.2 1 1
goldbox-rpg/pkg/game/world.go:377.64,381.27 3 1
goldbox-rpg/pkg/game/world.go:381.27,383.3 1 1
goldbox-rpg/pkg/game/world.go:386.2,387.32 2 1
goldbox-rpg/pkg/game/world.go:387.32,390.45 2 1
goldbox-rpg/pkg/game/world.go:390.45,392.4 1 1
goldbox-rpg/pkg/game/world.go:394.2,394.16 1 1
goldbox-rpg/pkg/game/world.go:398.82,402.27 3 1
goldbox-rpg/pkg/game/world.go:402.27,404.3 1 1
goldbox-rpg/pkg/game/world.go:407.2,408.32 2 1
goldbox-rpg/pkg/game/world.go:408.32,413.25 5 1
goldbox-rpg/pkg/game/world.go:413.25,415.4 1 1
goldbox-rpg/pkg/game/world.go:417.2,417.16 1 1
goldbox-rpg/pkg/game/world.go:421.72,425.27 3 1
goldbox-rpg/pkg/game/world.go:425.27,427.3 1 1
goldbox-rpg/pkg/game/world.go:430.2,436.32 3 1
goldbox-rpg/pkg/game/world.go:436.32,442.3 5 1
goldbox-rpg/pkg/game/world.go:445.2,445.41 1 1
goldbox-rpg/pkg/game/world.go:445.41,446.44 1 1
goldbox-rpg/pkg/game/world.go:446.44,447.55 1 1
goldbox-rpg/pkg/game/world.go:447.55,449.5 1 0
goldbox-rpg/pkg/game/world.go:453.2,455.25 3 1
goldbox-rpg/pkg/game/world.go:455.25,457.3 1 0
goldbox-rpg/pkg/game/world.go:458.2,458.29 1 1
goldbox-rpg/pkg/game/world.go:458.29,460.3 1 1
goldbox-rpg/pkg/game/world.go:461.2,461.15 1 1
goldbox-rpg/pkg/game/world.go:465.78,470.16 4 1
goldbox-rpg/pkg/game/world.go:470.16,472.3 1 0
goldbox-rpg/pkg/game/world.go:474.2,474.70 1 1
goldbox-rpg/pkg/game/world.go:474.70,476.3 1 0
goldbox-rpg/pkg/game/world.go:478.2,480.71 2 1
goldbox-rpg/pkg/game/world.go:480.71,482.3 1 0
goldbox-rpg/pkg/game/world.go:484.2,484.12 1 1
goldbox-rpg/pkg/game/world.go:488.85,490.13 2 1
goldbox-rpg/pkg/game/world.go:490.13,492.3 1 0
goldbox-rpg/pkg/game/world.go:493.2,493.36 1 1
goldbox-rpg/pkg/game/world.go:497.87,502.37 2 1
goldbox-rpg/pkg/game/world.go:502.37,503.79 1 1
goldbox-rpg/pkg/game/world.go:503.79,505.4 1 0
goldbox-rpg/pkg/game/world.go:506.8,507.49 1 0
goldbox-rpg/pkg/game/world.go:507.49,509.4 1 0
goldbox-rpg/pkg/game/world.go:511.2,511.12 1 1
goldbox-rpg/pkg/game/world.go:515.83,518.2 2 1
goldbox-rpg/pkg/game/world.go:521.76,522.54 1 1
goldbox-rpg/pkg/game/world.go:522.54,523.33 1 1
goldbox-rpg/pkg/game/world.go:523.33,524.22 1 1
goldbox-rpg/pkg/game/world.go:524.22,526.10 2 1
goldbox-rpg/pkg/game/world.go:529.3,529.35 1 1
goldbox-rpg/pkg/game/world.go:529.35,531.4 1 1
goldbox-rpg/pkg/game/world.go:536.71,538.2 1 1
goldbox-rpg/pkg/game/world.go:541.84,542.27 1 1
goldbox-rpg/pkg/game/world.go:542.27,543.65 1 1
goldbox-rpg/pkg/game/world.go:543.65,545.4 1 0
goldbox-rpg/pkg/game/world.go:547.2,547.12 1 1
goldbox-rpg/pkg/game/world.go:551.53,556.13 4 1
goldbox-rpg/pkg/game/world.go:556.13,558.3 1 0
goldbox-rpg/pkg/game/world.go:560.2,566.51 3 1
goldbox-rpg/pkg/game/world.go:566.51,567.30 1 1
goldbox-rpg/pkg/game/world.go:567.30,568.22 1 1
goldbox-rpg/pkg/game/world.go:568.22,570.10 2 1
goldbox-rpg/pkg/game/world.go:573.3,573.35 1 1
goldbox-rpg/pkg/game/world.go:573.35,575.4 1 1
goldbox-rpg/pkg/game/world.go:579.2,579.27 1 1
goldbox-rpg/pkg/game/world.go:579.27,580.57 1 1
goldbox-rpg/pkg/game/world.go:580.57,582.4 1 0
goldbox-rpg/pkg/game/world.go:585.2,585.12 1 1
goldbox-rpg/pkg/game/world.go:589.59,593.27 3 1
goldbox-rpg/pkg/game/world.go:593.27,596.3 2 1
goldbox-rpg/pkg/game/world.go:597.2,597.12 1 0
goldbox-rpg/pkg/game/world.go:619.55,621.43 2 0
goldbox-rpg/pkg/game/world.go:621.43,623.3 1 0
goldbox-rpg/pkg/game/world.go:625.2,632.38 6 0
goldbox-rpg/pkg/game/world.go:632.38,633.20 1 0
goldbox-rpg/pkg/game/world.go:633.20,635.4 1 0
goldbox-rpg/pkg/game/world.go:639.2,640.22 2 0
goldbox-rpg/pkg/game/world.go:640.22,642.3 1 0
goldbox-rpg/pkg/game/world.go:645.2,646.19 2 0
goldbox-rpg/pkg/game/world.go:646.19,648.3 1 0
goldbox-rpg/pkg/game/world.go:651.2,652.26 2 0
goldbox-rpg/pkg/game/world.go:652.26,654.3 1 0
goldbox-rpg/pkg/game/world.go:656.2,665.12 2 0
goldbox-rpg/pkg/game/world_types.go:64.56,70.2 5 1
goldbox-rpg/pkg/game/world_types.go:73.53,77.2 3 1
goldbox-rpg/pkg/persistence/atomic.go:30.76,40.48 3 1
goldbox-rpg/pkg/persistence/atomic.go:40.48,42.3 1 0
goldbox-rpg/pkg/persistence/atomic.go:45.2,46.16 2 1
goldbox-rpg/pkg/persistence/atomic.go:46.16,48.3 1 0
goldbox-rpg/pkg/persistence/atomic.go:49.2,52.15 2 1
goldbox-rpg/pkg/persistence/atomic.go:52.15,53.21 1 1
goldbox-rpg/pkg/persistence/atomic.go:53.21,56.4 2 0
goldbox-rpg/pkg/persistence/atomic.go:60.2,60.47 1 1
goldbox-rpg/pkg/persistence/atomic.go:60.47,62.3 1 0
goldbox-rpg/pkg/persistence/atomic.go:65.2,65.39 1 1
goldbox-rpg/pkg/persistence/atomic.go:65.39,67.3 1 0
goldbox-rpg/pkg/persistence/atomic.go:70.2,70.40 1 1
goldbox-rpg/pkg/persistence/atomic.go:70.40,72.3 1 0
goldbox-rpg/pkg/persistence/atomic.go:73.2,76.48 2 1
goldbox-rpg/pkg/persistence/atomic.go:76.48,78.3 1 0
goldbox-rpg/pkg/persistence/atomic.go:81.2,81.53 1 1
goldbox-rpg/pkg/persistence/atomic.go:81.53,83.3 1 0
goldbox-rpg/pkg/persistence/atomic.go:85.2,91.12 2 1
goldbox-rpg/pkg/persistence/filestore.go:31.55,38.52 2 1
goldbox-rpg/pkg/persistence/filestore.go:38.52,40.3 1 0
goldbox-rpg/pkg/persistence/filestore.go:42.2,44.8 1 1
goldbox-rpg/pkg/persistence/filestore.go:48.75,50.16 2 1
goldbox-rpg/pkg/persistence/filestore.go:50.16,52.3 1 0
goldbox-rpg/pkg/persistence/filestore.go:53.2,55.36 2 1
goldbox-rpg/pkg/persistence/filestore.go:55.36,57.3 1 0
goldbox-rpg/pkg/persistence/filestore.go:59.2,59.13 1 1
goldbox-rpg/pkg/persistence/filestore.go:71.68,83.48 5 1
goldbox-rpg/pkg/persistence/filestore.go:83.48,85.17 2 1
goldbox-rpg/pkg/persistence/filestore.go:85.17,87.4 1 0
goldbox-rpg/pkg/persistence/filestore.go:89.3,89.68 1 1
goldbox-rpg/pkg/persistence/filestore.go:89.68,91.4 1 0
goldbox-rpg/pkg/persistence/filestore.go:93.3,99.13 2 1
goldbox-rpg/pkg/persistence/filestore.go:111.68,123.53 5 1
goldbox-rpg/pkg/persistence/filestore.go:123.53,125.3 1 1
goldbox-rpg/pkg/persistence/filestore.go:127.2,127.48 1 1
goldbox-rpg/pkg/persistence/filestore.go:127.48,129.17 2 1
goldbox-rpg/pkg/persistence/filestore.go:129.17,131.4 1 0
goldbox-rpg/pkg/persistence/filestore.go:133.3,133.56 1 1
goldbox-rpg/pkg/persistence/filestore.go:133.56,135.4 1 1
goldbox-rpg/pkg/persistence/filestore.go:137.3,143.13 2 1
goldbox-rpg/pkg/persistence/filestore.go:154.51,158.2 3 1
goldbox-rpg/pkg/persistence/filestore.go:167.52,181.16 6 1
goldbox-rpg/pkg/persistence/filestore.go:181.16,183.3 1 0
goldbox-rpg/pkg/persistence/filestore.go:184.2,186.36 2 1
goldbox-rpg/pkg/persistence/filestore.go:186.36,188.3 1 0
goldbox-rpg/pkg/persistence/filestore.go:191.2,191.67 1 1
goldbox-rpg/pkg/persistence/filestore.go:191.67,193.3 1 0
goldbox-rpg/pkg/persistence/filestore.go:196.2,204.12 4 1
goldbox-rpg/pkg/persistence/filestore.go:215.61,222.16 5 1
goldbox-rpg/pkg/persistence/filestore.go:222.16,224.3 1 0
goldbox-rpg/pkg/persistence/filestore.go:227.2,228.32 2 1
goldbox-rpg/pkg/persistence/filestore.go:228.32,230.17 2 1
goldbox-rpg/pkg/persistence/filestore.go:230.17,231.12 1 0
goldbox-rpg/pkg/persistence/filestore.go:233.3,233.39 1 1
goldbox-rpg/pkg/persistence/filestore.go:236.2,236.22 1 1
goldbox-rpg/pkg/persistence/filestore.go:240.42,242.2 1 1
goldbox-rpg/pkg/persistence/lock.go:32.50,43.52 4 1
goldbox-rpg/pkg/persistence/lock.go:43.52,45.3 1 0
goldbox-rpg/pkg/persistence/lock.go:48.2,49.16 2 1
goldbox-rpg/pkg/persistence/lock.go:49.16,51.3 1 0
goldbox-rpg/pkg/persistence/lock.go:53.2,57.8 1 1
goldbox-rpg/pkg/persistence/lock.go:65.34,66.17 1 1
goldbox-rpg/pkg/persistence/lock.go:66.17,68.3 1 1
goldbox-rpg/pkg/persistence/lock.go:70.2,76.74 2 1
goldbox-rpg/pkg/persistence/lock.go:76.74,78.3 1 0
goldbox-rpg/pkg/persistence/lock.go:80.2,87.12 3 1
goldbox-rpg/pkg/persistence/lock.go:96.45,97.17 1 1
goldbox-rpg/pkg/persistence/lock.go:97.17,99.3 1 0
goldbox-rpg/pkg/persistence/lock.go:102.2,103.16 2 1
goldbox-rpg/pkg/persistence/lock.go:103.16,104.33 1 0
goldbox-rpg/pkg/persistence/lock.go:104.33,106.4 1 0
goldbox-rpg/pkg/persistence/lock.go:107.3,107.58 1 0
goldbox-rpg/pkg/persistence/lock.go:110.2,111.18 2 1
goldbox-rpg/pkg/persistence/lock.go:118.36,119.18 1 1
goldbox-rpg/pkg/persistence/lock.go:119.18,121.3 1 1
goldbox-rpg/pkg/persistence/lock.go:123.2,129.74 2 1
goldbox-rpg/pkg/persistence/lock.go:129.74,131.3 1 0
goldbox-rpg/pkg/persistence/lock.go:133.2,140.12 3 1
goldbox-rpg/pkg/persistence/lock.go:148.35,150.17 1 1
goldbox-rpg/pkg/persistence/lock.go:150.17,151.37 1 1
goldbox-rpg/pkg/persistence/lock.go:151.37,153.4 1 0
goldbox-rpg/pkg/persistence/lock.go:157.2,157.20 1 1
goldbox-rpg/pkg/persistence/lock.go:157.20,158.41 1 1
goldbox-rpg/pkg/persistence/lock.go:158.41,160.4 1 0
goldbox-rpg/pkg/persistence/lock.go:161.3,161.16 1 1
goldbox-rpg/pkg/persistence/lock.go:164.2,164.12 1 1
goldbox-rpg/pkg/retry/retry.go:39.39,48.2 1 1
goldbox-rpg/pkg/retry/retry.go:51.39,60.2 1 1
goldbox-rpg/pkg/retry/retry.go:63.42,72.2 1 1
goldbox-rpg/pkg/retry/retry.go:81.46,86.2 1 1
goldbox-rpg/pkg/retry/retry.go:89.93,96.84 2 1
goldbox-rpg/pkg/retry/retry.go:96.84,103.3 3 1
goldbox-rpg/pkg/retry/retry.go:105.2,111.15 2 1
goldbox-rpg/pkg/retry/retry.go:115.118,124.63 3 1
goldbox-rpg/pkg/retry/retry.go:124.63,134.56 3 1
goldbox-rpg/pkg/retry/retry.go:134.56,142.4 2 0
goldbox-rpg/pkg/retry/retry.go:144.3,144.87 1 1
goldbox-rpg/pkg/retry/retry.go:144.87,152.4 2 0
goldbox-rpg/pkg/retry/retry.go:154.3,154.21 1 1
goldbox-rpg/pkg/retry/retry.go:154.21,161.4 2 1
goldbox-rpg/pkg/retry/retry.go:163.3,163.53 1 1
goldbox-rpg/pkg/retry/retry.go:163.53,170.9 2 1
goldbox-rpg/pkg/retry/retry.go:173.3,173.62 1 1
goldbox-rpg/pkg/retry/retry.go:173.62,181.4 2 1
goldbox-rpg/pkg/retry/retry.go:184.2,193.17 3 1
goldbox-rpg/pkg/retry/retry.go:197.66,202.2 1 1
goldbox-rpg/pkg/retry/retry.go:205.84,206.22 1 1
goldbox-rpg/pkg/retry/retry.go:206.22,209.3 2 0
goldbox-rpg/pkg/retry/retry.go:210.2,210.12 1 1
goldbox-rpg/pkg/retry/retry.go:214.168,220.16 4 1
goldbox-rpg/pkg/retry/retry.go:220.16,221.18 1 1
goldbox-rpg/pkg/retry/retry.go:221.18,223.4 1 1
goldbox-rpg/pkg/retry/retry.go:224.3,224.13 1 1
goldbox-rpg/pkg/retry/retry.go:227.2,228.12 2 1
goldbox-rpg/pkg/retry/retry.go:232.93,233.37 1 1
goldbox-rpg/pkg/retry/retry.go:233.37,236.3 2 1
goldbox-rpg/pkg/retry/retry.go:238.2,238.29 1 1
goldbox-rpg/pkg/retry/retry.go:238.29,241.3 2 0
goldbox-rpg/pkg/retry/retry.go:243.2,243.14 1 1
goldbox-rpg/pkg/retry/retry.go:247.94,254.9 5 1
goldbox-rpg/pkg/retry/retry.go:255.17,256.13 1 1
goldbox-rpg/pkg/retry/retry.go:257.20,259.19 2 1
goldbox-rpg/pkg/retry/retry.go:264.57,266.2 1 1
goldbox-rpg/pkg/retry/retry.go:269.47,270.16 1 1
goldbox-rpg/pkg/retry/retry.go:270.16,272.3 1 1
goldbox-rpg/pkg/retry/retry.go:275.2,275.56 1 1
goldbox-rpg/pkg/retry/retry.go:275.56,276.35 1 1
goldbox-rpg/pkg/retry/retry.go:276.35,278.4 1 1
goldbox-rpg/pkg/retry/retry.go:283.2,283.13 1 1
goldbox-rpg/pkg/retry/retry.go:287.61,292.40 2 1
goldbox-rpg/pkg/retry/retry.go:292.40,294.3 1 1
goldbox-rpg/pkg/retry/retry.go:297.2,297.35 1 1
goldbox-rpg/pkg/retry/retry.go:297.35,303.16 4 1
goldbox-rpg/pkg/retry/retry.go:303.16,305.4 1 0
goldbox-rpg/pkg/retry/retry.go:308.2,308.29 1 1
goldbox-rpg/pkg/retry/retry.go:314.37,319.38 2 1
goldbox-rpg/pkg/retry/retry.go:319.38,321.3 1 1
goldbox-rpg/pkg/retry/retry.go:323.2,323.49 1 1
goldbox-rpg/pkg/retry/retry.go:336.80,338.2 1 1
goldbox-rpg/pkg/retry/retry.go:341.87,343.2 1 1
goldbox-rpg/pkg/retry/retry.go:346.90,348.2 1 1
goldbox-rpg/pkg/resilience/circuitbreaker.go:15.13,18.2 1 1
goldbox-rpg/pkg/resilience/circuitbreaker.go:41.46,42.54 1 1
goldbox-rpg/pkg/resilience/circuitbreaker.go:42.54,44.3 1 1
goldbox-rpg/pkg/resilience/circuitbreaker.go:45.2,45.18 1 1
goldbox-rpg/pkg/resilience/circuitbreaker.go:64.68,71.2 1 1
goldbox-rpg/pkg/resilience/circuitbreaker.go:85.69,99.2 3 1
goldbox-rpg/pkg/resilience/circuitbreaker.go:107.94,109.34 1 1
goldbox-rpg/pkg/resilience/circuitbreaker.go:109.34,112.3 2 1
goldbox-rpg/pkg/resilience/circuitbreaker.go:115.2,115.22 1 1
goldbox-rpg/pkg/resilience/circuitbreaker.go:115.22,121.3 2 1
goldbox-rpg/pkg/resilience/circuitbreaker.go:124.2,128.9 3 1
goldbox-rpg/pkg/resilience/circuitbreaker.go:128.9,129.16 1 1
goldbox-rpg/pkg/resilience/circuitbreaker.go:129.16,130.32 1 1
goldbox-rpg/pkg/resilience/circuitbreaker.go:130.32,136.5 2 0
goldbox-rpg/pkg/resilience/circuitbreaker.go:138.3,138.16 1 1
goldbox-rpg/pkg/resilience/circuitbreaker.go:141.2,142.12 2 1
goldbox-rpg/pkg/resilience/circuitbreaker.go:146.45,150.18 3 1
goldbox-rpg/pkg/resilience/circuitbreaker.go:151.19,152.14 1 1
goldbox-rpg/pkg/resilience/circuitbreaker.go:153.17,155.56 1 1
goldbox-rpg/pkg/resilience/circuitbreaker.go:156.21,157.45 1 0
goldbox-rpg/pkg/resilience/circuitbreaker.go:158.10,163.15 2 0
goldbox-rpg/pkg/resilience/circuitbreaker.go:168.43,172.77 3 1
goldbox-rpg/pkg/resilience/circuitbreaker.go:172.77,180.3 3 1
goldbox-rpg/pkg/resilience/circuitbreaker.go:182.2,182.31 1 1
goldbox-rpg/pkg/resilience/circuitbreaker.go:182.31,184.3 1 1
goldbox-rpg/pkg/resilience/circuitbreaker.go:188.51,192.16 3 1
goldbox-rpg/pkg/resilience/circuitbreaker.go:192.16,194.3 1 1
goldbox-rpg/pkg/resilience/circuitbreaker.go:194.8,196.3 1 1
goldbox-rpg/pkg/resilience/circuitbreaker.go:200.39,204.18 3 1
goldbox-rpg/pkg/resilience/circuitbreaker.go:205.19,206.43 1 1
goldbox-rpg/pkg/resilience/circuitbreaker.go:206.43,213.4 2 1
goldbox-rpg/pkg/resilience/circuitbreaker.go:214.21,219.18 3 0
goldbox-rpg/pkg/resilience/circuitbreaker.go:224.39,225.18 1 1
goldbox-rpg/pkg/resilience/circuitbreaker.go:226.19,228.18 1 1
goldbox-rpg/pkg/resilience/circuitbreaker.go:229.21,230.43 1 1
goldbox-rpg/pkg/resilience/circuitbreaker.go:230.43,238.4 4 0
goldbox-rpg/pkg/resilience/circuitbreaker.go:243.58,247.2 3 1
goldbox-rpg/pkg/resilience/circuitbreaker.go:250.61,264.2 3 1
goldbox-rpg/pkg/resilience/circuitbreaker.go:267.35,282.2 8 1
goldbox-rpg/pkg/resilience/manager.go:21.56,26.2 1 1
goldbox-rpg/pkg/resilience/manager.go:29.106,33.46 3 1
goldbox-rpg/pkg/resilience/manager.go:33.46,35.3 1 1
goldbox-rpg/pkg/resilience/manager.go:38.2,39.19 2 1
goldbox-rpg/pkg/resilience/manager.go:39.19,42.3 2 1
goldbox-rpg/pkg/resilience/manager.go:42.8,44.3 1 1
goldbox-rpg/pkg/resilience/manager.go:46.2,50.11 4 1
goldbox-rpg/pkg/resilience/manager.go:54.76,60.2 4 1
goldbox-rpg/pkg/resilience/manager.go:63.55,69.2 4 1
goldbox-rpg/pkg/resilience/manager.go:72.72,77.37 4 1
goldbox-rpg/pkg/resilience/manager.go:77.37,79.3 1 1
goldbox-rpg/pkg/resilience/manager.go:81.2,81.14 1 1
goldbox-rpg/pkg/resilience/manager.go:85.46,89.37 3 1
goldbox-rpg/pkg/resilience/manager.go:89.37,92.3 2 1
goldbox-rpg/pkg/resilience/manager.go:96.62,101.33 4 1
goldbox-rpg/pkg/resilience/manager.go:101.33,103.3 1 1
goldbox-rpg/pkg/resilience/manager.go:105.2,105.14 1 1
goldbox-rpg/pkg/resilience/manager.go:143.26,145.2 1 1
goldbox-rpg/pkg/resilience/manager.go:149.62,152.2 2 1
goldbox-rpg/pkg/resilience/manager.go:157.101,160.2 2 1
goldbox-rpg/pkg/resilience/manager.go:163.100,166.2 2 1
goldbox-rpg/pkg/resilience/manager.go:169.103,172.2 2 1
goldbox-rpg/cmd/server/main.go:25.13,30.47 3 0
goldbox-rpg/cmd/server/main.go:30.47,33.63 2 0
goldbox-rpg/cmd/server/main.go:33.63,35.4 1 0
goldbox-rpg/cmd/server/main.go:37.3,37.69 1 0
goldbox-rpg/cmd/server/main.go:40.2,41.44 2 0
goldbox-rpg/cmd/server/main.go:47.72,61.15 7 1
goldbox-rpg/cmd/server/main.go:61.15,64.3 2 1
goldbox-rpg/cmd/server/main.go:66.2,67.16 2 1
goldbox-rpg/cmd/server/main.go:67.16,69.3 1 0
goldbox-rpg/cmd/server/main.go:71.2,71.12 1 1
goldbox-rpg/cmd/server/main.go:75.46,77.16 2 1
goldbox-rpg/cmd/server/main.go:77.16,79.3 1 0
goldbox-rpg/cmd/server/main.go:81.2,83.12 3 1
goldbox-rpg/cmd/server/main.go:87.40,89.16 2 1
goldbox-rpg/cmd/server/main.go:89.16,92.3 2 1
goldbox-rpg/cmd/server/main.go:93.2,93.24 1 1
goldbox-rpg/cmd/server/main.go:97.41,105.2 1 1
goldbox-rpg/cmd/server/main.go:108.77,110.16 2 1
goldbox-rpg/cmd/server/main.go:110.16,112.3 1 0
goldbox-rpg/cmd/server/main.go:114.2,115.16 2 1
goldbox-rpg/cmd/server/main.go:115.16,117.3 1 0
goldbox-rpg/cmd/server/main.go:119.2,119.22 1 1
goldbox-rpg/cmd/server/main.go:123.95,128.2 4 0
goldbox-rpg/cmd/server/main.go:131.59,136.2 4 1
goldbox-rpg/cmd/server/main.go:141.89,142.12 1 1
goldbox-rpg/cmd/server/main.go:142.12,143.16 1 1
goldbox-rpg/cmd/server/main.go:143.16,144.32 1 1
goldbox-rpg/cmd/server/main.go:144.32,147.5 2 1
goldbox-rpg/cmd/server/main.go:149.3,150.45 2 1
goldbox-rpg/cmd/server/main.go:150.45,152.4 1 1
goldbox-rpg/cmd/server/main.go:157.72,158.9 1 1
goldbox-rpg/cmd/server/main.go:159.24,160.67 1 1
goldbox-rpg/cmd/server/main.go:161.24,162.46 1 1
goldbox-rpg/cmd/server/main.go:169.96,176.32 4 1
goldbox-rpg/cmd/server/main.go:176.32,179.3 2 0
goldbox-rpg/cmd/server/main.go:182.2,182.27 1 1
goldbox-rpg/cmd/server/main.go:182.27,185.91 2 1
goldbox-rpg/cmd/server/main.go:185.91,187.4 1 0
goldbox-rpg/cmd/server/main.go:188.3,188.21 1 1
goldbox-rpg/cmd/server/main.go:188.21,190.4 1 1
goldbox-rpg/cmd/server/main.go:190.9,192.4 1 0
goldbox-rpg/cmd/server/main.go:195.2,195.41 1 1
goldbox-rpg/cmd/server/main.go:195.41,197.3 1 0
goldbox-rpg/cmd/server/main.go:199.2,199.9 1 1
goldbox-rpg/cmd/server/main.go:200.28,201.57 1 1
goldbox-rpg/cmd/server/main.go:202.45,203.43 1 1
goldbox-rpg/pkg/wasmui/stub_native.go:18.31,20.2 1 1
goldbox-rpg/pkg/wasmui/stub_native.go:26.32,28.2 1 1
goldbox-rpg/pkg/wasmui/types.go:90.42,91.12 1 1
goldbox-rpg/pkg/wasmui/types.go:92.22,93.50 1 1
goldbox-rpg/pkg/wasmui/types.go:94.20,95.52 1 1
goldbox-rpg/pkg/wasmui/types.go:96.21,97.52 1 1
goldbox-rpg/pkg/wasmui/types.go:98.21,99.52 1 1
goldbox-rpg/pkg/wasmui/types.go:100.10,101.52 1 1
goldbox-rpg/scripts/find_untested_files.go:18.58,20.16 2 1
goldbox-rpg/scripts/find_untested_files.go:20.16,22.3 1 1
goldbox-rpg/scripts/find_untested_files.go:24.2,27.27 3 1
goldbox-rpg/scripts/find_untested_files.go:31.56,37.85 2 1
goldbox-rpg/scripts/find_untested_files.go:37.85,38.17 1 1
goldbox-rpg/scripts/find_untested_files.go:38.17,40.4 1 1
goldbox-rpg/scripts/find_untested_files.go:42.3,42.33 1 1
goldbox-rpg/scripts/find_untested_files.go:42.33,44.4 1 1
goldbox-rpg/scripts/find_untested_files.go:46.3,47.17 2 1
goldbox-rpg/scripts/find_untested_files.go:47.17,49.4 1 0
goldbox-rpg/scripts/find_untested_files.go:51.3,52.13 2 1
goldbox-rpg/scripts/find_untested_files.go:55.2,55.19 1 1
goldbox-rpg/scripts/find_untested_files.go:59.57,61.2 1 1
goldbox-rpg/scripts/find_untested_files.go:64.64,65.45 1 1
goldbox-rpg/scripts/find_untested_files.go:65.45,67.3 1 1
goldbox-rpg/scripts/find_untested_files.go:67.8,69.3 1 1
goldbox-rpg/scripts/find_untested_files.go:73.66,78.2 4 1
goldbox-rpg/scripts/find_untested_files.go:81.54,84.44 2 1
goldbox-rpg/scripts/find_untested_files.go:84.44,85.59 1 1
goldbox-rpg/scripts/find_untested_files.go:85.59,87.4 1 1
goldbox-rpg/scripts/find_untested_files.go:90.2,90.22 1 1
goldbox-rpg/scripts/find_untested_files.go:94.81,96.46 1 1
goldbox-rpg/scripts/find_untested_files.go:96.46,98.3 1 1
goldbox-rpg/scripts/find_untested_files.go:99.2,99.31 1 1
goldbox-rpg/scripts/find_untested_files.go:102.13,104.22 2 0
goldbox-rpg/scripts/find_untested_files.go:104.22,106.3 1 0
goldbox-rpg/scripts/find_untested_files.go:108.2,109.16 2 0
goldbox-rpg/scripts/find_untested_files.go:109.16,112.3 2 0
goldbox-rpg/scripts/find_untested_files.go:114.2,114.29 1 0
goldbox-rpg/scripts/find_untested_files.go:114.29,117.3 2 0
goldbox-rpg/scripts/find_untested_files.go:119.2,121.37 2 0
goldbox-rpg/scripts/find_untested_files.go:121.37,123.3 1 0
goldbox-rpg/scripts/find_untested_files.go:125.2,125.76 1 0
goldbox-rpg/pkg/validation/validation.go:30.62,53.2 5 1
goldbox-rpg/pkg/validation/validation.go:57.105,66.36 2 1
goldbox-rpg/pkg/validation/validation.go:66.36,75.3 2 1
goldbox-rpg/pkg/validation/validation.go:78.2,79.13 2 1
goldbox-rpg/pkg/validation/validation.go:79.13,86.3 2 1
goldbox-rpg/pkg/validation/validation.go:89.2,90.16 2 1
goldbox-rpg/pkg/validation/validation.go:90.16,97.3 1 1
goldbox-rpg/pkg/validation/validation.go:97.8,103.3 1 1
goldbox-rpg/pkg/validation/validation.go:104.2,104.12 1 1
goldbox-rpg/pkg/validation/validation.go:110.47,189.2 51 1
goldbox-rpg/pkg/validation/validation.go:193.65,196.2 1 1
goldbox-rpg/pkg/validation/validation.go:199.124,201.13 2 1
goldbox-rpg/pkg/validation/validation.go:201.13,203.3 1 1
goldbox-rpg/pkg/validation/validation.go:205.2,206.9 2 1
goldbox-rpg/pkg/validation/validation.go:206.9,208.3 1 1
goldbox-rpg/pkg/validation/validation.go:210.2,210.22 1 1
goldbox-rpg/pkg/validation/validation.go:210.22,212.3 1 1
goldbox-rpg/pkg/validation/validation.go:213.2,213.12 1 0
goldbox-rpg/pkg/validation/validation.go:216.73,218.9 2 1
goldbox-rpg/pkg/validation/validation.go:218.9,220.3 1 1
goldbox-rpg/pkg/validation/validation.go:222.2,222.81 1 1
goldbox-rpg/pkg/validation/validation.go:225.70,227.2 1 1
goldbox-rpg/pkg/validation/validation.go:229.72,231.2 1 1
goldbox-rpg/pkg/validation/validation.go:233.76,235.9 2 1
goldbox-rpg/pkg/validation/validation.go:235.9,237.3 1 0
goldbox-rpg/pkg/validation/validation.go:240.2,240.59 1 1
goldbox-rpg/pkg/validation/validation.go:240.59,242.3 1 1
goldbox-rpg/pkg/validation/validation.go:245.2,246.13 2 1
goldbox-rpg/pkg/validation/validation.go:246.13,248.3 1 1
goldbox-rpg/pkg/validation/validation.go:250.2,251.9 2 1
goldbox-rpg/pkg/validation/validation.go:251.9,253.3 1 0
goldbox-rpg/pkg/validation/validation.go:255.2,255.55 1 1
goldbox-rpg/pkg/validation/validation.go:255.55,257.3 1 0
goldbox-rpg/pkg/validation/validation.go:260.2,261.13 2 1
goldbox-rpg/pkg/validation/validation.go:261.13,263.3 1 1
goldbox-rpg/pkg/validation/validation.go:265.2,266.9 2 1
goldbox-rpg/pkg/validation/validation.go:266.9,268.3 1 0
goldbox-rpg/pkg/validation/validation.go:270.2,270.41 1 1
goldbox-rpg/pkg/validation/validation.go:273.73,275.9 2 1
goldbox-rpg/pkg/validation/validation.go:275.9,277.3 1 1
goldbox-rpg/pkg/validation/validation.go:280.2,280.59 1 1
goldbox-rpg/pkg/validation/validation.go:280.59,282.3 1 1
goldbox-rpg/pkg/validation/validation.go:285.2,285.55 1 1
goldbox-rpg/pkg/validation/validation.go:285.55,287.10 2 1
goldbox-rpg/pkg/validation/validation.go:287.10,289.4 1 1
goldbox-rpg/pkg/validation/validation.go:290.3,290.33 1 1
goldbox-rpg/pkg/validation/validation.go:293.2,293.12 1 1
goldbox-rpg/pkg/validation/validation.go:296.76,298.9 2 1
goldbox-rpg/pkg/validation/validation.go:298.9,300.3 1 1
goldbox-rpg/pkg/validation/validation.go:303.2,303.59 1 1
goldbox-rpg/pkg/validation/validation.go:303.59,305.3 1 1
goldbox-rpg/pkg/validation/validation.go:307.2,308.13 2 1
goldbox-rpg/pkg/validation/validation.go:308.13,310.3 1 1
goldbox-rpg/pkg/validation/validation.go:312.2,313.9 2 1
goldbox-rpg/pkg/validation/validation.go:313.9,315.3 1 1
goldbox-rpg/pkg/validation/validation.go:317.2,317.32 1 1
goldbox-rpg/pkg/validation/validation.go:320.75,322.2 1 1
goldbox-rpg/pkg/validation/validation.go:324.65,326.9 2 1
goldbox-rpg/pkg/validation/validation.go:326.9,328.3 1 0
goldbox-rpg/pkg/validation/validation.go:331.2,331.59 1 1
goldbox-rpg/pkg/validation/validation.go:331.59,333.3 1 0
goldbox-rpg/pkg/validation/validation.go:337.2,341.42 4 1
goldbox-rpg/pkg/validation/validation.go:341.42,343.3 1 1
goldbox-rpg/pkg/validation/validation.go:346.2,346.24 1 1
goldbox-rpg/pkg/validation/validation.go:346.24,348.10 2 1
goldbox-rpg/pkg/validation/validation.go:348.10,350.4 1 1
goldbox-rpg/pkg/validation/validation.go:352.3,353.10 2 1
goldbox-rpg/pkg/validation/validation.go:353.10,355.4 1 0
goldbox-rpg/pkg/validation/validation.go:357.3,357.77 1 1
goldbox-rpg/pkg/validation/validation.go:357.77,359.4 1 1
goldbox-rpg/pkg/validation/validation.go:362.2,362.12 1 1
goldbox-rpg/pkg/validation/validation.go:365.72,367.2 1 1
goldbox-rpg/pkg/validation/validation.go:369.67,371.9 2 1
goldbox-rpg/pkg/validation/validation.go:371.9,373.3 1 1
goldbox-rpg/pkg/validation/validation.go:376.2,376.59 1 1
goldbox-rpg/pkg/validation/validation.go:376.59,378.3 1 1
goldbox-rpg/pkg/validation/validation.go:381.2,382.13 2 1
goldbox-rpg/pkg/validation/validation.go:382.13,384.3 1 1
goldbox-rpg/pkg/validation/validation.go:386.2,387.9 2 1
goldbox-rpg/pkg/validation/validation.go:387.9,389.3 1 1
goldbox-rpg/pkg/validation/validation.go:391.2,391.32 1 1
goldbox-rpg/pkg/validation/validation.go:394.70,396.9 2 1
goldbox-rpg/pkg/validation/validation.go:396.9,398.3 1 1
goldbox-rpg/pkg/validation/validation.go:401.2,401.59 1 1
goldbox-rpg/pkg/validation/validation.go:401.59,403.3 1 1
goldbox-rpg/pkg/validation/validation.go:406.2,407.13 2 1
goldbox-rpg/pkg/validation/validation.go:407.13,409.3 1 1
goldbox-rpg/pkg/validation/validation.go:411.2,412.9 2 1
goldbox-rpg/pkg/validation/validation.go:412.9,414.3 1 1
goldbox-rpg/pkg/validation/validation.go:416.2,416.36 1 1
goldbox-rpg/pkg/validation/validation.go:419.70,421.2 1 1
goldbox-rpg/pkg/validation/validation.go:423.69,425.2 1 1
goldbox-rpg/pkg/validation/validation.go:427.74,429.2 1 1
goldbox-rpg/pkg/validation/validation.go:431.70,433.9 2 1
goldbox-rpg/pkg/validation/validation.go:433.9,435.3 1 1
goldbox-rpg/pkg/validation/validation.go:438.2,438.59 1 1
goldbox-rpg/pkg/validation/validation.go:438.59,440.3 1 1
goldbox-rpg/pkg/validation/validation.go:443.2,443.59 1 1
goldbox-rpg/pkg/validation/validation.go:446.72,448.9 2 1
goldbox-rpg/pkg/validation/validation.go:448.9,450.3 1 1
goldbox-rpg/pkg/validation/validation.go:453.2,453.59 1 1
goldbox-rpg/pkg/validation/validation.go:453.59,455.3 1 1
goldbox-rpg/pkg/validation/validation.go:458.2,458.46 1 1
goldbox-rpg/pkg/validation/validation.go:458.46,460.10 2 1
goldbox-rpg/pkg/validation/validation.go:460.10,462.4 1 1
goldbox-rpg/pkg/validation/validation.go:463.3,463.40 1 1
goldbox-rpg/pkg/validation/validation.go:466.2,466.12 1 1
goldbox-rpg/pkg/validation/validation.go:469.73,471.2 1 1
goldbox-rpg/pkg/validation/validation.go:475.50,477.9 2 1
goldbox-rpg/pkg/validation/validation.go:477.9,479.3 1 1
goldbox-rpg/pkg/validation/validation.go:481.2,481.43 1 1
goldbox-rpg/pkg/validation/validation.go:484.70,486.13 2 1
goldbox-rpg/pkg/validation/validation.go:486.13,488.3 1 1
goldbox-rpg/pkg/validation/validation.go:490.2,491.9 2 1
goldbox-rpg/pkg/validation/validation.go:491.9,493.3 1 1
goldbox-rpg/pkg/validation/validation.go:495.2,495.35 1 1
goldbox-rpg/pkg/validation/validation.go:498.36,501.32 2 1
goldbox-rpg/pkg/validation/validation.go:501.32,503.3 1 1
goldbox-rpg/pkg/validation/validation.go:504.2,504.12 1 1
goldbox-rpg/pkg/validation/validation.go:507.44,510.20 2 1
goldbox-rpg/pkg/validation/validation.go:510.20,512.3 1 1
goldbox-rpg/pkg/validation/validation.go:514.2,514.20 1 1
goldbox-rpg/pkg/validation/validation.go:514.20,516.3 1 1
goldbox-rpg/pkg/validation/validation.go:518.2,518.29 1 1
goldbox-rpg/pkg/validation/validation.go:518.29,520.3 1 0
goldbox-rpg/pkg/validation/validation.go:523.2,524.34 2 1
goldbox-rpg/pkg/validation/validation.go:524.34,526.3 1 1
goldbox-rpg/pkg/validation/validation.go:528.2,528.12 1 1
goldbox-rpg/pkg/validation/validation.go:531.47,534.2 1 1
goldbox-rpg/pkg/validation/validation.go:538.104,540.13 2 1
goldbox-rpg/pkg/validation/validation.go:540.13,542.3 1 1
goldbox-rpg/pkg/validation/validation.go:544.2,545.9 2 1
goldbox-rpg/pkg/validation/validation.go:545.9,547.3 1 1
goldbox-rpg/pkg/validation/validation.go:549.2,549.40 1 1
goldbox-rpg/pkg/validation/validation.go:549.40,551.3 1 1
goldbox-rpg/pkg/validation/validation.go:554.2,554.17 1 1
goldbox-rpg/pkg/validation/validation.go:554.17,556.3 1 1
goldbox-rpg/pkg/validation/validation.go:558.2,558.12 1 1
goldbox-rpg/pkg/validation/validation.go:561.49,570.42 3 1
goldbox-rpg/pkg/validation/validation.go:570.42,571.26 1 1
goldbox-rpg/pkg/validation/validation.go:571.26,573.4 1 1
goldbox-rpg/pkg/validation/validation.go:576.2,576.57 1 1
goldbox-rpg/pkg/validation/validation.go:579.44,583.23 2 1
goldbox-rpg/pkg/validation/validation.go:583.23,585.3 1 1
goldbox-rpg/pkg/validation/validation.go:587.2,587.24 1 1
goldbox-rpg/pkg/validation/validation.go:587.24,589.3 1 1
goldbox-rpg/pkg/validation/validation.go:591.2,592.38 2 1
goldbox-rpg/pkg/validation/validation.go:592.38,594.3 1 1
goldbox-rpg/pkg/validation/validation.go:596.2,596.12 1 1
goldbox-rpg/pkg/validation/validation.go:599.47,609.39 3 1
goldbox-rpg/pkg/validation/validation.go:609.39,610.24 1 1
goldbox-rpg/pkg/validation/validation.go:610.24,612.4 1 1
goldbox-rpg/pkg/validation/validation.go:615.2,615.55 1 1
goldbox-rpg/pkg/validation/validation.go:618.68,620.9 2 1
goldbox-rpg/pkg/validation/validation.go:620.9,622.3 1 1
goldbox-rpg/pkg/validation/validation.go:625.2,625.59 1 1
goldbox-rpg/pkg/validation/validation.go:625.59,627.3 1 1
goldbox-rpg/pkg/validation/validation.go:630.2,630.74 1 1
goldbox-rpg/pkg/validation/validation.go:630.74,632.3 1 1
goldbox-rpg/pkg/validation/validation.go:635.2,635.53 1 1
goldbox-rpg/pkg/validation/validation.go:635.53,637.10 2 1
goldbox-rpg/pkg/validation/validation.go:637.10,639.4 1 1
goldbox-rpg/pkg/validation/validation.go:640.3,640.41 1 1
goldbox-rpg/pkg/validation/validation.go:640.41,642.4 1 1
goldbox-rpg/pkg/validation/validation.go:645.2,645.12 1 1
goldbox-rpg/pkg/validation/validation.go:648.70,650.2 1 1
goldbox-rpg/pkg/validation/validation.go:653.69,655.9 2 0
goldbox-rpg/pkg/validation/validation.go:655.9,657.3 1 0
goldbox-rpg/pkg/validation/validation.go:659.2,659.84 1 0
goldbox-rpg/pkg/validation/validation.go:663.72,665.9 2 0
goldbox-rpg/pkg/validation/validation.go:665.9,667.3 1 0
goldbox-rpg/pkg/validation/validation.go:668.2,668.59 1 0
goldbox-rpg/pkg/validation/validation.go:668.59,670.3 1 0
goldbox-rpg/pkg/validation/validation.go:671.2,671.12 1 0
goldbox-rpg/pkg/validation/validation.go:675.72,677.9 2 0
goldbox-rpg/pkg/validation/validation.go:677.9,679.3 1 0
goldbox-rpg/pkg/validation/validation.go:680.2,680.59 1 0
goldbox-rpg/pkg/validation/validation.go:680.59,682.3 1 0
goldbox-rpg/pkg/validation/validation.go:683.2,683.12 1 0
goldbox-rpg/pkg/validation/validation.go:687.68,688.19 1 0
goldbox-rpg/pkg/validation/validation.go:688.19,690.3 1 0
goldbox-rpg/pkg/validation/validation.go:691.2,692.9 2 0
goldbox-rpg/pkg/validation/validation.go:692.9,694.3 1 0
goldbox-rpg/pkg/validation/validation.go:695.2,695.49 1 0
goldbox-rpg/pkg/validation/validation.go:695.49,697.3 1 0
goldbox-rpg/pkg/validation/validation.go:698.2,698.12 1 0
goldbox-rpg/pkg/validation/validation.go:702.73,703.19 1 0
goldbox-rpg/pkg/validation/validation.go:703.19,705.3 1 0
goldbox-rpg/pkg/validation/validation.go:706.2,707.9 2 0
goldbox-rpg/pkg/validation/validation.go:707.9,709.3 1 0
goldbox-rpg/pkg/validation/validation.go:710.2,710.49 1 0
goldbox-rpg/pkg/validation/validation.go:710.49,712.3 1 0
goldbox-rpg/pkg/validation/validation.go:713.2,713.12 1 0
goldbox-rpg/pkg/validation/validation.go:717.73,719.2 1 0
goldbox-rpg/pkg/validation/validation.go:722.72,723.19 1 0
goldbox-rpg/pkg/validation/validation.go:723.19,725.3 1 0
goldbox-rpg/pkg/validation/validation.go:726.2,727.9 2 0
goldbox-rpg/pkg/validation/validation.go:727.9,729.3 1 0
goldbox-rpg/pkg/validation/validation.go:730.2,730.49 1 0
goldbox-rpg/pkg/validation/validation.go:730.49,732.3 1 0
goldbox-rpg/pkg/validation/validation.go:733.2,733.12 1 0
goldbox-rpg/pkg/validation/validation.go:737.69,739.2 1 0
goldbox-rpg/pkg/validation/validation.go:742.78,744.9 2 0
goldbox-rpg/pkg/validation/validation.go:744.9,746.3 1 0
goldbox-rpg/pkg/validation/validation.go:747.2,747.59 1 0
goldbox-rpg/pkg/validation/validation.go:747.59,749.3 1 0
goldbox-rpg/pkg/validation/validation.go:750.2,751.13 2 0
goldbox-rpg/pkg/validation/validation.go:751.13,753.3 1 0
goldbox-rpg/pkg/validation/validation.go:754.2,754.36 1 0
goldbox-rpg/pkg/validation/validation.go:754.36,756.3 1 0
goldbox-rpg/pkg/validation/validation.go:757.2,757.12 1 0
goldbox-rpg/pkg/validation/validation.go:761.76,763.9 2 0
goldbox-rpg/pkg/validation/validation.go:763.9,765.3 1 0
goldbox-rpg/pkg/validation/validation.go:766.2,766.59 1 0
goldbox-rpg/pkg/validation/validation.go:766.59,768.3 1 0
goldbox-rpg/pkg/validation/validation.go:769.2,769.48 1 0
goldbox-rpg/pkg/validation/validation.go:769.48,771.3 1 0
goldbox-rpg/pkg/validation/validation.go:772.2,772.52 1 0
goldbox-rpg/pkg/validation/validation.go:772.52,774.3 1 0
goldbox-rpg/pkg/validation/validation.go:775.2,775.12 1 0
goldbox-rpg/pkg/validation/validation.go:779.69,781.9 2 0
goldbox-rpg/pkg/validation/validation.go:781.9,783.3 1 0
goldbox-rpg/pkg/validation/validation.go:784.2,785.13 2 0
goldbox-rpg/pkg/validation/validation.go:785.13,787.3 1 0
goldbox-rpg/pkg/validation/validation.go:788.2,789.9 2 0
goldbox-rpg/pkg/validation/validation.go:789.9,791.3 1 0
goldbox-rpg/pkg/validation/validation.go:792.2,792.36 1 0
goldbox-rpg/pkg/validation/validation.go:796.77,798.9 2 0
goldbox-rpg/pkg/validation/validation.go:798.9,800.3 1 0
goldbox-rpg/pkg/validation/validation.go:801.2,802.13 2 0
goldbox-rpg/pkg/validation/validation.go:802.13,804.3 1 0
goldbox-rpg/pkg/validation/validation.go:805.2,806.9 2 0
goldbox-rpg/pkg/validation/validation.go:806.9,808.3 1 0
goldbox-rpg/pkg/validation/validation.go:809.2,809.35 1 0
goldbox-rpg/pkg/validation/validation.go:809.35,811.3 1 0
goldbox-rpg/pkg/validation/validation.go:812.2,812.12 1 0
goldbox-rpg/pkg/validation/validation.go:816.78,818.9 2 0
goldbox-rpg/pkg/validation/validation.go:818.9,820.3 1 0
goldbox-rpg/pkg/validation/validation.go:821.2,821.46 1 0
goldbox-rpg/pkg/validation/validation.go:821.46,823.3 1 0
goldbox-rpg/pkg/validation/validation.go:824.2,824.12 1 0
goldbox-rpg/pkg/validation/validation.go:828.73,830.9 2 0
goldbox-rpg/pkg/validation/validation.go:830.9,832.3 1 0
goldbox-rpg/pkg/validation/validation.go:833.2,834.13 2 0
goldbox-rpg/pkg/validation/validation.go:834.13,836.3 1 0
goldbox-rpg/pkg/validation/validation.go:837.2,838.9 2 0
goldbox-rpg/pkg/validation/validation.go:838.9,840.3 1 0
goldbox-rpg/pkg/validation/validation.go:841.2,841.43 1 0
goldbox-rpg/pkg/validation/validation.go:841.43,843.3 1 0
goldbox-rpg/pkg/validation/validation.go:844.2,844.12 1 0
goldbox-rpg/pkg/validation/validation.go:848.73,850.9 2 0
goldbox-rpg/pkg/validation/validation.go:850.9,852.3 1 0
goldbox-rpg/pkg/validation/validation.go:853.2,853.59 1 0
goldbox-rpg/pkg/validation/validation.go:853.59,855.3 1 0
goldbox-rpg/pkg/validation/validation.go:856.2,856.12 1 0
goldbox-rpg/pkg/validation/validation.go:860.74,862.9 2 0
goldbox-rpg/pkg/validation/validation.go:862.9,864.3 1 0
goldbox-rpg/pkg/validation/validation.go:865.2,865.59 1 0
goldbox-rpg/pkg/validation/validation.go:865.59,867.3 1 0
goldbox-rpg/pkg/validation/validation.go:868.2,868.12 1 0
goldbox-rpg/pkg/validation/validation.go:872.75,874.9 2 0
goldbox-rpg/pkg/validation/validation.go:874.9,876.3 1 0
goldbox-rpg/pkg/validation/validation.go:877.2,877.59 1 0
goldbox-rpg/pkg/validation/validation.go:877.59,879.3 1 0
goldbox-rpg/pkg/validation/validation.go:880.2,880.12 1 0
goldbox-rpg/pkg/validation/validation.go:884.76,886.9 2 0
goldbox-rpg/pkg/validation/validation.go:886.9,888.3 1 0
goldbox-rpg/pkg/validation/validation.go:889.2,890.13 2 0
goldbox-rpg/pkg/validation/validation.go:890.13,892.3 1 0
goldbox-rpg/pkg/validation/validation.go:893.2,893.40 1 0
goldbox-rpg/pkg/validation/validation.go:893.40,895.3 1 0
goldbox-rpg/pkg/validation/validation.go:896.2,896.12 1 0
goldbox-rpg/cmd/events-demo/main.go:29.30,33.2 1 1
goldbox-rpg/cmd/events-demo/main.go:36.27,41.2 4 1
goldbox-rpg/cmd/events-demo/main.go:53.47,79.2 10 1
goldbox-rpg/cmd/events-demo/main.go:82.62,88.2 5 1
goldbox-rpg/cmd/events-demo/main.go:91.79,96.2 4 1
goldbox-rpg/cmd/events-demo/main.go:99.51,105.16 4 1
goldbox-rpg/cmd/events-demo/main.go:105.16,121.3 3 1
goldbox-rpg/cmd/events-demo/main.go:123.2,128.16 4 1
goldbox-rpg/cmd/events-demo/main.go:128.16,138.3 2 1
goldbox-rpg/cmd/events-demo/main.go:138.8,139.30 1 0
goldbox-rpg/cmd/events-demo/main.go:139.30,142.4 2 0
goldbox-rpg/cmd/events-demo/main.go:146.2,148.26 3 1
goldbox-rpg/cmd/events-demo/main.go:148.26,151.63 3 1
goldbox-rpg/cmd/events-demo/main.go:151.63,153.4 1 1
goldbox-rpg/cmd/events-demo/main.go:157.2,159.64 3 1
goldbox-rpg/cmd/events-demo/main.go:163.48,224.45 3 1
goldbox-rpg/cmd/events-demo/main.go:224.45,230.3 4 1
goldbox-rpg/cmd/events-demo/main.go:234.46,264.43 3 1
goldbox-rpg/cmd/events-demo/main.go:264.43,279.3 4 1
goldbox-rpg/cmd/events-demo/main.go:283.66,289.22 5 1
goldbox-rpg/cmd/events-demo/main.go:289.22,291.34 2 1
goldbox-rpg/cmd/events-demo/main.go:291.34,294.32 2 1
goldbox-rpg/cmd/events-demo/main.go:294.32,296.5 1 1
goldbox-rpg/cmd/events-demo/main.go:298.8,300.3 1 1
goldbox-rpg/cmd/events-demo/main.go:304.76,307.24 3 1
goldbox-rpg/cmd/events-demo/main.go:307.24,311.61 3 1
goldbox-rpg/cmd/events-demo/main.go:311.61,313.4 1 1
goldbox-rpg/cmd/events-demo/main.go:315.3,315.43 1 1
goldbox-rpg/cmd/events-demo/main.go:315.43,317.52 2 0
goldbox-rpg/cmd/events-demo/main.go:317.52,319.5 1 0
goldbox-rpg/cmd/events-demo/main.go:322.3,322.42 1 1
goldbox-rpg/cmd/events-demo/main.go:322.42,324.53 2 0
goldbox-rpg/cmd/events-demo/main.go:324.53,326.5 1 0
goldbox-rpg/cmd/events-demo/main.go:329.2,329.20 1 1
goldbox-rpg/cmd/events-demo/main.go:333.114,339.56 6 1
goldbox-rpg/cmd/events-demo/main.go:339.56,340.60 1 1
goldbox-rpg/cmd/events-demo/main.go:340.60,342.4 1 1
goldbox-rpg/cmd/events-demo/main.go:343.3,343.27 1 1
goldbox-rpg/cmd/events-demo/main.go:348.26,356.2 7 1
goldbox-rpg/cmd/events-demo/main.go:358.13,383.2 15 1
goldbox-rpg/pkg/server/alerting.go:37.38,38.12 1 1
goldbox-rpg/pkg/server/alerting.go:39.22,40.16 1 1
goldbox-rpg/pkg/server/alerting.go:41.25,42.19 1 1
goldbox-rpg/pkg/server/alerting.go:43.26,44.20 1 1
goldbox-rpg/pkg/server/alerting.go:45.10,46.19 1 1
goldbox-rpg/pkg/server/alerting.go:69.54,78.21 2 1
goldbox-rpg/pkg/server/alerting.go:79.22,80.29 1 0
goldbox-rpg/pkg/server/alerting.go:81.25,82.29 1 1
goldbox-rpg/pkg/server/alerting.go:83.26,84.30 1 0
goldbox-rpg/pkg/server/alerting.go:97.116,104.2 1 1
goldbox-rpg/pkg/server/alerting.go:107.58,113.6 4 1
goldbox-rpg/pkg/server/alerting.go:113.6,114.10 1 1
goldbox-rpg/pkg/server/alerting.go:115.19,116.25 1 0
goldbox-rpg/pkg/server/alerting.go:117.22,119.10 2 1
goldbox-rpg/pkg/server/alerting.go:120.21,122.10 2 0
goldbox-rpg/pkg/server/alerting.go:128.38,130.2 1 1
goldbox-rpg/pkg/server/alerting.go:133.50,139.46 4 1
goldbox-rpg/pkg/server/alerting.go:139.46,148.3 1 1
goldbox-rpg/pkg/server/alerting.go:151.2,152.46 2 1
goldbox-rpg/pkg/server/alerting.go:152.46,161.3 1 1
goldbox-rpg/pkg/server/alerting.go:164.2,164.24 1 1
goldbox-rpg/pkg/server/alerting.go:164.24,166.49 2 1
goldbox-rpg/pkg/server/alerting.go:166.49,175.4 1 1
goldbox-rpg/pkg/server/alerting.go:180.2,184.47 2 1
goldbox-rpg/pkg/server/alerting.go:184.47,193.3 1 1
goldbox-rpg/pkg/server/alerting.go:197.47,206.2 1 1
goldbox-rpg/pkg/server/circuitbreaker.go:37.67,39.2 1 1
goldbox-rpg/pkg/server/circuitbreaker.go:42.97,44.2 1 1
goldbox-rpg/pkg/server/circuitbreaker_manager.go:27.101,29.2 1 1
goldbox-rpg/pkg/server/circuitbreaker_manager.go:32.103,34.2 1 1
goldbox-rpg/pkg/server/combat.go:91.36,102.2 1 1
goldbox-rpg/pkg/server/combat.go:111.73,117.57 2 1
goldbox-rpg/pkg/server/combat.go:117.57,119.3 1 1
goldbox-rpg/pkg/server/combat.go:121.2,121.70 1 1
goldbox-rpg/pkg/server/combat.go:121.70,123.64 1 1
goldbox-rpg/pkg/server/combat.go:123.64,129.4 2 0
goldbox-rpg/pkg/server/combat.go:130.3,130.29 1 1
goldbox-rpg/pkg/server/combat.go:133.2,133.57 1 1
goldbox-rpg/pkg/server/combat.go:133.57,135.3 1 1
goldbox-rpg/pkg/server/combat.go:137.2,137.57 1 1
goldbox-rpg/pkg/server/combat.go:137.57,139.3 1 1
goldbox-rpg/pkg/server/combat.go:141.2,141.74 1 1
goldbox-rpg/pkg/server/combat.go:141.74,143.3 1 1
goldbox-rpg/pkg/server/combat.go:145.2,145.73 1 1
goldbox-rpg/pkg/server/combat.go:145.73,147.3 1 1
goldbox-rpg/pkg/server/combat.go:149.2,153.12 2 1
goldbox-rpg/pkg/server/combat.go:157.45,172.36 3 1
goldbox-rpg/pkg/server/combat.go:172.36,176.3 3 1
goldbox-rpg/pkg/server/combat.go:179.2,181.14 2 1
goldbox-rpg/pkg/server/combat.go:185.59,194.2 1 1
goldbox-rpg/pkg/server/combat.go:233.60,239.61 2 1
goldbox-rpg/pkg/server/combat.go:239.61,247.3 2 1
goldbox-rpg/pkg/server/combat.go:249.2,256.18 3 1
goldbox-rpg/pkg/server/combat.go:264.63,271.63 2 1
goldbox-rpg/pkg/server/combat.go:271.63,277.3 2 1
goldbox-rpg/pkg/server/combat.go:279.2,294.12 9 1
goldbox-rpg/pkg/server/combat.go:297.41,298.25 1 1
goldbox-rpg/pkg/server/combat.go:298.25,300.3 1 0
goldbox-rpg/pkg/server/combat.go:301.2,301.60 1 1
goldbox-rpg/pkg/server/combat.go:304.34,306.70 1 0
goldbox-rpg/pkg/server/combat.go:306.70,313.3 2 0
goldbox-rpg/pkg/server/combat.go:315.2,319.43 3 0
goldbox-rpg/pkg/server/combat.go:319.43,320.37 1 0
goldbox-rpg/pkg/server/combat.go:320.37,322.9 2 0
goldbox-rpg/pkg/server/combat.go:326.2,326.21 1 0
goldbox-rpg/pkg/server/combat.go:326.21,327.64 1 0
goldbox-rpg/pkg/server/combat.go:327.64,334.4 1 0
goldbox-rpg/pkg/server/combat.go:338.2,342.26 3 0
goldbox-rpg/pkg/server/combat.go:342.26,344.3 1 0
goldbox-rpg/pkg/server/combat.go:346.2,346.19 1 0
goldbox-rpg/pkg/server/combat.go:346.19,348.3 1 0
goldbox-rpg/pkg/server/combat.go:357.45,363.20 2 1
goldbox-rpg/pkg/server/combat.go:363.20,368.3 2 0
goldbox-rpg/pkg/server/combat.go:371.2,371.29 1 1
goldbox-rpg/pkg/server/combat.go:371.29,376.3 2 0
goldbox-rpg/pkg/server/combat.go:379.2,379.43 1 1
goldbox-rpg/pkg/server/combat.go:379.43,386.3 2 0
goldbox-rpg/pkg/server/combat.go:388.2,391.26 3 1
goldbox-rpg/pkg/server/combat.go:391.26,397.3 2 0
goldbox-rpg/pkg/server/combat.go:400.2,412.19 5 1
goldbox-rpg/pkg/server/combat.go:417.45,431.41 5 0
goldbox-rpg/pkg/server/combat.go:431.41,442.55 3 0
goldbox-rpg/pkg/server/combat.go:442.55,454.4 3 0
goldbox-rpg/pkg/server/combat.go:457.2,460.49 1 0
goldbox-rpg/pkg/server/combat.go:467.43,473.37 2 0
goldbox-rpg/pkg/server/combat.go:473.37,478.3 2 0
goldbox-rpg/pkg/server/combat.go:480.2,486.29 3 0
goldbox-rpg/pkg/server/combat.go:486.29,492.3 3 0
goldbox-rpg/pkg/server/combat.go:494.2,497.14 2 0
goldbox-rpg/pkg/server/combat.go:505.65,507.2 0 0
goldbox-rpg/pkg/server/combat.go:513.51,526.51 5 0
goldbox-rpg/pkg/server/combat.go:526.51,527.21 1 0
goldbox-rpg/pkg/server/combat.go:527.21,530.35 3 0
goldbox-rpg/pkg/server/combat.go:530.35,532.5 1 0
goldbox-rpg/pkg/server/combat.go:534.4,538.31 1 0
goldbox-rpg/pkg/server/combat.go:542.2,547.15 2 0
goldbox-rpg/pkg/server/combat.go:551.33,557.42 2 0
goldbox-rpg/pkg/server/combat.go:557.42,560.3 2 0
goldbox-rpg/pkg/server/combat.go:562.2,580.37 6 0
goldbox-rpg/pkg/server/combat.go:591.75,600.45 3 1
goldbox-rpg/pkg/server/combat.go:600.45,602.3 1 1
goldbox-rpg/pkg/server/combat.go:602.8,602.58 1 0
goldbox-rpg/pkg/server/combat.go:602.58,604.3 1 0
goldbox-rpg/pkg/server/combat.go:604.8,611.3 3 0
goldbox-rpg/pkg/server/combat.go:613.2,616.17 3 1
goldbox-rpg/pkg/server/combat.go:616.17,622.3 2 0
goldbox-rpg/pkg/server/combat.go:624.2,632.18 2 1
goldbox-rpg/pkg/server/combat.go:632.18,638.3 2 0
goldbox-rpg/pkg/server/combat.go:639.2,639.12 1 1
goldbox-rpg/pkg/server/combat.go:660.74,662.19 1 1
goldbox-rpg/pkg/server/combat.go:662.19,672.24 4 1
goldbox-rpg/pkg/server/combat.go:672.24,674.4 1 1
goldbox-rpg/pkg/server/combat.go:676.3,683.23 2 1
goldbox-rpg/pkg/server/combat.go:686.2,702.30 5 0
goldbox-rpg/pkg/server/combat.go:709.69,725.43 5 0
goldbox-rpg/pkg/server/combat.go:725.43,731.3 2 0
goldbox-rpg/pkg/server/combat.go:732.2,749.47 4 0
goldbox-rpg/pkg/server/combat.go:770.103,797.2 4 0
goldbox-rpg/pkg/server/combat.go:809.110,818.13 3 1
goldbox-rpg/pkg/server/combat.go:818.13,825.3 3 0
goldbox-rpg/pkg/server/combat.go:827.2,833.20 3 1
goldbox-rpg/pkg/server/combat.go:833.20,835.47 2 0
goldbox-rpg/pkg/server/combat.go:835.47,841.4 3 0
goldbox-rpg/pkg/server/combat.go:844.2,850.54 3 1
goldbox-rpg/pkg/server/combat.go:850.54,856.3 2 0
goldbox-rpg/pkg/server/combat.go:858.2,868.20 3 1
goldbox-rpg/pkg/server/combat.go:872.64,878.39 2 0
goldbox-rpg/pkg/server/combat.go:878.39,881.3 2 0
goldbox-rpg/pkg/server/combat.go:883.2,891.12 4 0
goldbox-rpg/pkg/server/combat.go:894.69,902.35 4 0
goldbox-rpg/pkg/server/combat.go:902.35,904.29 2 0
goldbox-rpg/pkg/server/combat.go:904.29,905.17 1 0
goldbox-rpg/pkg/server/combat.go:905.17,907.10 2 0
goldbox-rpg/pkg/server/combat.go:910.3,910.15 1 0
goldbox-rpg/pkg/server/combat.go:910.15,912.4 1 0
goldbox-rpg/pkg/server/combat.go:916.2,916.61 1 0
goldbox-rpg/pkg/server/combat.go:916.61,923.3 2 0
goldbox-rpg/pkg/server/combat.go:925.2,927.12 3 0
goldbox-rpg/pkg/server/combat.go:930.48,937.43 3 0
goldbox-rpg/pkg/server/combat.go:937.43,938.49 1 0
goldbox-rpg/pkg/server/combat.go:938.49,940.4 1 0
goldbox-rpg/pkg/server/combat.go:940.9,942.4 1 0
goldbox-rpg/pkg/server/combat.go:944.2,944.38 1 0
goldbox-rpg/pkg/server/combat.go:947.52,949.2 1 1
goldbox-rpg/pkg/server/combat.go:952.36,958.25 2 1
goldbox-rpg/pkg/server/combat.go:958.25,961.3 2 1
goldbox-rpg/pkg/server/combat.go:963.2,970.41 4 1
goldbox-rpg/pkg/server/combat.go:980.75,981.26 1 1
goldbox-rpg/pkg/server/combat.go:981.26,983.3 1 1
goldbox-rpg/pkg/server/combat.go:986.2,987.38 2 1
goldbox-rpg/pkg/server/combat.go:987.38,988.21 1 1
goldbox-rpg/pkg/server/combat.go:988.21,990.4 1 1
goldbox-rpg/pkg/server/combat.go:991.3,991.21 1 1
goldbox-rpg/pkg/server/combat.go:991.21,993.4 1 1
goldbox-rpg/pkg/server/combat.go:994.3,994.24 1 1
goldbox-rpg/pkg/server/combat.go:997.2,997.12 1 1
goldbox-rpg/pkg/server/handlers.go:46.77,52.16 3 1
goldbox-rpg/pkg/server/handlers.go:52.16,54.3 1 1
goldbox-rpg/pkg/server/handlers.go:56.2,57.16 2 1
goldbox-rpg/pkg/server/handlers.go:57.16,59.3 1 1
goldbox-rpg/pkg/server/handlers.go:60.2,62.68 2 1
goldbox-rpg/pkg/server/handlers.go:62.68,64.3 1 0
goldbox-rpg/pkg/server/handlers.go:66.2,67.16 2 1
goldbox-rpg/pkg/server/handlers.go:67.16,69.3 1 0
goldbox-rpg/pkg/server/handlers.go:71.2,71.70 1 1
goldbox-rpg/pkg/server/handlers.go:71.70,73.3 1 0
goldbox-rpg/pkg/server/handlers.go:75.2,75.72 1 1
goldbox-rpg/pkg/server/handlers.go:75.72,77.3 1 0
goldbox-rpg/pkg/server/handlers.go:79.2,86.8 2 1
goldbox-rpg/pkg/server/handlers.go:95.3,102.53 2 1
goldbox-rpg/pkg/server/handlers.go:102.53,108.59 2 1
goldbox-rpg/pkg/server/handlers.go:108.59,114.4 2 1
goldbox-rpg/pkg/server/handlers.go:117.3,118.10 2 0
goldbox-rpg/pkg/server/handlers.go:118.10,120.4 1 0
goldbox-rpg/pkg/server/handlers.go:121.3,122.22 2 0
goldbox-rpg/pkg/server/handlers.go:125.2,125.18 1 1
goldbox-rpg/pkg/server/handlers.go:129.62,130.49 1 0
goldbox-rpg/pkg/server/handlers.go:131.20,132.35 1 0
goldbox-rpg/pkg/server/handlers.go:133.19,134.34 1 0
goldbox-rpg/pkg/server/handlers.go:135.20,136.35 1 0
goldbox-rpg/pkg/server/handlers.go:137.19,138.34 1 0
goldbox-rpg/pkg/server/handlers.go:139.10,140.18 1 0
goldbox-rpg/pkg/server/handlers.go:145.81,147.16 2 1
goldbox-rpg/pkg/server/handlers.go:147.16,153.3 2 1
goldbox-rpg/pkg/server/handlers.go:154.2,154.21 1 1
goldbox-rpg/pkg/server/handlers.go:158.74,159.37 1 1
goldbox-rpg/pkg/server/handlers.go:159.37,161.3 1 1
goldbox-rpg/pkg/server/handlers.go:163.2,163.56 1 0
goldbox-rpg/pkg/server/handlers.go:163.56,169.3 2 0
goldbox-rpg/pkg/server/handlers.go:171.2,171.52 1 0
goldbox-rpg/pkg/server/handlers.go:171.52,180.3 2 0
goldbox-rpg/pkg/server/handlers.go:182.2,182.12 1 0
goldbox-rpg/pkg/server/handlers.go:186.123,197.72 4 1
goldbox-rpg/pkg/server/handlers.go:197.72,203.3 2 0
goldbox-rpg/pkg/server/handlers.go:205.2,205.20 1 1
goldbox-rpg/pkg/server/handlers.go:209.76,210.37 1 1
goldbox-rpg/pkg/server/handlers.go:210.37,212.3 1 1
goldbox-rpg/pkg/server/handlers.go:214.2,214.54 1 0
goldbox-rpg/pkg/server/handlers.go:214.54,220.3 2 0
goldbox-rpg/pkg/server/handlers.go:222.2,229.12 2 0
goldbox-rpg/pkg/server/handlers.go:233.92,236.51 2 1
goldbox-rpg/pkg/server/handlers.go:236.51,242.3 2 0
goldbox-rpg/pkg/server/handlers.go:244.2,258.12 3 1
goldbox-rpg/pkg/server/handlers.go:282.79,293.53 3 1
goldbox-rpg/pkg/server/handlers.go:293.53,299.3 2 0
goldbox-rpg/pkg/server/handlers.go:301.2,302.16 2 1
goldbox-rpg/pkg/server/handlers.go:302.16,308.3 2 1
goldbox-rpg/pkg/server/handlers.go:309.2,311.37 2 1
goldbox-rpg/pkg/server/handlers.go:311.37,316.3 2 1
goldbox-rpg/pkg/server/handlers.go:318.2,318.64 1 1
goldbox-rpg/pkg/server/handlers.go:318.64,324.3 2 1
goldbox-rpg/pkg/server/handlers.go:327.2,327.62 1 1
goldbox-rpg/pkg/server/handlers.go:327.62,336.3 2 1
goldbox-rpg/pkg/server/handlers.go:338.2,346.16 3 1
goldbox-rpg/pkg/server/handlers.go:346.16,352.3 2 0
goldbox-rpg/pkg/server/handlers.go:355.2,355.64 1 1
goldbox-rpg/pkg/server/handlers.go:355.64,362.3 2 0
goldbox-rpg/pkg/server/handlers.go:363.2,374.20 3 1
goldbox-rpg/pkg/server/handlers.go:399.82,405.16 3 1
goldbox-rpg/pkg/server/handlers.go:405.16,407.3 1 0
goldbox-rpg/pkg/server/handlers.go:409.2,410.16 2 1
goldbox-rpg/pkg/server/handlers.go:410.16,412.3 1 1
goldbox-rpg/pkg/server/handlers.go:413.2,415.76 2 1
goldbox-rpg/pkg/server/handlers.go:415.76,417.3 1 1
goldbox-rpg/pkg/server/handlers.go:419.2,420.16 2 1
goldbox-rpg/pkg/server/handlers.go:420.16,422.3 1 1
goldbox-rpg/pkg/server/handlers.go:424.2,425.16 2 0
goldbox-rpg/pkg/server/handlers.go:425.16,427.3 1 0
goldbox-rpg/pkg/server/handlers.go:429.2,429.71 1 0
goldbox-rpg/pkg/server/handlers.go:429.71,431.3 1 0
goldbox-rpg/pkg/server/handlers.go:433.2,437.20 2 0
goldbox-rpg/pkg/server/handlers.go:447.3,455.53 2 1
goldbox-rpg/pkg/server/handlers.go:455.53,461.3 2 0
goldbox-rpg/pkg/server/handlers.go:463.2,463.18 1 1
goldbox-rpg/pkg/server/handlers.go:467.88,469.16 2 1
goldbox-rpg/pkg/server/handlers.go:469.16,475.3 2 1
goldbox-rpg/pkg/server/handlers.go:476.2,476.21 1 1
goldbox-rpg/pkg/server/handlers.go:480.82,482.37 1 1
goldbox-rpg/pkg/server/handlers.go:482.37,484.3 1 0
goldbox-rpg/pkg/server/handlers.go:487.2,487.56 1 1
goldbox-rpg/pkg/server/handlers.go:487.56,493.3 2 1
goldbox-rpg/pkg/server/handlers.go:496.2,496.53 1 1
goldbox-rpg/pkg/server/handlers.go:496.53,505.3 2 0
goldbox-rpg/pkg/server/handlers.go:507.2,507.12 1 1
goldbox-rpg/pkg/server/handlers.go:511.108,513.16 2 1
goldbox-rpg/pkg/server/handlers.go:513.16,520.3 2 0
goldbox-rpg/pkg/server/handlers.go:523.2,523.33 1 1
goldbox-rpg/pkg/server/handlers.go:523.33,530.3 2 1
goldbox-rpg/pkg/server/handlers.go:532.2,532.19 1 0
goldbox-rpg/pkg/server/handlers.go:536.140,545.16 3 0
goldbox-rpg/pkg/server/handlers.go:545.16,552.3 2 0
goldbox-rpg/pkg/server/handlers.go:554.2,554.20 1 0
goldbox-rpg/pkg/server/handlers.go:558.77,560.37 1 0
goldbox-rpg/pkg/server/handlers.go:560.37,562.3 1 0
goldbox-rpg/pkg/server/handlers.go:564.2,564.55 1 0
goldbox-rpg/pkg/server/handlers.go:564.55,571.3 2 0
goldbox-rpg/pkg/server/handlers.go:573.2,580.12 2 0
goldbox-rpg/pkg/server/handlers.go:602.84,612.53 3 1
goldbox-rpg/pkg/server/handlers.go:612.53,618.3 2 1
goldbox-rpg/pkg/server/handlers.go:620.2,620.36 1 1
goldbox-rpg/pkg/server/handlers.go:620.36,625.3 2 0
goldbox-rpg/pkg/server/handlers.go:627.2,633.68 3 1
goldbox-rpg/pkg/server/handlers.go:633.68,639.3 2 1
goldbox-rpg/pkg/server/handlers.go:642.2,643.43 2 0
goldbox-rpg/pkg/server/handlers.go:643.43,644.38 1 0
goldbox-rpg/pkg/server/handlers.go:644.38,645.72 1 0
goldbox-rpg/pkg/server/handlers.go:645.72,652.10 3 0
goldbox-rpg/pkg/server/handlers.go:656.2,671.8 4 0
goldbox-rpg/pkg/server/handlers.go:693.80,702.53 3 1
goldbox-rpg/pkg/server/handlers.go:702.53,708.3 2 1
goldbox-rpg/pkg/server/handlers.go:710.2,711.13 2 1
goldbox-rpg/pkg/server/handlers.go:711.13,717.3 2 1
goldbox-rpg/pkg/server/handlers.go:718.2,720.37 2 1
goldbox-rpg/pkg/server/handlers.go:720.37,725.3 2 0
goldbox-rpg/pkg/server/handlers.go:727.2,727.64 1 1
goldbox-rpg/pkg/server/handlers.go:727.64,733.3 2 0
goldbox-rpg/pkg/server/handlers.go:735.2,748.20 5 1
goldbox-rpg/pkg/server/handlers.go:748.20,750.42 2 1
goldbox-rpg/pkg/server/handlers.go:750.42,751.75 1 1
goldbox-rpg/pkg/server/handlers.go:751.75,758.10 3 1
goldbox-rpg/pkg/server/handlers.go:761.3,761.17 1 1
goldbox-rpg/pkg/server/handlers.go:764.2,764.43 1 1
goldbox-rpg/pkg/server/handlers.go:764.43,769.3 2 0
goldbox-rpg/pkg/server/handlers.go:771.2,778.8 2 1
goldbox-rpg/pkg/server/handlers.go:851.85,861.53 4 1
goldbox-rpg/pkg/server/handlers.go:861.53,864.3 2 1
goldbox-rpg/pkg/server/handlers.go:867.2,868.16 2 1
goldbox-rpg/pkg/server/handlers.go:868.16,871.3 2 1
goldbox-rpg/pkg/server/handlers.go:872.2,876.18 3 1
goldbox-rpg/pkg/server/handlers.go:876.18,879.3 2 0
goldbox-rpg/pkg/server/handlers.go:881.2,882.19 2 1
goldbox-rpg/pkg/server/handlers.go:912.84,925.53 3 1
goldbox-rpg/pkg/server/handlers.go:925.53,931.3 2 1
goldbox-rpg/pkg/server/handlers.go:933.2,934.13 2 1
goldbox-rpg/pkg/server/handlers.go:934.13,940.3 2 1
goldbox-rpg/pkg/server/handlers.go:943.2,953.13 5 0
goldbox-rpg/pkg/server/handlers.go:953.13,959.3 2 0
goldbox-rpg/pkg/server/handlers.go:961.2,962.9 2 0
goldbox-rpg/pkg/server/handlers.go:962.9,968.3 2 0
goldbox-rpg/pkg/server/handlers.go:970.2,970.55 1 0
goldbox-rpg/pkg/server/handlers.go:970.55,976.3 2 0
goldbox-rpg/pkg/server/handlers.go:978.2,990.8 3 0
goldbox-rpg/pkg/server/handlers.go:993.81,1002.53 3 1
goldbox-rpg/pkg/server/handlers.go:1002.53,1008.3 2 0
goldbox-rpg/pkg/server/handlers.go:1010.2,1010.26 1 1
goldbox-rpg/pkg/server/handlers.go:1010.26,1015.3 2 1
goldbox-rpg/pkg/server/handlers.go:1018.2,1045.8 9 1
goldbox-rpg/pkg/server/handlers.go:1072.88,1078.16 3 1
goldbox-rpg/pkg/server/handlers.go:1078.16,1080.3 1 0
goldbox-rpg/pkg/server/handlers.go:1082.2,1083.16 2 1
goldbox-rpg/pkg/server/handlers.go:1083.16,1085.3 1 1
goldbox-rpg/pkg/server/handlers.go:1087.2,1088.21 2 1
goldbox-rpg/pkg/server/handlers.go:1088.21,1098.3 2 1
goldbox-rpg/pkg/server/handlers.go:1100.2,1119.8 3 1
goldbox-rpg/pkg/server/handlers.go:1133.108,1135.53 2 1
goldbox-rpg/pkg/server/handlers.go:1135.53,1141.3 2 0
goldbox-rpg/pkg/server/handlers.go:1142.2,1142.18 1 1
goldbox-rpg/pkg/server/handlers.go:1146.110,1157.13 3 1
goldbox-rpg/pkg/server/handlers.go:1157.13,1163.3 2 1
goldbox-rpg/pkg/server/handlers.go:1165.2,1165.27 1 1
goldbox-rpg/pkg/server/handlers.go:1165.27,1175.3 2 1
goldbox-rpg/pkg/server/handlers.go:1177.2,1184.8 1 1
goldbox-rpg/pkg/server/handlers.go:1188.108,1192.2 3 1
goldbox-rpg/pkg/server/handlers.go:1195.86,1200.6 4 1
goldbox-rpg/pkg/server/handlers.go:1200.6,1202.50 2 1
goldbox-rpg/pkg/server/handlers.go:1202.50,1203.9 1 1
goldbox-rpg/pkg/server/handlers.go:1205.3,1208.62 1 0
goldbox-rpg/pkg/server/handlers.go:1211.2,1223.20 3 1
goldbox-rpg/pkg/server/handlers.go:1223.20,1225.3 1 1
goldbox-rpg/pkg/server/handlers.go:1227.2,1227.16 1 1
goldbox-rpg/pkg/server/handlers.go:1231.82,1242.53 3 1
goldbox-rpg/pkg/server/handlers.go:1242.53,1248.3 2 1
goldbox-rpg/pkg/server/handlers.go:1251.2,1252.16 2 1
goldbox-rpg/pkg/server/handlers.go:1252.16,1254.3 1 1
goldbox-rpg/pkg/server/handlers.go:1256.2,1260.16 3 1
goldbox-rpg/pkg/server/handlers.go:1260.16,1266.3 2 0
goldbox-rpg/pkg/server/handlers.go:1269.2,1270.66 2 1
goldbox-rpg/pkg/server/handlers.go:1270.66,1272.3 1 0
goldbox-rpg/pkg/server/handlers.go:1275.2,1275.59 1 1
goldbox-rpg/pkg/server/handlers.go:1275.59,1286.3 2 1
goldbox-rpg/pkg/server/handlers.go:1289.2,1305.25 4 1
goldbox-rpg/pkg/server/handlers.go:1305.25,1307.3 1 0
goldbox-rpg/pkg/server/handlers.go:1309.2,1309.22 1 1
goldbox-rpg/pkg/server/handlers.go:1328.84,1338.53 3 1
goldbox-rpg/pkg/server/handlers.go:1338.53,1344.3 2 1
goldbox-rpg/pkg/server/handlers.go:1347.2,1348.16 2 1
goldbox-rpg/pkg/server/handlers.go:1348.16,1350.3 1 1
goldbox-rpg/pkg/server/handlers.go:1352.2,1356.16 3 1
goldbox-rpg/pkg/server/handlers.go:1356.16,1362.3 2 0
goldbox-rpg/pkg/server/handlers.go:1365.2,1366.16 2 1
goldbox-rpg/pkg/server/handlers.go:1366.16,1376.3 2 0
goldbox-rpg/pkg/server/handlers.go:1378.2,1389.8 2 1
goldbox-rpg/pkg/server/handlers.go:1406.85,1415.53 3 1
goldbox-rpg/pkg/server/handlers.go:1415.53,1421.3 2 1
goldbox-rpg/pkg/server/handlers.go:1424.2,1425.16 2 1
goldbox-rpg/pkg/server/handlers.go:1425.16,1427.3 1 1
goldbox-rpg/pkg/server/handlers.go:1429.2,1437.40 5 1
goldbox-rpg/pkg/server/handlers.go:1437.40,1441.3 3 1
goldbox-rpg/pkg/server/handlers.go:1444.2,1458.8 3 1
goldbox-rpg/pkg/server/handlers.go:1462.70,1477.47 2 1
goldbox-rpg/pkg/server/handlers.go:1477.47,1479.3 1 1
goldbox-rpg/pkg/server/handlers.go:1481.2,1481.74 1 1
goldbox-rpg/pkg/server/handlers.go:1485.60,1498.45 2 1
goldbox-rpg/pkg/server/handlers.go:1498.45,1500.3 1 1
goldbox-rpg/pkg/server/handlers.go:1502.2,1502.18 1 0
goldbox-rpg/pkg/server/handlers.go:1506.80,1511.13 4 1
goldbox-rpg/pkg/server/handlers.go:1511.13,1513.3 1 1
goldbox-rpg/pkg/server/handlers.go:1515.2,1515.27 1 1
goldbox-rpg/pkg/server/handlers.go:1515.27,1517.3 1 0
goldbox-rpg/pkg/server/handlers.go:1519.2,1519.21 1 1
goldbox-rpg/pkg/server/handlers.go:1537.83,1548.53 4 1
goldbox-rpg/pkg/server/handlers.go:1548.53,1553.3 2 1
goldbox-rpg/pkg/server/handlers.go:1556.2,1557.16 2 1
goldbox-rpg/pkg/server/handlers.go:1557.16,1563.3 2 1
goldbox-rpg/pkg/server/handlers.go:1566.2,1566.61 1 0
goldbox-rpg/pkg/server/handlers.go:1566.61,1572.3 2 0
goldbox-rpg/pkg/server/handlers.go:1574.2,1583.8 2 0
goldbox-rpg/pkg/server/handlers.go:1601.86,1608.16 4 1
goldbox-rpg/pkg/server/handlers.go:1608.16,1610.3 1 0
goldbox-rpg/pkg/server/handlers.go:1612.2,1613.16 2 1
goldbox-rpg/pkg/server/handlers.go:1613.16,1616.3 2 0
goldbox-rpg/pkg/server/handlers.go:1618.2,1619.16 2 1
goldbox-rpg/pkg/server/handlers.go:1619.16,1622.3 2 0
goldbox-rpg/pkg/server/handlers.go:1624.2,1624.82 1 1
goldbox-rpg/pkg/server/handlers.go:1624.82,1626.3 1 0
goldbox-rpg/pkg/server/handlers.go:1628.2,1640.8 3 1
goldbox-rpg/pkg/server/handlers.go:1650.102,1652.53 2 1
goldbox-rpg/pkg/server/handlers.go:1652.53,1657.3 2 0
goldbox-rpg/pkg/server/handlers.go:1658.2,1658.18 1 1
goldbox-rpg/pkg/server/handlers.go:1662.110,1663.33 1 1
goldbox-rpg/pkg/server/handlers.go:1663.33,1665.22 2 1
goldbox-rpg/pkg/server/handlers.go:1666.14,1667.58 1 1
goldbox-rpg/pkg/server/handlers.go:1668.15,1669.46 1 1
goldbox-rpg/pkg/server/handlers.go:1670.15,1671.52 1 1
goldbox-rpg/pkg/server/handlers.go:1672.11,1677.44 1 0
goldbox-rpg/pkg/server/handlers.go:1679.3,1679.17 1 1
goldbox-rpg/pkg/server/handlers.go:1679.17,1681.4 1 0
goldbox-rpg/pkg/server/handlers.go:1683.2,1683.12 1 1
goldbox-rpg/pkg/server/handlers.go:1687.111,1695.66 2 1
goldbox-rpg/pkg/server/handlers.go:1695.66,1698.3 2 0
goldbox-rpg/pkg/server/handlers.go:1699.2,1700.12 2 1
goldbox-rpg/pkg/server/handlers.go:1704.99,1714.2 3 1
goldbox-rpg/pkg/server/handlers.go:1717.105,1718.25 1 1
goldbox-rpg/pkg/server/handlers.go:1718.25,1720.3 1 0
goldbox-rpg/pkg/server/handlers.go:1722.2,1734.66 3 1
goldbox-rpg/pkg/server/handlers.go:1734.66,1737.3 2 0
goldbox-rpg/pkg/server/handlers.go:1738.2,1739.12 2 1
goldbox-rpg/pkg/server/handlers.go:1759.88,1772.53 4 1
goldbox-rpg/pkg/server/handlers.go:1772.53,1777.3 2 1
goldbox-rpg/pkg/server/handlers.go:1780.2,1781.16 2 1
goldbox-rpg/pkg/server/handlers.go:1781.16,1787.3 2 1
goldbox-rpg/pkg/server/handlers.go:1790.2,1790.107 1 0
goldbox-rpg/pkg/server/handlers.go:1790.107,1797.3 2 0
goldbox-rpg/pkg/server/handlers.go:1799.2,1812.8 2 0
goldbox-rpg/pkg/server/handlers.go:1829.82,1840.53 4 1
goldbox-rpg/pkg/server/handlers.go:1840.53,1845.3 2 1
goldbox-rpg/pkg/server/handlers.go:1848.2,1849.16 2 1
goldbox-rpg/pkg/server/handlers.go:1849.16,1855.3 2 1
goldbox-rpg/pkg/server/handlers.go:1858.2,1858.62 1 0
goldbox-rpg/pkg/server/handlers.go:1858.62,1864.3 2 0
goldbox-rpg/pkg/server/handlers.go:1866.2,1875.8 2 0
goldbox-rpg/pkg/server/handlers.go:1892.81,1903.53 4 1
goldbox-rpg/pkg/server/handlers.go:1903.53,1908.3 2 1
goldbox-rpg/pkg/server/handlers.go:1911.2,1912.16 2 1
goldbox-rpg/pkg/server/handlers.go:1912.16,1918.3 2 1
goldbox-rpg/pkg/server/handlers.go:1921.2,1922.16 2 0
goldbox-rpg/pkg/server/handlers.go:1922.16,1928.3 2 0
goldbox-rpg/pkg/server/handlers.go:1930.2,1938.8 2 0
goldbox-rpg/pkg/server/handlers.go:1953.88,1963.53 4 1
goldbox-rpg/pkg/server/handlers.go:1963.53,1968.3 2 1
goldbox-rpg/pkg/server/handlers.go:1971.2,1972.16 2 1
goldbox-rpg/pkg/server/handlers.go:1972.16,1978.3 2 1
goldbox-rpg/pkg/server/handlers.go:1981.2,1992.8 3 0
goldbox-rpg/pkg/server/handlers.go:2007.91,2017.53 4 1
goldbox-rpg/pkg/server/handlers.go:2017.53,2022.3 2 1
goldbox-rpg/pkg/server/handlers.go:2025.2,2026.16 2 1
goldbox-rpg/pkg/server/handlers.go:2026.16,2032.3 2 1
goldbox-rpg/pkg/server/handlers.go:2035.2,2046.8 3 0
goldbox-rpg/pkg/server/handlers.go:2061.84,2071.53 4 1
goldbox-rpg/pkg/server/handlers.go:2071.53,2076.3 2 1
goldbox-rpg/pkg/server/handlers.go:2079.2,2080.16 2 1
goldbox-rpg/pkg/server/handlers.go:2080.16,2086.3 2 1
goldbox-rpg/pkg/server/handlers.go:2089.2,2100.8 3 0
goldbox-rpg/pkg/server/handlers.go:2118.81,2127.53 3 1
goldbox-rpg/pkg/server/handlers.go:2127.53,2133.3 2 1
goldbox-rpg/pkg/server/handlers.go:2135.2,2135.23 1 1
goldbox-rpg/pkg/server/handlers.go:2135.23,2137.3 1 1
goldbox-rpg/pkg/server/handlers.go:2139.2,2140.16 2 1
goldbox-rpg/pkg/server/handlers.go:2140.16,2147.3 2 1
goldbox-rpg/pkg/server/handlers.go:2149.2,2157.8 2 1
goldbox-rpg/pkg/server/handlers.go:2170.89,2179.53 3 1
goldbox-rpg/pkg/server/handlers.go:2179.53,2185.3 2 1
goldbox-rpg/pkg/server/handlers.go:2187.2,2187.19 1 1
goldbox-rpg/pkg/server/handlers.go:2187.19,2189.3 1 1
goldbox-rpg/pkg/server/handlers.go:2191.2,2204.8 3 1
goldbox-rpg/pkg/server/handlers.go:2219.90,2228.53 3 1
goldbox-rpg/pkg/server/handlers.go:2228.53,2234.3 2 1
goldbox-rpg/pkg/server/handlers.go:2236.2,2236.22 1 1
goldbox-rpg/pkg/server/handlers.go:2236.22,2238.3 1 1
goldbox-rpg/pkg/server/handlers.go:2240.2,2254.8 4 1
goldbox-rpg/pkg/server/handlers.go:2267.85,2286.2 5 1
goldbox-rpg/pkg/server/handlers.go:2299.85,2308.53 3 1
goldbox-rpg/pkg/server/handlers.go:2308.53,2314.3 2 1
goldbox-rpg/pkg/server/handlers.go:2316.2,2316.21 1 1
goldbox-rpg/pkg/server/handlers.go:2316.21,2318.3 1 1
goldbox-rpg/pkg/server/handlers.go:2320.2,2333.8 3 1
goldbox-rpg/pkg/server/handlers.go:2354.90,2367.53 3 1
goldbox-rpg/pkg/server/handlers.go:2367.53,2373.3 2 0
goldbox-rpg/pkg/server/handlers.go:2375.2,2376.13 2 1
goldbox-rpg/pkg/server/handlers.go:2376.13,2382.3 2 1
goldbox-rpg/pkg/server/handlers.go:2384.2,2407.8 5 1
goldbox-rpg/pkg/server/handlers.go:2427.91,2439.53 3 1
goldbox-rpg/pkg/server/handlers.go:2439.53,2445.3 2 0
goldbox-rpg/pkg/server/handlers.go:2447.2,2448.13 2 1
goldbox-rpg/pkg/server/handlers.go:2448.13,2454.3 2 0
goldbox-rpg/pkg/server/handlers.go:2456.2,2472.8 5 1
goldbox-rpg/pkg/server/handlers.go:2492.90,2504.53 3 1
goldbox-rpg/pkg/server/handlers.go:2504.53,2510.3 2 0
goldbox-rpg/pkg/server/handlers.go:2512.2,2513.13 2 1
goldbox-rpg/pkg/server/handlers.go:2513.13,2519.3 2 0
goldbox-rpg/pkg/server/handlers.go:2521.2,2537.8 5 1
goldbox-rpg/pkg/server/handlers.go:2548.101,2550.53 2 1
goldbox-rpg/pkg/server/handlers.go:2550.53,2556.3 2 1
goldbox-rpg/pkg/server/handlers.go:2558.2,2558.25 1 1
goldbox-rpg/pkg/server/handlers.go:2558.25,2563.3 2 0
goldbox-rpg/pkg/server/handlers.go:2565.2,2565.22 1 1
goldbox-rpg/pkg/server/handlers.go:2565.22,2570.3 2 0
goldbox-rpg/pkg/server/handlers.go:2572.2,2572.18 1 1
goldbox-rpg/pkg/server/handlers.go:2576.77,2577.36 1 1
goldbox-rpg/pkg/server/handlers.go:2577.36,2578.57 1 1
goldbox-rpg/pkg/server/handlers.go:2578.57,2584.4 2 1
goldbox-rpg/pkg/server/handlers.go:2586.2,2586.12 1 1
goldbox-rpg/pkg/server/handlers.go:2590.100,2592.17 2 1
goldbox-rpg/pkg/server/handlers.go:2592.17,2598.3 2 1
goldbox-rpg/pkg/server/handlers.go:2600.2,2601.20 2 1
goldbox-rpg/pkg/server/handlers.go:2601.20,2603.3 1 1
goldbox-rpg/pkg/server/handlers.go:2605.2,2605.31 1 1
goldbox-rpg/pkg/server/handlers.go:2605.31,2612.3 1 1
goldbox-rpg/pkg/server/handlers.go:2614.2,2614.20 1 1
goldbox-rpg/pkg/server/handlers.go:2638.80,2644.16 3 1
goldbox-rpg/pkg/server/handlers.go:2644.16,2646.3 1 1
goldbox-rpg/pkg/server/handlers.go:2648.2,2649.16 2 1
goldbox-rpg/pkg/server/handlers.go:2649.16,2651.3 1 1
goldbox-rpg/pkg/server/handlers.go:2653.2,2653.71 1 1
goldbox-rpg/pkg/server/handlers.go:2653.71,2655.3 1 1
goldbox-rpg/pkg/server/handlers.go:2657.2,2665.16 3 1
goldbox-rpg/pkg/server/handlers.go:2665.16,2671.3 2 1
goldbox-rpg/pkg/server/handlers.go:2673.2,2677.71 2 1
goldbox-rpg/pkg/server/handlers.go:2681.94,2682.50 1 0
goldbox-rpg/pkg/server/handlers.go:2682.50,2683.24 1 0
goldbox-rpg/pkg/server/handlers.go:2683.24,2685.4 1 0
goldbox-rpg/pkg/server/handlers.go:2687.2,2687.19 1 0
goldbox-rpg/pkg/server/handlers.go:2691.83,2696.53 2 1
goldbox-rpg/pkg/server/handlers.go:2696.53,2702.3 2 0
goldbox-rpg/pkg/server/handlers.go:2704.2,2704.25 1 1
goldbox-rpg/pkg/server/handlers.go:2704.25,2709.3 2 0
goldbox-rpg/pkg/server/handlers.go:2711.2,2711.27 1 1
goldbox-rpg/pkg/server/handlers.go:2715.89,2717.27 1 1
goldbox-rpg/pkg/server/handlers.go:2717.27,2718.48 1 0
goldbox-rpg/pkg/server/handlers.go:2718.48,2724.4 1 0
goldbox-rpg/pkg/server/handlers.go:2728.2,2728.32 1 1
goldbox-rpg/pkg/server/handlers.go:2728.32,2730.3 1 1
goldbox-rpg/pkg/server/handlers.go:2734.71,2735.27 1 1
goldbox-rpg/pkg/server/handlers.go:2735.27,2737.69 1 1
goldbox-rpg/pkg/server/handlers.go:2737.69,2739.4 1 1
goldbox-rpg/pkg/server/handlers.go:2744.67,2749.13 4 1
goldbox-rpg/pkg/server/handlers.go:2749.13,2755.3 2 1
goldbox-rpg/pkg/server/handlers.go:2758.2,2771.12 5 1
goldbox-rpg/pkg/server/handlers.go:2790.82,2796.16 3 1
goldbox-rpg/pkg/server/handlers.go:2796.16,2798.3 1 0
goldbox-rpg/pkg/server/handlers.go:2800.2,2800.59 1 1
goldbox-rpg/pkg/server/handlers.go:2800.59,2802.3 1 1
goldbox-rpg/pkg/server/handlers.go:2804.2,2806.8 1 1
goldbox-rpg/pkg/server/handlers.go:2812.88,2818.16 3 1
goldbox-rpg/pkg/server/handlers.go:2818.16,2820.3 1 0
goldbox-rpg/pkg/server/handlers.go:2822.2,2823.16 2 1
goldbox-rpg/pkg/server/handlers.go:2823.16,2825.3 1 0
goldbox-rpg/pkg/server/handlers.go:2826.2,2828.67 2 1
goldbox-rpg/pkg/server/handlers.go:2828.67,2830.3 1 0
goldbox-rpg/pkg/server/handlers.go:2832.2,2835.16 3 1
goldbox-rpg/pkg/server/handlers.go:2835.16,2837.3 1 0
goldbox-rpg/pkg/server/handlers.go:2839.2,2841.60 2 1
goldbox-rpg/pkg/server/handlers.go:2852.3,2861.53 2 1
goldbox-rpg/pkg/server/handlers.go:2861.53,2867.3 2 0
goldbox-rpg/pkg/server/handlers.go:2869.2,2869.18 1 1
goldbox-rpg/pkg/server/handlers.go:2873.96,2875.16 2 1
goldbox-rpg/pkg/server/handlers.go:2875.16,2877.3 1 0
goldbox-rpg/pkg/server/handlers.go:2878.2,2878.21 1 1
goldbox-rpg/pkg/server/handlers.go:2889.9,2890.27 1 1
goldbox-rpg/pkg/server/handlers.go:2890.27,2892.3 1 0
goldbox-rpg/pkg/server/handlers.go:2894.2,2894.26 1 1
goldbox-rpg/pkg/server/handlers.go:2894.26,2896.3 1 0
goldbox-rpg/pkg/server/handlers.go:2898.2,2898.12 1 1
goldbox-rpg/pkg/server/handlers.go:2909.3,2910.25 1 1
goldbox-rpg/pkg/server/handlers.go:2910.25,2912.3 1 0
goldbox-rpg/pkg/server/handlers.go:2923.24,2928.42 4 1
goldbox-rpg/pkg/server/handlers.go:2929.30,2930.117 1 0
goldbox-rpg/pkg/server/handlers.go:2931.28,2932.129 1 0
goldbox-rpg/pkg/server/handlers.go:2933.29,2934.113 1 0
goldbox-rpg/pkg/server/handlers.go:2935.29,2936.108 1 1
goldbox-rpg/pkg/server/handlers.go:2937.10,2938.74 1 0
goldbox-rpg/pkg/server/handlers.go:2941.2,2941.16 1 1
goldbox-rpg/pkg/server/handlers.go:2941.16,2943.3 1 0
goldbox-rpg/pkg/server/handlers.go:2945.2,2945.21 1 1
goldbox-rpg/pkg/server/handlers.go:2956.3,2964.2 1 1
goldbox-rpg/pkg/server/handlers.go:2974.26,2982.2 1 1
goldbox-rpg/pkg/server/handlers.go:2997.114,3000.53 2 0
goldbox-rpg/pkg/server/handlers.go:3000.53,3006.3 2 0
goldbox-rpg/pkg/server/handlers.go:3008.2,3008.18 1 0
goldbox-rpg/pkg/server/handlers.go:3012.95,3014.16 2 0
goldbox-rpg/pkg/server/handlers.go:3014.16,3016.3 1 0
goldbox-rpg/pkg/server/handlers.go:3017.2,3019.26 2 0
goldbox-rpg/pkg/server/handlers.go:3019.26,3021.3 1 0
goldbox-rpg/pkg/server/handlers.go:3023.2,3023.12 1 0
goldbox-rpg/pkg/server/handlers.go:3027.87,3028.20 1 0
goldbox-rpg/pkg/server/handlers.go:3028.20,3030.3 1 0
goldbox-rpg/pkg/server/handlers.go:3031.2,3031.21 1 0
goldbox-rpg/pkg/server/handlers.go:3031.21,3033.3 1 0
goldbox-rpg/pkg/server/handlers.go:3034.2,3034.25 1 0
goldbox-rpg/pkg/server/handlers.go:3034.25,3036.3 1 0
goldbox-rpg/pkg/server/handlers.go:3037.2,3037.22 1 0
goldbox-rpg/pkg/server/handlers.go:3037.22,3039.3 1 0
goldbox-rpg/pkg/server/handlers.go:3040.2,3040.25 1 0
goldbox-rpg/pkg/server/handlers.go:3040.25,3042.3 1 0
goldbox-rpg/pkg/server/handlers.go:3043.2,3043.28 1 0
goldbox-rpg/pkg/server/handlers.go:3043.28,3045.3 1 0
goldbox-rpg/pkg/server/handlers.go:3049.100,3054.16 4 0
goldbox-rpg/pkg/server/handlers.go:3054.16,3056.3 1 0
goldbox-rpg/pkg/server/handlers.go:3058.2,3058.21 1 0
goldbox-rpg/pkg/server/handlers.go:3062.84,3071.2 1 0
goldbox-rpg/pkg/server/handlers.go:3074.131,3083.2 1 0
goldbox-rpg/pkg/server/handlers.go:3086.90,3092.16 3 0
goldbox-rpg/pkg/server/handlers.go:3092.16,3094.3 1 0
goldbox-rpg/pkg/server/handlers.go:3096.2,3096.66 1 0
goldbox-rpg/pkg/server/handlers.go:3096.66,3098.3 1 0
goldbox-rpg/pkg/server/handlers.go:3100.2,3103.16 3 0
goldbox-rpg/pkg/server/handlers.go:3103.16,3105.3 1 0
goldbox-rpg/pkg/server/handlers.go:3107.2,3109.62 2 0
goldbox-rpg/pkg/server/handlers.go:3113.86,3128.53 3 1
goldbox-rpg/pkg/server/handlers.go:3128.53,3134.3 2 0
goldbox-rpg/pkg/server/handlers.go:3135.2,3136.16 2 1
goldbox-rpg/pkg/server/handlers.go:3136.16,3138.3 1 0
goldbox-rpg/pkg/server/handlers.go:3139.2,3141.26 2 1
goldbox-rpg/pkg/server/handlers.go:3141.26,3143.3 1 0
goldbox-rpg/pkg/server/handlers.go:3146.2,3146.20 1 1
goldbox-rpg/pkg/server/handlers.go:3146.20,3148.3 1 0
goldbox-rpg/pkg/server/handlers.go:3149.2,3149.25 1 1
goldbox-rpg/pkg/server/handlers.go:3149.25,3151.3 1 0
goldbox-rpg/pkg/server/handlers.go:3152.2,3152.25 1 1
goldbox-rpg/pkg/server/handlers.go:3152.25,3154.3 1 0
goldbox-rpg/pkg/server/handlers.go:3155.2,3155.26 1 1
goldbox-rpg/pkg/server/handlers.go:3155.26,3157.3 1 0
goldbox-rpg/pkg/server/handlers.go:3159.2,3166.16 5 1
goldbox-rpg/pkg/server/handlers.go:3166.16,3168.3 1 0
goldbox-rpg/pkg/server/handlers.go:3170.2,3184.8 2 1
goldbox-rpg/pkg/server/handlers.go:3199.106,3201.53 2 0
goldbox-rpg/pkg/server/handlers.go:3201.53,3207.3 2 0
goldbox-rpg/pkg/server/handlers.go:3208.2,3208.18 1 0
goldbox-rpg/pkg/server/handlers.go:3212.76,3214.16 2 0
goldbox-rpg/pkg/server/handlers.go:3214.16,3216.3 1 0
goldbox-rpg/pkg/server/handlers.go:3217.2,3218.12 2 0
goldbox-rpg/pkg/server/handlers.go:3222.79,3223.20 1 0
goldbox-rpg/pkg/server/handlers.go:3223.20,3225.3 1 0
goldbox-rpg/pkg/server/handlers.go:3226.2,3226.21 1 0
goldbox-rpg/pkg/server/handlers.go:3226.21,3228.3 1 0
goldbox-rpg/pkg/server/handlers.go:3229.2,3229.24 1 0
goldbox-rpg/pkg/server/handlers.go:3229.24,3231.3 1 0
goldbox-rpg/pkg/server/handlers.go:3232.2,3232.21 1 0
goldbox-rpg/pkg/server/handlers.go:3232.21,3234.3 1 0
goldbox-rpg/pkg/server/handlers.go:3235.2,3235.25 1 0
goldbox-rpg/pkg/server/handlers.go:3235.25,3237.3 1 0
goldbox-rpg/pkg/server/handlers.go:3238.2,3238.29 1 0
goldbox-rpg/pkg/server/handlers.go:3238.29,3240.3 1 0
goldbox-rpg/pkg/server/handlers.go:3244.94,3249.16 4 0
goldbox-rpg/pkg/server/handlers.go:3249.16,3251.3 1 0
goldbox-rpg/pkg/server/handlers.go:3253.2,3253.19 1 0
goldbox-rpg/pkg/server/handlers.go:3257.121,3278.2 2 0
goldbox-rpg/pkg/server/handlers.go:3281.86,3287.16 3 0
goldbox-rpg/pkg/server/handlers.go:3287.16,3289.3 1 0
goldbox-rpg/pkg/server/handlers.go:3291.2,3291.72 1 0
goldbox-rpg/pkg/server/handlers.go:3291.72,3293.3 1 0
goldbox-rpg/pkg/server/handlers.go:3295.2,3298.16 3 0
goldbox-rpg/pkg/server/handlers.go:3298.16,3300.3 1 0
goldbox-rpg/pkg/server/handlers.go:3302.2,3302.56 1 0
goldbox-rpg/pkg/server/handlers.go:3317.86,3323.16 3 0
goldbox-rpg/pkg/server/handlers.go:3323.16,3325.3 1 0
goldbox-rpg/pkg/server/handlers.go:3327.2,3327.72 1 0
goldbox-rpg/pkg/server/handlers.go:3327.72,3329.3 1 0
goldbox-rpg/pkg/server/handlers.go:3331.2,3334.16 3 0
goldbox-rpg/pkg/server/handlers.go:3334.16,3336.3 1 0
goldbox-rpg/pkg/server/handlers.go:3338.2,3340.56 2 0
goldbox-rpg/pkg/server/handlers.go:3344.104,3347.53 2 0
goldbox-rpg/pkg/server/handlers.go:3347.53,3353.3 2 0
goldbox-rpg/pkg/server/handlers.go:3355.2,3355.18 1 0
goldbox-rpg/pkg/server/handlers.go:3359.76,3361.16 2 0
goldbox-rpg/pkg/server/handlers.go:3361.16,3363.3 1 0
goldbox-rpg/pkg/server/handlers.go:3364.2,3365.12 2 0
goldbox-rpg/pkg/server/handlers.go:3369.77,3370.25 1 0
goldbox-rpg/pkg/server/handlers.go:3370.25,3372.3 1 0
goldbox-rpg/pkg/server/handlers.go:3373.2,3373.25 1 0
goldbox-rpg/pkg/server/handlers.go:3373.25,3375.3 1 0
goldbox-rpg/pkg/server/handlers.go:3376.2,3376.28 1 0
goldbox-rpg/pkg/server/handlers.go:3376.28,3378.3 1 0
goldbox-rpg/pkg/server/handlers.go:3379.2,3379.28 1 0
goldbox-rpg/pkg/server/handlers.go:3379.28,3381.3 1 0
goldbox-rpg/pkg/server/handlers.go:3382.2,3382.26 1 0
goldbox-rpg/pkg/server/handlers.go:3382.26,3384.3 1 0
goldbox-rpg/pkg/server/handlers.go:3385.2,3385.29 1 0
goldbox-rpg/pkg/server/handlers.go:3385.29,3387.3 1 0
goldbox-rpg/pkg/server/handlers.go:3391.92,3396.16 4 0
goldbox-rpg/pkg/server/handlers.go:3396.16,3398.3 1 0
goldbox-rpg/pkg/server/handlers.go:3400.2,3400.19 1 0
goldbox-rpg/pkg/server/handlers.go:3404.93,3412.2 1 0
goldbox-rpg/pkg/server/handlers.go:3415.119,3426.2 1 0
goldbox-rpg/pkg/server/handlers.go:3429.84,3438.53 3 1
goldbox-rpg/pkg/server/handlers.go:3438.53,3444.3 2 0
goldbox-rpg/pkg/server/handlers.go:3446.2,3447.16 2 1
goldbox-rpg/pkg/server/handlers.go:3447.16,3449.3 1 0
goldbox-rpg/pkg/server/handlers.go:3450.2,3463.8 4 1
goldbox-rpg/pkg/server/handlers.go:3467.88,3479.53 3 1
goldbox-rpg/pkg/server/handlers.go:3479.53,3485.3 2 0
goldbox-rpg/pkg/server/handlers.go:3487.2,3488.16 2 1
goldbox-rpg/pkg/server/handlers.go:3488.16,3490.3 1 0
goldbox-rpg/pkg/server/handlers.go:3491.2,3493.27 2 1
goldbox-rpg/pkg/server/handlers.go:3493.27,3495.3 1 0
goldbox-rpg/pkg/server/handlers.go:3497.2,3497.24 1 1
goldbox-rpg/pkg/server/handlers.go:3497.24,3499.3 1 0
goldbox-rpg/pkg/server/handlers.go:3502.2,3503.16 2 1
goldbox-rpg/pkg/server/handlers.go:3503.16,3505.3 1 0
goldbox-rpg/pkg/server/handlers.go:3507.2,3521.8 2 1
goldbox-rpg/pkg/server/health.go:47.57,68.2 12 1
goldbox-rpg/pkg/server/health.go:71.88,73.2 1 1
goldbox-rpg/pkg/server/health.go:76.78,86.37 4 1
goldbox-rpg/pkg/server/health.go:86.37,101.17 7 1
goldbox-rpg/pkg/server/health.go:101.17,107.32 4 1
goldbox-rpg/pkg/server/health.go:107.32,109.5 1 0
goldbox-rpg/pkg/server/health.go:111.4,115.35 1 1
goldbox-rpg/pkg/server/health.go:116.9,118.32 1 1
goldbox-rpg/pkg/server/health.go:118.32,120.5 1 1
goldbox-rpg/pkg/server/health.go:122.4,125.35 1 1
goldbox-rpg/pkg/server/health.go:128.3,128.52 1 1
goldbox-rpg/pkg/server/health.go:131.2,134.17 3 1
goldbox-rpg/pkg/server/health.go:138.80,142.56 2 1
goldbox-rpg/pkg/server/health.go:142.56,144.3 1 1
goldbox-rpg/pkg/server/health.go:146.2,150.25 3 1
goldbox-rpg/pkg/server/health.go:151.27,152.29 1 1
goldbox-rpg/pkg/server/health.go:153.28,154.29 1 0
goldbox-rpg/pkg/server/health.go:155.29,156.45 1 0
goldbox-rpg/pkg/server/health.go:157.10,158.46 1 0
goldbox-rpg/pkg/server/health.go:161.2,164.60 3 1
goldbox-rpg/pkg/server/health.go:164.60,167.3 2 0
goldbox-rpg/pkg/server/health.go:171.83,176.46 3 1
goldbox-rpg/pkg/server/health.go:176.46,180.3 3 0
goldbox-rpg/pkg/server/health.go:182.2,183.26 2 1
goldbox-rpg/pkg/server/health.go:187.82,191.2 2 1
goldbox-rpg/pkg/server/health.go:195.65,196.22 1 1
goldbox-rpg/pkg/server/health.go:196.22,198.3 1 0
goldbox-rpg/pkg/server/health.go:201.2,201.9 1 1
goldbox-rpg/pkg/server/health.go:202.24,203.47 1 0
goldbox-rpg/pkg/server/health.go:204.10,204.10 0 1
goldbox-rpg/pkg/server/health.go:208.2,208.12 1 1
goldbox-rpg/pkg/server/health.go:211.68,212.48 1 1
goldbox-rpg/pkg/server/health.go:212.48,214.3 1 1
goldbox-rpg/pkg/server/health.go:217.2,220.39 3 1
goldbox-rpg/pkg/server/health.go:220.39,222.3 1 0
goldbox-rpg/pkg/server/health.go:224.2,224.12 1 1
goldbox-rpg/pkg/server/health.go:227.71,228.55 1 1
goldbox-rpg/pkg/server/health.go:228.55,230.3 1 1
goldbox-rpg/pkg/server/health.go:233.2,234.21 2 1
goldbox-rpg/pkg/server/health.go:234.21,236.3 1 0
goldbox-rpg/pkg/server/health.go:238.2,238.12 1 1
goldbox-rpg/pkg/server/health.go:241.70,242.51 1 1
goldbox-rpg/pkg/server/health.go:242.51,244.3 1 1
goldbox-rpg/pkg/server/health.go:247.2,247.12 1 1
goldbox-rpg/pkg/server/health.go:250.69,251.53 1 1
goldbox-rpg/pkg/server/health.go:251.53,253.3 1 1
goldbox-rpg/pkg/server/health.go:256.2,257.21 2 1
goldbox-rpg/pkg/server/health.go:257.21,259.3 1 0
goldbox-rpg/pkg/server/health.go:262.2,263.20 2 1
goldbox-rpg/pkg/server/health.go:263.20,265.3 1 0
goldbox-rpg/pkg/server/health.go:268.2,269.18 2 1
goldbox-rpg/pkg/server/health.go:269.18,271.3 1 0
goldbox-rpg/pkg/server/health.go:273.2,273.12 1 1
goldbox-rpg/pkg/server/health.go:276.75,277.52 1 1
goldbox-rpg/pkg/server/health.go:277.52,279.3 1 1
goldbox-rpg/pkg/server/health.go:283.2,287.16 2 1
goldbox-rpg/pkg/server/health.go:287.16,289.3 1 0
goldbox-rpg/pkg/server/health.go:291.2,291.12 1 1
goldbox-rpg/pkg/server/health.go:294.74,297.22 2 1
goldbox-rpg/pkg/server/health.go:297.22,299.3 1 0
goldbox-rpg/pkg/server/health.go:302.2,303.18 2 1
goldbox-rpg/pkg/server/health.go:303.18,305.3 1 0
goldbox-rpg/pkg/server/health.go:307.2,307.12 1 1
goldbox-rpg/pkg/server/health.go:310.72,311.50 1 1
goldbox-rpg/pkg/server/health.go:311.50,313.3 1 1
goldbox-rpg/pkg/server/health.go:317.2,317.12 1 1
goldbox-rpg/pkg/server/health.go:320.72,321.49 1 1
goldbox-rpg/pkg/server/health.go:321.49,323.3 1 1
goldbox-rpg/pkg/server/health.go:326.2,326.38 1 1
goldbox-rpg/pkg/server/health.go:326.38,328.3 1 0
goldbox-rpg/pkg/server/health.go:330.2,330.12 1 1
goldbox-rpg/pkg/server/health.go:333.77,334.54 1 1
goldbox-rpg/pkg/server/health.go:334.54,336.3 1 1
goldbox-rpg/pkg/server/health.go:339.2,339.12 1 1
goldbox-rpg/pkg/server/metrics.go:49.28,222.2 5 1
goldbox-rpg/pkg/server/metrics.go:225.45,230.2 1 1
goldbox-rpg/pkg/server/metrics.go:233.135,239.21 4 1
goldbox-rpg/pkg/server/metrics.go:239.21,241.3 1 1
goldbox-rpg/pkg/server/metrics.go:242.2,242.22 1 1
goldbox-rpg/pkg/server/metrics.go:242.22,244.3 1 1
goldbox-rpg/pkg/server/metrics.go:248.68,251.35 2 1
goldbox-rpg/pkg/server/metrics.go:251.35,253.3 1 1
goldbox-rpg/pkg/server/metrics.go:253.8,253.45 1 1
goldbox-rpg/pkg/server/metrics.go:253.45,255.3 1 1
goldbox-rpg/pkg/server/metrics.go:259.73,261.2 1 1
goldbox-rpg/pkg/server/metrics.go:264.65,266.2 1 1
goldbox-rpg/pkg/server/metrics.go:269.53,271.2 1 1
goldbox-rpg/pkg/server/metrics.go:274.51,276.2 1 1
goldbox-rpg/pkg/server/metrics.go:279.63,281.2 1 1
goldbox-rpg/pkg/server/metrics.go:284.39,291.2 5 1
goldbox-rpg/pkg/server/metrics.go:294.60,296.2 1 1
goldbox-rpg/pkg/server/metrics.go:299.43,301.2 1 1
goldbox-rpg/pkg/server/metrics.go:304.57,306.2 1 1
goldbox-rpg/pkg/server/metrics.go:309.39,314.2 3 1
goldbox-rpg/pkg/server/metrics.go:317.38,322.2 3 1
goldbox-rpg/pkg/server/metrics.go:325.69,326.71 1 1
goldbox-rpg/pkg/server/metrics.go:326.71,337.26 4 1
goldbox-rpg/pkg/server/metrics.go:337.26,339.4 1 1
goldbox-rpg/pkg/server/metrics.go:342.3,366.37 5 1
goldbox-rpg/pkg/server/metrics.go:377.56,380.2 2 1
goldbox-rpg/pkg/server/metrics.go:382.60,386.2 3 1
goldbox-rpg/pkg/server/metrics.go:389.43,391.14 1 1
goldbox-rpg/pkg/server/metrics.go:392.11,393.16 1 1
goldbox-rpg/pkg/server/metrics.go:394.17,395.18 1 1
goldbox-rpg/pkg/server/metrics.go:396.16,397.17 1 0
goldbox-rpg/pkg/server/metrics.go:398.15,399.16 1 0
goldbox-rpg/pkg/server/metrics.go:400.18,401.19 1 0
goldbox-rpg/pkg/server/metrics.go:402.14,403.15 1 1
goldbox-rpg/pkg/server/metrics.go:404.13,405.21 1 0
goldbox-rpg/pkg/server/metrics.go:406.10,408.21 1 0
goldbox-rpg/pkg/server/metrics.go:408.21,410.4 1 0
goldbox-rpg/pkg/server/metrics.go:411.3,411.14 1 0
goldbox-rpg/pkg/server/middleware.go:15.58,16.71 1 1
goldbox-rpg/pkg/server/middleware.go:16.71,19.22 2 1
goldbox-rpg/pkg/server/middleware.go:19.22,22.4 1 1
goldbox-rpg/pkg/server/middleware.go:25.3,45.23 8 1
goldbox-rpg/pkg/server/middleware.go:50.56,51.71 1 1
goldbox-rpg/pkg/server/middleware.go:51.71,69.3 4 1
goldbox-rpg/pkg/server/middleware.go:73.57,74.71 1 1
goldbox-rpg/pkg/server/middleware.go:74.71,75.16 1 1
goldbox-rpg/pkg/server/middleware.go:75.16,76.36 1 1
goldbox-rpg/pkg/server/middleware.go:76.36,87.5 3 1
goldbox-rpg/pkg/server/middleware.go:89.3,89.23 1 1
goldbox-rpg/pkg/server/middleware.go:94.78,95.46 1 1
goldbox-rpg/pkg/server/middleware.go:95.46,96.72 1 1
goldbox-rpg/pkg/server/middleware.go:96.72,100.47 2 1
goldbox-rpg/pkg/server/middleware.go:100.47,102.5 1 1
goldbox-rpg/pkg/server/middleware.go:104.4,109.29 4 1
goldbox-rpg/pkg/server/middleware.go:109.29,112.5 2 1
goldbox-rpg/pkg/server/middleware.go:114.4,114.24 1 1
goldbox-rpg/pkg/server/middleware.go:122.62,123.59 1 1
goldbox-rpg/pkg/server/middleware.go:123.59,125.3 1 1
goldbox-rpg/pkg/server/middleware.go:127.2,127.49 1 1
goldbox-rpg/pkg/server/middleware.go:131.47,132.59 1 1
goldbox-rpg/pkg/server/middleware.go:132.59,134.3 1 1
goldbox-rpg/pkg/server/middleware.go:135.2,135.11 1 1
goldbox-rpg/pkg/server/middleware.go:139.47,140.57 1 1
goldbox-rpg/pkg/server/middleware.go:140.57,142.3 1 1
goldbox-rpg/pkg/server/middleware.go:143.2,143.11 1 1
goldbox-rpg/pkg/server/middleware.go:147.42,149.53 1 1
goldbox-rpg/pkg/server/middleware.go:149.53,151.51 1 1
goldbox-rpg/pkg/server/middleware.go:151.51,153.4 1 1
goldbox-rpg/pkg/server/middleware.go:155.2,155.47 1 1
goldbox-rpg/pkg/server/middleware.go:155.47,157.3 1 1
goldbox-rpg/pkg/server/middleware.go:160.2,160.65 1 1
goldbox-rpg/pkg/server/middleware.go:160.65,162.3 1 1
goldbox-rpg/pkg/server/middleware.go:165.2,165.21 1 1
goldbox-rpg/pkg/server/middleware.go:169.40,170.15 1 1
goldbox-rpg/pkg/server/middleware.go:170.15,172.3 1 1
goldbox-rpg/pkg/server/middleware.go:174.2,174.32 1 1
goldbox-rpg/pkg/server/middleware.go:174.32,175.20 1 1
goldbox-rpg/pkg/server/middleware.go:175.20,177.4 1 1
goldbox-rpg/pkg/server/middleware.go:179.2,179.24 1 1
goldbox-rpg/pkg/server/middleware.go:183.34,188.37 3 1
goldbox-rpg/pkg/server/middleware.go:188.37,190.3 1 1
goldbox-rpg/pkg/server/middleware.go:193.2,193.37 1 1
goldbox-rpg/pkg/server/middleware.go:193.37,195.3 1 1
goldbox-rpg/pkg/server/middleware.go:197.2,197.21 1 1
goldbox-rpg/pkg/server/middleware.go:201.67,202.30 1 1
goldbox-rpg/pkg/server/middleware.go:202.30,204.3 1 1
goldbox-rpg/pkg/server/middleware.go:206.2,206.41 1 1
goldbox-rpg/pkg/server/middleware.go:206.41,207.42 1 1
goldbox-rpg/pkg/server/middleware.go:207.42,209.4 1 1
goldbox-rpg/pkg/server/middleware.go:211.2,211.14 1 1
goldbox-rpg/pkg/server/middleware.go:220.61,223.2 2 1
goldbox-rpg/pkg/server/movement.go:27.119,42.19 4 1
goldbox-rpg/pkg/server/movement.go:43.18,44.22 1 1
goldbox-rpg/pkg/server/movement.go:44.22,46.4 1 1
goldbox-rpg/pkg/server/movement.go:47.18,48.31 1 1
goldbox-rpg/pkg/server/movement.go:48.31,50.4 1 1
goldbox-rpg/pkg/server/movement.go:51.17,52.30 1 1
goldbox-rpg/pkg/server/movement.go:52.30,54.4 1 1
goldbox-rpg/pkg/server/movement.go:55.17,56.22 1 1
goldbox-rpg/pkg/server/movement.go:56.22,58.4 1 1
goldbox-rpg/pkg/server/movement.go:61.2,66.15 2 1
goldbox-rpg/pkg/server/movement.go:72.99,75.19 2 1
goldbox-rpg/pkg/server/movement.go:76.18,77.13 1 1
goldbox-rpg/pkg/server/movement.go:78.18,79.13 1 1
goldbox-rpg/pkg/server/movement.go:80.17,81.13 1 1
goldbox-rpg/pkg/server/movement.go:82.17,83.13 1 1
goldbox-rpg/pkg/server/movement.go:86.2,86.15 1 1
goldbox-rpg/pkg/server/process.go:30.67,31.56 1 1
goldbox-rpg/pkg/server/process.go:31.56,33.3 1 1
goldbox-rpg/pkg/server/process.go:35.2,35.21 1 1
goldbox-rpg/pkg/server/process.go:36.33,37.47 1 1
goldbox-rpg/pkg/server/process.go:38.31,39.48 1 1
goldbox-rpg/pkg/server/process.go:40.52,41.49 1 1
goldbox-rpg/pkg/server/process.go:42.10,48.64 2 1
goldbox-rpg/pkg/server/process.go:53.70,54.19 1 1
goldbox-rpg/pkg/server/process.go:54.19,59.3 2 1
goldbox-rpg/pkg/server/process.go:60.2,60.12 1 1
goldbox-rpg/pkg/server/process.go:64.76,66.16 2 1
goldbox-rpg/pkg/server/process.go:66.16,73.3 1 1
goldbox-rpg/pkg/server/process.go:74.2,74.12 1 1
goldbox-rpg/pkg/server/process.go:78.77,80.16 2 1
goldbox-rpg/pkg/server/process.go:80.16,87.3 1 1
goldbox-rpg/pkg/server/process.go:88.2,88.12 1 1
goldbox-rpg/pkg/server/process.go:92.78,94.16 2 1
goldbox-rpg/pkg/server/process.go:94.16,101.3 1 1
goldbox-rpg/pkg/server/process.go:102.2,102.12 1 1
goldbox-rpg/pkg/server/process.go:122.69,129.13 4 1
goldbox-rpg/pkg/server/process.go:129.13,132.3 2 1
goldbox-rpg/pkg/server/process.go:134.2,134.46 1 1
goldbox-rpg/pkg/server/process.go:134.46,137.18 3 1
goldbox-rpg/pkg/server/process.go:137.18,143.4 2 0
goldbox-rpg/pkg/server/process.go:143.9,149.4 1 1
goldbox-rpg/pkg/server/process.go:150.3,150.13 1 1
goldbox-rpg/pkg/server/process.go:153.2,154.51 2 0
goldbox-rpg/pkg/server/process.go:192.67,199.13 4 1
goldbox-rpg/pkg/server/process.go:199.13,202.3 2 1
goldbox-rpg/pkg/server/process.go:204.2,204.46 1 1
goldbox-rpg/pkg/server/process.go:204.46,215.3 5 1
goldbox-rpg/pkg/server/process.go:217.2,218.46 2 0
goldbox-rpg/pkg/server/process.go:254.67,261.13 4 1
goldbox-rpg/pkg/server/process.go:261.13,264.3 2 1
goldbox-rpg/pkg/server/process.go:266.2,266.46 1 1
goldbox-rpg/pkg/server/process.go:266.46,275.30 3 1
goldbox-rpg/pkg/server/process.go:276.19,277.30 1 1
goldbox-rpg/pkg/server/process.go:278.20,279.31 1 0
goldbox-rpg/pkg/server/process.go:280.23,281.34 1 0
goldbox-rpg/pkg/server/process.go:282.23,283.34 1 0
goldbox-rpg/pkg/server/process.go:284.17,285.28 1 0
goldbox-rpg/pkg/server/process.go:286.19,287.30 1 0
goldbox-rpg/pkg/server/process.go:288.11,290.67 2 0
goldbox-rpg/pkg/server/process.go:292.3,292.13 1 1
goldbox-rpg/pkg/server/process.go:295.2,296.57 2 0
goldbox-rpg/pkg/server/profiling.go:25.66,52.2 13 1
goldbox-rpg/pkg/server/profiling.go:55.62,56.24 1 0
goldbox-rpg/pkg/server/profiling.go:56.24,59.3 2 0
goldbox-rpg/pkg/server/profiling.go:61.2,68.35 3 0
goldbox-rpg/pkg/server/profiling.go:72.64,73.24 1 1
goldbox-rpg/pkg/server/profiling.go:73.24,75.3 1 0
goldbox-rpg/pkg/server/profiling.go:77.2,78.32 2 1
goldbox-rpg/pkg/server/profiling.go:89.90,95.2 1 1
goldbox-rpg/pkg/server/profiling.go:98.39,104.6 4 1
goldbox-rpg/pkg/server/profiling.go:104.6,105.10 1 1
goldbox-rpg/pkg/server/profiling.go:106.19,107.23 1 0
goldbox-rpg/pkg/server/profiling.go:108.22,110.10 2 1
goldbox-rpg/pkg/server/profiling.go:116.38,118.2 1 1
goldbox-rpg/pkg/server/profiling.go:121.48,133.2 4 1
goldbox-rpg/pkg/server/ratelimit.go:51.54,68.2 4 1
goldbox-rpg/pkg/server/ratelimit.go:78.46,83.13 4 1
goldbox-rpg/pkg/server/ratelimit.go:83.13,90.3 2 1
goldbox-rpg/pkg/server/ratelimit.go:90.8,93.3 1 1
goldbox-rpg/pkg/server/ratelimit.go:95.2,95.30 1 1
goldbox-rpg/pkg/server/ratelimit.go:100.38,104.6 3 1
goldbox-rpg/pkg/server/ratelimit.go:104.6,105.10 1 1
goldbox-rpg/pkg/server/ratelimit.go:106.24,107.10 1 1
goldbox-rpg/pkg/server/ratelimit.go:108.19,109.16 1 1
goldbox-rpg/pkg/server/ratelimit.go:115.34,122.37 5 1
goldbox-rpg/pkg/server/ratelimit.go:122.37,123.44 1 1
goldbox-rpg/pkg/server/ratelimit.go:123.44,126.4 2 1
goldbox-rpg/pkg/server/ratelimit.go:129.2,129.17 1 1
goldbox-rpg/pkg/server/ratelimit.go:129.17,134.3 1 1
goldbox-rpg/pkg/server/ratelimit.go:138.32,139.22 1 1
goldbox-rpg/pkg/server/ratelimit.go:139.22,141.3 1 1
goldbox-rpg/pkg/server/ratelimit.go:150.52,157.2 3 1
goldbox-rpg/pkg/server/ratelimit.go:167.87,168.46 1 1
goldbox-rpg/pkg/server/ratelimit.go:168.46,169.72 1 1
goldbox-rpg/pkg/server/ratelimit.go:169.72,171.26 1 1
goldbox-rpg/pkg/server/ratelimit.go:171.26,174.5 2 1
goldbox-rpg/pkg/server/ratelimit.go:177.4,180.36 2 1
goldbox-rpg/pkg/server/ratelimit.go:180.36,194.5 5 1
goldbox-rpg/pkg/server/ratelimit.go:197.4,197.24 1 1
goldbox-rpg/pkg/server/server.go:42.39,44.2 1 1
goldbox-rpg/pkg/server/server.go:47.80,53.2 1 1
goldbox-rpg/pkg/server/server.go:135.104,137.16 2 1
goldbox-rpg/pkg/server/server.go:137.16,140.3 2 0
goldbox-rpg/pkg/server/server.go:142.2,143.28 2 1
goldbox-rpg/pkg/server/server.go:147.79,149.16 2 1
goldbox-rpg/pkg/server/server.go:149.16,152.3 2 0
goldbox-rpg/pkg/server/server.go:154.2,155.54 2 1
goldbox-rpg/pkg/server/server.go:155.54,157.55 2 1
goldbox-rpg/pkg/server/server.go:157.55,164.4 2 0
goldbox-rpg/pkg/server/server.go:167.2,168.50 2 1
goldbox-rpg/pkg/server/server.go:168.50,171.3 2 0
goldbox-rpg/pkg/server/server.go:173.2,174.26 2 1
goldbox-rpg/pkg/server/server.go:178.69,183.96 4 1
goldbox-rpg/pkg/server/server.go:183.96,186.3 2 0
goldbox-rpg/pkg/server/server.go:188.2,189.94 2 1
goldbox-rpg/pkg/server/server.go:189.94,192.3 2 0
goldbox-rpg/pkg/server/server.go:194.2,194.63 1 1
goldbox-rpg/pkg/server/server.go:194.63,197.3 2 0
goldbox-rpg/pkg/server/server.go:199.2,200.24 2 1
goldbox-rpg/pkg/server/server.go:204.172,224.2 1 1
goldbox-rpg/pkg/server/server.go:227.76,238.25 6 1
goldbox-rpg/pkg/server/server.go:238.25,243.3 4 1
goldbox-rpg/pkg/server/server.go:247.95,251.26 3 1
goldbox-rpg/pkg/server/server.go:251.26,258.3 2 1
goldbox-rpg/pkg/server/server.go:258.8,260.3 1 1
goldbox-rpg/pkg/server/server.go:264.95,269.16 3 1
goldbox-rpg/pkg/server/server.go:269.16,271.3 1 0
goldbox-rpg/pkg/server/server.go:273.2,276.68 2 1
goldbox-rpg/pkg/server/server.go:276.68,278.3 1 0
goldbox-rpg/pkg/server/server.go:278.8,280.3 1 1
goldbox-rpg/pkg/server/server.go:282.2,282.12 1 1
goldbox-rpg/pkg/server/server.go:286.81,290.12 3 1
goldbox-rpg/pkg/server/server.go:290.12,296.7 4 1
goldbox-rpg/pkg/server/server.go:296.7,297.11 1 1
goldbox-rpg/pkg/server/server.go:298.22,300.11 2 0
goldbox-rpg/pkg/server/server.go:301.20,302.69 1 0
goldbox-rpg/pkg/server/server.go:302.69,304.6 1 0
goldbox-rpg/pkg/server/server.go:304.11,306.6 1 0
goldbox-rpg/pkg/server/server.go:312.54,320.16 4 1
goldbox-rpg/pkg/server/server.go:320.16,322.3 1 0
goldbox-rpg/pkg/server/server.go:324.2,325.16 2 1
goldbox-rpg/pkg/server/server.go:325.16,327.3 1 0
goldbox-rpg/pkg/server/server.go:329.2,330.16 2 1
goldbox-rpg/pkg/server/server.go:330.16,332.3 1 0
goldbox-rpg/pkg/server/server.go:334.2,337.27 2 1
goldbox-rpg/pkg/server/server.go:337.27,338.68 1 1
goldbox-rpg/pkg/server/server.go:338.68,340.4 1 0
goldbox-rpg/pkg/server/server.go:343.2,346.31 3 1
goldbox-rpg/pkg/server/server.go:346.31,348.3 1 1
goldbox-rpg/pkg/server/server.go:349.2,349.31 1 1
goldbox-rpg/pkg/server/server.go:349.31,351.3 1 1
goldbox-rpg/pkg/server/server.go:353.2,356.27 2 1
goldbox-rpg/pkg/server/server.go:356.27,358.3 1 1
goldbox-rpg/pkg/server/server.go:360.2,362.20 3 1
goldbox-rpg/pkg/server/server.go:370.39,371.24 1 0
goldbox-rpg/pkg/server/server.go:371.24,373.3 1 0
goldbox-rpg/pkg/server/server.go:375.2,377.56 2 0
goldbox-rpg/pkg/server/server.go:377.56,379.3 1 0
goldbox-rpg/pkg/server/server.go:382.2,382.29 1 0
goldbox-rpg/pkg/server/server.go:382.29,384.3 1 0
goldbox-rpg/pkg/server/server.go:386.2,387.12 2 0
goldbox-rpg/pkg/server/server.go:423.71,432.2 2 1
goldbox-rpg/pkg/server/server.go:436.81,437.26 1 1
goldbox-rpg/pkg/server/server.go:437.26,439.3 1 1
goldbox-rpg/pkg/server/server.go:441.2,442.36 2 1
goldbox-rpg/pkg/server/server.go:442.36,455.3 5 1
goldbox-rpg/pkg/server/server.go:456.2,456.13 1 1
goldbox-rpg/pkg/server/server.go:461.95,462.20 1 1
goldbox-rpg/pkg/server/server.go:463.17,464.33 1 1
goldbox-rpg/pkg/server/server.go:464.33,469.4 3 1
goldbox-rpg/pkg/server/server.go:470.16,471.33 1 1
goldbox-rpg/pkg/server/server.go:471.33,474.4 2 1
goldbox-rpg/pkg/server/server.go:475.15,476.33 1 1
goldbox-rpg/pkg/server/server.go:476.33,479.4 2 1
goldbox-rpg/pkg/server/server.go:480.18,481.33 1 1
goldbox-rpg/pkg/server/server.go:481.33,484.4 2 1
goldbox-rpg/pkg/server/server.go:486.2,486.14 1 1
goldbox-rpg/pkg/server/server.go:491.91,492.59 1 1
goldbox-rpg/pkg/server/server.go:492.59,494.3 1 0
goldbox-rpg/pkg/server/server.go:496.2,496.34 1 1
goldbox-rpg/pkg/server/server.go:496.34,499.3 2 0
goldbox-rpg/pkg/server/server.go:501.2,501.63 1 1
goldbox-rpg/pkg/server/server.go:501.63,506.3 3 1
goldbox-rpg/pkg/server/server.go:508.2,508.14 1 1
goldbox-rpg/pkg/server/server.go:512.85,522.29 3 1
goldbox-rpg/pkg/server/server.go:522.29,524.3 1 1
goldbox-rpg/pkg/server/server.go:527.2,527.42 1 1
goldbox-rpg/pkg/server/server.go:527.42,529.3 1 1
goldbox-rpg/pkg/server/server.go:532.2,532.38 1 1
goldbox-rpg/pkg/server/server.go:532.38,534.3 1 1
goldbox-rpg/pkg/server/server.go:537.2,538.32 2 1
goldbox-rpg/pkg/server/server.go:542.75,552.16 4 1
goldbox-rpg/pkg/server/server.go:552.16,554.3 1 0
goldbox-rpg/pkg/server/server.go:556.2,556.43 1 1
goldbox-rpg/pkg/server/server.go:556.43,558.3 1 1
goldbox-rpg/pkg/server/server.go:560.2,561.16 2 1
goldbox-rpg/pkg/server/server.go:561.16,564.3 2 0
goldbox-rpg/pkg/server/server.go:566.2,566.69 1 1
goldbox-rpg/pkg/server/server.go:566.69,569.3 2 1
goldbox-rpg/pkg/server/server.go:571.2,572.35 2 1
goldbox-rpg/pkg/server/server.go:576.126,578.16 2 1
goldbox-rpg/pkg/server/server.go:578.16,582.3 3 0
goldbox-rpg/pkg/server/server.go:583.2,586.32 3 1
goldbox-rpg/pkg/server/server.go:590.110,591.44 1 1
goldbox-rpg/pkg/server/server.go:591.44,594.3 2 1
goldbox-rpg/pkg/server/server.go:596.2,596.33 1 1
goldbox-rpg/pkg/server/server.go:596.33,600.3 3 1
goldbox-rpg/pkg/server/server.go:602.2,602.14 1 1
goldbox-rpg/pkg/server/server.go:614.105,616.61 2 1
goldbox-rpg/pkg/server/server.go:616.61,623.3 2 0
goldbox-rpg/pkg/server/server.go:624.2,624.18 1 1
goldbox-rpg/pkg/server/server.go:628.93,629.26 1 1
goldbox-rpg/pkg/server/server.go:629.26,636.3 2 1
goldbox-rpg/pkg/server/server.go:638.2,638.22 1 1
goldbox-rpg/pkg/server/server.go:638.22,645.3 2 0
goldbox-rpg/pkg/server/server.go:647.2,647.12 1 1
goldbox-rpg/pkg/server/server.go:651.95,652.47 1 1
goldbox-rpg/pkg/server/server.go:652.47,654.3 1 1
goldbox-rpg/pkg/server/server.go:654.8,656.3 1 1
goldbox-rpg/pkg/server/server.go:660.104,667.16 3 1
goldbox-rpg/pkg/server/server.go:667.16,671.3 3 1
goldbox-rpg/pkg/server/server.go:673.2,673.34 1 0
goldbox-rpg/pkg/server/server.go:712.97,721.21 4 1
goldbox-rpg/pkg/server/server.go:721.21,722.66 1 1
goldbox-rpg/pkg/server/server.go:722.66,724.4 1 0
goldbox-rpg/pkg/server/server.go:728.2,729.101 2 1
goldbox-rpg/pkg/server/server.go:729.101,731.3 1 1
goldbox-rpg/pkg/server/server.go:733.2,736.16 3 1
goldbox-rpg/pkg/server/server.go:737.22,739.41 2 0
goldbox-rpg/pkg/server/server.go:740.29,742.48 2 0
goldbox-rpg/pkg/server/server.go:743.18,745.37 2 0
goldbox-rpg/pkg/server/server.go:746.20,748.39 2 0
goldbox-rpg/pkg/server/server.go:749.23,751.42 2 0
goldbox-rpg/pkg/server/server.go:752.25,754.44 2 0
goldbox-rpg/pkg/server/server.go:755.25,757.44 2 0
goldbox-rpg/pkg/server/server.go:758.21,760.40 2 0
goldbox-rpg/pkg/server/server.go:761.26,763.45 2 1
goldbox-rpg/pkg/server/server.go:764.23,766.42 2 0
goldbox-rpg/pkg/server/server.go:767.25,769.44 2 0
goldbox-rpg/pkg/server/server.go:770.26,772.45 2 0
goldbox-rpg/pkg/server/server.go:773.24,775.43 2 0
goldbox-rpg/pkg/server/server.go:776.27,778.46 2 0
goldbox-rpg/pkg/server/server.go:779.29,781.48 2 0
goldbox-rpg/pkg/server/server.go:782.23,784.42 2 0
goldbox-rpg/pkg/server/server.go:785.22,787.41 2 0
goldbox-rpg/pkg/server/server.go:788.29,790.48 2 0
goldbox-rpg/pkg/server/server.go:791.32,793.51 2 0
goldbox-rpg/pkg/server/server.go:794.25,796.44 2 0
goldbox-rpg/pkg/server/server.go:797.22,799.41 2 0
goldbox-rpg/pkg/server/server.go:800.30,802.49 2 0
goldbox-rpg/pkg/server/server.go:803.31,805.50 2 0
goldbox-rpg/pkg/server/server.go:806.26,808.45 2 0
goldbox-rpg/pkg/server/server.go:809.26,811.45 2 0
goldbox-rpg/pkg/server/server.go:812.31,814.50 2 0
goldbox-rpg/pkg/server/server.go:815.32,817.51 2 0
goldbox-rpg/pkg/server/server.go:818.31,820.50 2 0
goldbox-rpg/pkg/server/server.go:821.21,823.40 2 1
goldbox-rpg/pkg/server/server.go:824.23,826.42 2 1
goldbox-rpg/pkg/server/server.go:827.29,829.48 2 0
goldbox-rpg/pkg/server/server.go:830.31,832.50 2 0
goldbox-rpg/pkg/server/server.go:833.27,835.46 2 0
goldbox-rpg/pkg/server/server.go:836.27,838.46 2 0
goldbox-rpg/pkg/server/server.go:839.27,841.46 2 0
goldbox-rpg/pkg/server/server.go:842.25,844.44 2 0
goldbox-rpg/pkg/server/server.go:845.29,847.48 2 0
goldbox-rpg/pkg/server/server.go:848.10,851.18 3 0
goldbox-rpg/pkg/server/server.go:854.2,854.16 1 1
goldbox-rpg/pkg/server/server.go:854.16,857.3 2 1
goldbox-rpg/pkg/server/server.go:859.2,860.20 2 1
goldbox-rpg/pkg/server/server.go:878.67,895.60 5 0
goldbox-rpg/pkg/server/server.go:895.60,898.3 2 0
goldbox-rpg/pkg/server/server.go:900.2,903.39 2 0
goldbox-rpg/pkg/server/server.go:927.84,957.60 5 1
goldbox-rpg/pkg/server/server.go:957.60,960.3 2 0
goldbox-rpg/pkg/server/server.go:962.2,965.36 2 1
goldbox-rpg/pkg/server/server.go:977.28,979.2 1 1
goldbox-rpg/pkg/server/server.go:994.57,998.24 2 1
goldbox-rpg/pkg/server/server.go:998.24,999.51 1 1
goldbox-rpg/pkg/server/server.go:999.51,1001.4 1 0
goldbox-rpg/pkg/server/server.go:1005.2,1007.20 2 1
goldbox-rpg/pkg/server/server.go:1026.56,1044.75 6 0
goldbox-rpg/pkg/server/server.go:1044.75,1047.3 2 0
goldbox-rpg/pkg/server/server.go:1049.2,1050.12 2 0
goldbox-rpg/pkg/server/server.go:1055.66,1056.71 1 1
goldbox-rpg/pkg/server/server.go:1056.71,1057.16 1 1
goldbox-rpg/pkg/server/server.go:1057.16,1058.36 1 1
goldbox-rpg/pkg/server/server.go:1058.36,1061.24 2 0
goldbox-rpg/pkg/server/server.go:1061.24,1063.6 1 0
goldbox-rpg/pkg/server/server.go:1065.5,1080.7 3 0
goldbox-rpg/pkg/server/server.go:1083.3,1083.23 1 1
goldbox-rpg/pkg/server/server.go:1089.88,1090.46 1 1
goldbox-rpg/pkg/server/server.go:1090.46,1091.72 1 1
goldbox-rpg/pkg/server/server.go:1091.72,1096.4 3 1
goldbox-rpg/pkg/server/server.go:1102.35,1107.26 3 1
goldbox-rpg/pkg/server/server.go:1107.26,1110.3 2 1
goldbox-rpg/pkg/server/server.go:1113.2,1113.26 1 1
goldbox-rpg/pkg/server/server.go:1113.26,1116.3 2 1
goldbox-rpg/pkg/server/server.go:1119.2,1119.26 1 1
goldbox-rpg/pkg/server/server.go:1119.26,1122.3 2 1
goldbox-rpg/pkg/server/server.go:1125.2,1125.26 1 1
goldbox-rpg/pkg/server/server.go:1125.26,1128.3 2 1
goldbox-rpg/pkg/server/server.go:1130.2,1131.12 2 1
goldbox-rpg/pkg/server/session.go:11.13,14.2 1 1
goldbox-rpg/pkg/server/session.go:27.67,33.50 2 1
goldbox-rpg/pkg/server/session.go:33.50,39.3 2 1
goldbox-rpg/pkg/server/session.go:41.2,41.9 1 1
goldbox-rpg/pkg/server/session.go:42.38,49.14 2 1
goldbox-rpg/pkg/server/session.go:50.40,57.15 2 1
goldbox-rpg/pkg/server/session.go:86.104,96.16 5 1
goldbox-rpg/pkg/server/session.go:96.16,97.58 1 1
goldbox-rpg/pkg/server/session.go:97.58,105.4 4 1
goldbox-rpg/pkg/server/session.go:106.3,109.49 1 1
goldbox-rpg/pkg/server/session.go:112.2,123.22 5 1
goldbox-rpg/pkg/server/session.go:123.22,125.3 1 1
goldbox-rpg/pkg/server/session.go:128.2,145.21 4 1
goldbox-rpg/pkg/server/session.go:218.43,232.12 4 1
goldbox-rpg/pkg/server/session.go:232.12,233.16 1 1
goldbox-rpg/pkg/server/session.go:233.16,234.32 1 1
goldbox-rpg/pkg/server/session.go:234.32,240.5 1 0
goldbox-rpg/pkg/server/session.go:243.3,243.7 1 1
goldbox-rpg/pkg/server/session.go:243.7,244.11 1 1
goldbox-rpg/pkg/server/session.go:245.20,250.31 2 0
goldbox-rpg/pkg/server/session.go:251.18,257.11 3 1
goldbox-rpg/pkg/server/session.go:262.2,265.41 1 1
goldbox-rpg/pkg/server/session.go:268.46,281.38 7 1
goldbox-rpg/pkg/server/session.go:281.38,283.36 2 1
goldbox-rpg/pkg/server/session.go:283.36,285.25 1 1
goldbox-rpg/pkg/server/session.go:285.25,293.13 2 1
goldbox-rpg/pkg/server/session.go:296.4,304.29 2 1
goldbox-rpg/pkg/server/session.go:304.29,305.50 1 0
goldbox-rpg/pkg/server/session.go:305.50,312.6 1 0
goldbox-rpg/pkg/server/session.go:314.4,318.24 3 1
goldbox-rpg/pkg/server/session.go:318.24,320.5 1 0
goldbox-rpg/pkg/server/session.go:324.2,330.44 1 1
goldbox-rpg/pkg/server/session.go:334.73,345.12 5 1
goldbox-rpg/pkg/server/session.go:345.12,353.3 2 1
goldbox-rpg/pkg/server/session.go:353.8,360.3 1 1
goldbox-rpg/pkg/server/session.go:362.2,369.24 2 1
goldbox-rpg/pkg/server/session.go:373.74,391.2 5 0
goldbox-rpg/pkg/server/session.go:394.60,400.20 2 1
goldbox-rpg/pkg/server/session.go:400.20,407.3 2 1
goldbox-rpg/pkg/server/session.go:407.8,412.3 1 0
goldbox-rpg/pkg/server/session.go:414.2,417.36 1 1
goldbox-rpg/pkg/server/spell.go:32.135,35.66 2 1
goldbox-rpg/pkg/server/spell.go:35.66,38.3 2 1
goldbox-rpg/pkg/server/spell.go:40.2,43.16 3 1
goldbox-rpg/pkg/server/spell.go:43.16,45.3 1 0
goldbox-rpg/pkg/server/spell.go:47.2,47.20 1 1
goldbox-rpg/pkg/server/spell.go:51.96,58.2 1 1
goldbox-rpg/pkg/server/spell.go:61.92,63.2 1 1
goldbox-rpg/pkg/server/spell.go:66.56,71.2 1 1
goldbox-rpg/pkg/server/spell.go:74.65,79.2 1 1
goldbox-rpg/pkg/server/spell.go:82.140,83.22 1 1
goldbox-rpg/pkg/server/spell.go:84.28,85.58 1 1
goldbox-rpg/pkg/server/spell.go:86.30,87.60 1 1
goldbox-rpg/pkg/server/spell.go:88.27,89.52 1 1
goldbox-rpg/pkg/server/spell.go:90.10,95.56 2 1
goldbox-rpg/pkg/server/spell.go:100.56,105.2 1 0
goldbox-rpg/pkg/server/spells.go:11.96,18.19 2 1
goldbox-rpg/pkg/server/spells.go:19.28,21.40 1 1
goldbox-rpg/pkg/server/spells.go:21.40,27.4 2 0
goldbox-rpg/pkg/server/spells.go:28.3,28.14 1 1
goldbox-rpg/pkg/server/spells.go:30.29,32.40 1 1
goldbox-rpg/pkg/server/spells.go:32.40,38.4 2 0
goldbox-rpg/pkg/server/spells.go:39.3,39.14 1 1
goldbox-rpg/pkg/server/spells.go:41.30,43.41 1 1
goldbox-rpg/pkg/server/spells.go:43.41,44.37 1 1
goldbox-rpg/pkg/server/spells.go:44.37,49.5 2 1
goldbox-rpg/pkg/server/spells.go:51.3,55.15 2 1
goldbox-rpg/pkg/server/spells.go:57.10,62.15 2 0
goldbox-rpg/pkg/server/spells.go:66.85,74.32 2 1
goldbox-rpg/pkg/server/spells.go:74.32,81.3 2 1
goldbox-rpg/pkg/server/spells.go:84.2,84.45 1 1
goldbox-rpg/pkg/server/spells.go:84.45,85.46 1 1
goldbox-rpg/pkg/server/spells.go:85.46,91.4 2 1
goldbox-rpg/pkg/server/spells.go:94.2,97.12 2 1
goldbox-rpg/pkg/server/spells.go:101.121,108.16 4 1
goldbox-rpg/pkg/server/spells.go:108.16,110.3 1 0
goldbox-rpg/pkg/server/spells.go:112.2,113.16 2 1
goldbox-rpg/pkg/server/spells.go:113.16,115.3 1 0
goldbox-rpg/pkg/server/spells.go:118.2,118.33 1 1
goldbox-rpg/pkg/server/spells.go:118.33,120.17 2 1
goldbox-rpg/pkg/server/spells.go:120.17,122.4 1 0
goldbox-rpg/pkg/server/spells.go:125.2,136.20 3 1
goldbox-rpg/pkg/server/spells.go:140.101,147.2 1 1
goldbox-rpg/pkg/server/spells.go:150.119,152.16 2 1
goldbox-rpg/pkg/server/spells.go:152.16,155.3 2 0
goldbox-rpg/pkg/server/spells.go:156.2,159.22 4 1
goldbox-rpg/pkg/server/spells.go:159.22,161.3 1 1
goldbox-rpg/pkg/server/spells.go:162.2,162.73 1 1
goldbox-rpg/pkg/server/spells.go:162.73,165.3 2 0
goldbox-rpg/pkg/server/spells.go:166.2,166.38 1 1
goldbox-rpg/pkg/server/spells.go:170.120,172.16 2 1
goldbox-rpg/pkg/server/spells.go:172.16,175.3 2 0
goldbox-rpg/pkg/server/spells.go:176.2,178.63 3 1
goldbox-rpg/pkg/server/spells.go:178.63,181.3 2 0
goldbox-rpg/pkg/server/spells.go:182.2,182.39 1 1
goldbox-rpg/pkg/server/spells.go:186.121,189.72 3 1
goldbox-rpg/pkg/server/spells.go:189.72,192.3 2 0
goldbox-rpg/pkg/server/spells.go:193.2,193.32 1 1
goldbox-rpg/pkg/server/spells.go:202.26,217.23 2 1
goldbox-rpg/pkg/server/spells.go:217.23,219.3 1 1
goldbox-rpg/pkg/server/spells.go:220.2,220.24 1 1
goldbox-rpg/pkg/server/spells.go:220.24,222.3 1 1
goldbox-rpg/pkg/server/spells.go:223.2,223.15 1 1
goldbox-rpg/pkg/server/spells.go:227.98,235.2 1 1
goldbox-rpg/pkg/server/spells.go:237.123,257.2 4 1
goldbox-rpg/pkg/server/spells.go:259.122,279.2 4 1
goldbox-rpg/pkg/server/spells.go:281.119,301.2 4 1
goldbox-rpg/pkg/server/spells.go:304.70,310.21 3 1
goldbox-rpg/pkg/server/spells.go:310.21,312.3 1 1
goldbox-rpg/pkg/server/spells.go:315.2,317.45 2 1
goldbox-rpg/pkg/server/spells.go:321.61,322.18 1 1
goldbox-rpg/pkg/server/spells.go:323.18,325.37 1 1
goldbox-rpg/pkg/server/spells.go:326.24,328.37 1 1
goldbox-rpg/pkg/server/spells.go:329.23,331.41 1 1
goldbox-rpg/pkg/server/spells.go:332.10,334.47 1 1
goldbox-rpg/pkg/server/spells.go:339.62,340.18 1 1
goldbox-rpg/pkg/server/spells.go:341.14,343.37 1 1
goldbox-rpg/pkg/server/spells.go:344.21,346.37 1 1
goldbox-rpg/pkg/server/spells.go:347.22,349.37 1 1
goldbox-rpg/pkg/server/spells.go:350.10,352.47 1 1
goldbox-rpg/pkg/server/spells.go:357.41,367.34 2 1
goldbox-rpg/pkg/server/spells.go:367.34,375.3 2 1
goldbox-rpg/pkg/server/spells.go:377.2,378.31 2 1
goldbox-rpg/pkg/server/spells.go:378.31,388.3 3 1
goldbox-rpg/pkg/server/spells.go:390.2,399.14 2 1
goldbox-rpg/pkg/server/spells.go:403.92,414.37 3 1
goldbox-rpg/pkg/server/spells.go:414.37,415.41 1 0
goldbox-rpg/pkg/server/spells.go:415.41,428.17 5 0
goldbox-rpg/pkg/server/spells.go:428.17,437.5 2 0
goldbox-rpg/pkg/server/spells.go:439.4,457.14 4 0
goldbox-rpg/pkg/server/spells.go:460.2,479.12 4 1
goldbox-rpg/pkg/server/spells.go:483.75,493.37 3 1
goldbox-rpg/pkg/server/spells.go:493.37,494.41 1 0
goldbox-rpg/pkg/server/spells.go:494.41,508.21 6 0
goldbox-rpg/pkg/server/spells.go:508.21,519.5 2 0
goldbox-rpg/pkg/server/spells.go:521.4,539.14 4 0
goldbox-rpg/pkg/server/spells.go:542.2,560.12 4 1
goldbox-rpg/pkg/server/state.go:56.56,57.45 1 1
goldbox-rpg/pkg/server/state.go:57.45,59.3 1 1
goldbox-rpg/pkg/server/state.go:61.2,65.26 3 1
goldbox-rpg/pkg/server/state.go:65.26,67.3 1 1
goldbox-rpg/pkg/server/state.go:70.2,70.34 1 1
goldbox-rpg/pkg/server/state.go:70.34,72.3 1 1
goldbox-rpg/pkg/server/state.go:75.2,75.64 1 1
goldbox-rpg/pkg/server/state.go:79.56,81.52 1 1
goldbox-rpg/pkg/server/state.go:81.52,82.55 1 1
goldbox-rpg/pkg/server/state.go:82.55,83.63 1 1
goldbox-rpg/pkg/server/state.go:83.63,85.5 1 1
goldbox-rpg/pkg/server/state.go:90.2,112.39 14 1
goldbox-rpg/pkg/server/state.go:112.39,114.3 1 0
goldbox-rpg/pkg/server/state.go:115.2,124.14 6 1
goldbox-rpg/pkg/server/state.go:127.39,131.22 1 1
goldbox-rpg/pkg/server/state.go:131.22,133.3 1 1
goldbox-rpg/pkg/server/state.go:134.2,134.12 1 1
goldbox-rpg/pkg/server/state.go:138.72,150.15 9 0
goldbox-rpg/pkg/server/state.go:150.15,155.3 4 0
goldbox-rpg/pkg/server/state.go:158.2,158.27 1 0
goldbox-rpg/pkg/server/state.go:158.27,160.3 1 0
goldbox-rpg/pkg/server/state.go:163.2,164.12 2 0
goldbox-rpg/pkg/server/state.go:164.12,166.3 1 0
goldbox-rpg/pkg/server/state.go:168.2,168.9 1 0
goldbox-rpg/pkg/server/state.go:169.21,170.17 1 0
goldbox-rpg/pkg/server/state.go:170.17,173.4 2 0
goldbox-rpg/pkg/server/state.go:174.37,176.40 2 0
goldbox-rpg/pkg/server/state.go:179.2,183.12 3 0
goldbox-rpg/pkg/server/state.go:186.45,187.52 1 0
goldbox-rpg/pkg/server/state.go:187.52,196.3 6 0
goldbox-rpg/pkg/server/state.go:196.8,198.3 1 0
goldbox-rpg/pkg/server/state.go:201.73,202.54 1 0
goldbox-rpg/pkg/server/state.go:202.54,204.3 1 0
goldbox-rpg/pkg/server/state.go:206.2,206.53 1 0
goldbox-rpg/pkg/server/state.go:206.53,208.3 1 0
goldbox-rpg/pkg/server/state.go:210.2,210.53 1 0
goldbox-rpg/pkg/server/state.go:210.53,212.3 1 0
goldbox-rpg/pkg/server/state.go:214.2,214.56 1 0
goldbox-rpg/pkg/server/state.go:214.56,216.3 1 0
goldbox-rpg/pkg/server/state.go:218.2,218.12 1 0
goldbox-rpg/pkg/server/state.go:222.78,224.9 2 0
goldbox-rpg/pkg/server/state.go:224.9,226.3 1 0
goldbox-rpg/pkg/server/state.go:228.2,228.59 1 0
goldbox-rpg/pkg/server/state.go:228.59,230.3 1 0
goldbox-rpg/pkg/server/state.go:232.2,232.12 1 0
goldbox-rpg/pkg/server/state.go:236.77,238.9 2 0
goldbox-rpg/pkg/server/state.go:238.9,240.3 1 0
goldbox-rpg/pkg/server/state.go:242.2,243.9 2 0
goldbox-rpg/pkg/server/state.go:243.9,245.3 1 0
goldbox-rpg/pkg/server/state.go:247.2,247.58 1 0
goldbox-rpg/pkg/server/state.go:247.58,249.3 1 0
goldbox-rpg/pkg/server/state.go:251.2,251.12 1 0
goldbox-rpg/pkg/server/state.go:255.77,257.9 2 0
goldbox-rpg/pkg/server/state.go:257.9,259.3 1 0
goldbox-rpg/pkg/server/state.go:261.2,261.59 1 0
goldbox-rpg/pkg/server/state.go:261.59,263.3 1 0
goldbox-rpg/pkg/server/state.go:265.2,265.12 1 0
goldbox-rpg/pkg/server/state.go:269.80,271.9 2 0
goldbox-rpg/pkg/server/state.go:271.9,273.3 1 0
goldbox-rpg/pkg/server/state.go:275.2,275.41 1 0
goldbox-rpg/pkg/server/state.go:275.41,276.60 1 0
goldbox-rpg/pkg/server/state.go:276.60,278.4 1 0
goldbox-rpg/pkg/server/state.go:281.2,281.12 1 0
goldbox-rpg/pkg/server/state.go:285.79,287.13 2 0
goldbox-rpg/pkg/server/state.go:287.13,289.3 1 0
goldbox-rpg/pkg/server/state.go:291.2,292.9 2 0
goldbox-rpg/pkg/server/state.go:292.9,294.3 1 0
goldbox-rpg/pkg/server/state.go:296.2,296.50 1 0
goldbox-rpg/pkg/server/state.go:296.50,298.3 1 0
goldbox-rpg/pkg/server/state.go:300.2,300.12 1 0
goldbox-rpg/pkg/server/state.go:303.43,321.39 3 0
goldbox-rpg/pkg/server/state.go:321.39,323.3 1 0
goldbox-rpg/pkg/server/state.go:325.2,325.17 1 0
goldbox-rpg/pkg/server/state.go:349.58,358.45 1 1
goldbox-rpg/pkg/server/state.go:358.45,360.44 2 1
goldbox-rpg/pkg/server/state.go:360.44,368.5 1 0
goldbox-rpg/pkg/server/state.go:369.4,369.17 1 1
goldbox-rpg/pkg/server/state.go:430.36,453.2 4 1
goldbox-rpg/pkg/server/state.go:466.9,476.57 4 1
goldbox-rpg/pkg/server/state.go:476.57,478.3 1 0
goldbox-rpg/pkg/server/state.go:480.2,485.12 2 1
goldbox-rpg/pkg/server/state.go:500.9,509.37 4 1
goldbox-rpg/pkg/server/state.go:509.37,512.3 2 1
goldbox-rpg/pkg/server/state.go:515.2,515.57 1 1
goldbox-rpg/pkg/server/state.go:515.57,517.3 1 0
goldbox-rpg/pkg/server/state.go:520.2,520.85 1 1
goldbox-rpg/pkg/server/state.go:520.85,521.36 1 0
goldbox-rpg/pkg/server/state.go:521.36,524.4 2 0
goldbox-rpg/pkg/server/state.go:525.3,525.31 1 0
goldbox-rpg/pkg/server/state.go:525.31,527.4 1 0
goldbox-rpg/pkg/server/state.go:528.3,528.32 1 0
goldbox-rpg/pkg/server/state.go:528.32,530.4 1 0
goldbox-rpg/pkg/server/state.go:531.3,535.62 1 0
goldbox-rpg/pkg/server/state.go:538.2,543.12 2 1
goldbox-rpg/pkg/server/timeout.go:36.58,38.22 2 1
goldbox-rpg/pkg/server/timeout.go:38.22,47.3 1 1
goldbox-rpg/pkg/server/timeout.go:47.8,57.3 1 1
goldbox-rpg/pkg/server/timeout.go:59.2,65.3 1 1
goldbox-rpg/pkg/server/timeout.go:69.134,74.21 3 1
goldbox-rpg/pkg/server/timeout.go:74.21,78.3 2 1
goldbox-rpg/pkg/server/timeout.go:78.8,81.3 1 1
goldbox-rpg/pkg/server/timeout.go:85.118,87.2 1 1
goldbox-rpg/pkg/server/timeout.go:90.146,93.2 2 1
goldbox-rpg/pkg/server/timeout.go:96.45,108.2 2 1
goldbox-rpg/pkg/server/timeout.go:111.43,112.37 1 1
goldbox-rpg/pkg/server/timeout.go:112.37,114.3 1 1
goldbox-rpg/pkg/server/timeout.go:116.2,116.37 1 1
goldbox-rpg/pkg/server/timeout.go:116.37,118.3 1 1
goldbox-rpg/pkg/server/timeout.go:120.2,120.21 1 1
goldbox-rpg/pkg/server/timeout.go:120.21,121.37 1 1
goldbox-rpg/pkg/server/timeout.go:121.37,123.4 1 1
goldbox-rpg/pkg/server/timeout.go:125.3,125.38 1 1
goldbox-rpg/pkg/server/timeout.go:125.38,127.4 1 0
goldbox-rpg/pkg/server/timeout.go:129.3,129.60 1 1
goldbox-rpg/pkg/server/timeout.go:129.60,131.4 1 0
goldbox-rpg/pkg/server/timeout.go:134.2,134.12 1 1
goldbox-rpg/pkg/server/timeout.go:141.50,144.49 2 1
goldbox-rpg/pkg/server/timeout.go:144.49,146.3 1 1
goldbox-rpg/pkg/server/timeout.go:148.2,151.12 3 1
goldbox-rpg/pkg/server/timeout.go:155.40,157.2 1 1
goldbox-rpg/pkg/server/timeout.go:160.114,161.32 1 1
goldbox-rpg/pkg/server/timeout.go:161.32,166.3 3 1
goldbox-rpg/pkg/server/timeout.go:168.2,168.72 1 1
goldbox-rpg/pkg/server/timeout.go:172.98,173.32 1 1
goldbox-rpg/pkg/server/timeout.go:173.32,176.3 1 1
goldbox-rpg/pkg/server/timeout.go:178.2,178.70 1 1
goldbox-rpg/pkg/server/types.go:87.72,88.14 1 1
goldbox-rpg/pkg/server/types.go:88.14,90.3 1 1
goldbox-rpg/pkg/server/types.go:92.2,92.36 1 1
goldbox-rpg/pkg/server/types.go:92.36,93.14 1 1
goldbox-rpg/pkg/server/types.go:94.17,95.60 1 1
goldbox-rpg/pkg/server/types.go:95.60,97.5 1 1
goldbox-rpg/pkg/server/types.go:98.20,99.41 1 1
goldbox-rpg/pkg/server/types.go:99.41,101.5 1 1
goldbox-rpg/pkg/server/types.go:102.21,103.46 1 1
goldbox-rpg/pkg/server/types.go:103.46,105.5 1 1
goldbox-rpg/pkg/server/types.go:106.20,107.43 1 1
goldbox-rpg/pkg/server/types.go:107.43,109.5 1 1
goldbox-rpg/pkg/server/types.go:113.2,113.12 1 1
goldbox-rpg/pkg/server/types.go:117.48,118.14 1 1
goldbox-rpg/pkg/server/types.go:118.14,120.3 1 1
goldbox-rpg/pkg/server/types.go:122.2,132.14 2 1
goldbox-rpg/pkg/server/types.go:136.50,148.2 1 1
goldbox-rpg/pkg/server/types.go:151.34,153.2 1 1
goldbox-rpg/pkg/server/types.go:156.35,158.2 1 1
goldbox-rpg/pkg/server/types.go:161.40,163.2 1 1
goldbox-rpg/pkg/server/util.go:32.68,45.34 5 1
goldbox-rpg/pkg/server/util.go:45.34,47.60 2 0
goldbox-rpg/pkg/server/util.go:47.60,48.45 1 0
goldbox-rpg/pkg/server/util.go:48.45,60.5 4 0
goldbox-rpg/pkg/server/util.go:60.10,67.5 3 0
goldbox-rpg/pkg/server/util.go:68.9,70.4 1 0
goldbox-rpg/pkg/server/util.go:73.2,73.40 1 1
goldbox-rpg/pkg/server/util.go:73.40,75.3 1 0
goldbox-rpg/pkg/server/util.go:77.2,78.29 2 1
goldbox-rpg/pkg/server/util.go:78.29,80.3 1 0
goldbox-rpg/pkg/server/util.go:82.2,83.15 2 1
goldbox-rpg/pkg/server/util.go:100.78,112.49 6 0
goldbox-rpg/pkg/server/util.go:112.49,114.45 2 0
goldbox-rpg/pkg/server/util.go:114.45,120.4 2 0
goldbox-rpg/pkg/server/util.go:123.2,124.23 2 0
goldbox-rpg/pkg/server/util.go:142.74,149.63 3 0
goldbox-rpg/pkg/server/util.go:149.63,153.3 3 0
goldbox-rpg/pkg/server/util.go:154.2,155.12 2 0
goldbox-rpg/pkg/server/util.go:175.78,182.37 3 0
goldbox-rpg/pkg/server/util.go:182.37,185.3 2 0
goldbox-rpg/pkg/server/util.go:187.2,200.14 3 0
goldbox-rpg/pkg/server/util.go:217.65,225.52 4 0
goldbox-rpg/pkg/server/util.go:225.52,227.60 2 0
goldbox-rpg/pkg/server/util.go:227.60,228.49 1 0
goldbox-rpg/pkg/server/util.go:228.49,230.31 2 0
goldbox-rpg/pkg/server/util.go:230.31,233.43 3 0
goldbox-rpg/pkg/server/util.go:233.43,235.7 1 0
goldbox-rpg/pkg/server/util.go:236.11,238.6 1 0
goldbox-rpg/pkg/server/util.go:239.10,241.5 1 0
goldbox-rpg/pkg/server/util.go:242.9,244.4 1 0
goldbox-rpg/pkg/server/util.go:247.2,248.16 2 0
goldbox-rpg/pkg/server/util.go:266.68,286.2 8 0
goldbox-rpg/pkg/server/util.go:303.70,310.53 3 1
goldbox-rpg/pkg/server/util.go:310.53,314.34 3 1
goldbox-rpg/pkg/server/util.go:314.34,316.67 2 0
goldbox-rpg/pkg/server/util.go:316.67,319.5 2 0
goldbox-rpg/pkg/server/util.go:319.10,321.5 1 0
goldbox-rpg/pkg/server/util.go:323.8,325.3 1 0
goldbox-rpg/pkg/server/util.go:337.39,352.2 8 0
goldbox-rpg/pkg/server/util.go:382.59,393.2 5 1
goldbox-rpg/pkg/server/util.go:409.65,416.24 3 1
goldbox-rpg/pkg/server/util.go:416.24,417.30 1 1
goldbox-rpg/pkg/server/util.go:417.30,420.4 2 1
goldbox-rpg/pkg/server/util.go:423.2,424.12 2 1
goldbox-rpg/pkg/server/util.go:441.73,448.27 3 1
goldbox-rpg/pkg/server/util.go:448.27,449.32 1 1
goldbox-rpg/pkg/server/util.go:449.32,452.4 2 1
goldbox-rpg/pkg/server/util.go:455.2,456.12 2 1
goldbox-rpg/pkg/server/util.go:496.43,507.50 4 1
goldbox-rpg/pkg/server/util.go:507.50,510.3 2 1
goldbox-rpg/pkg/server/util.go:512.2,513.20 2 1
goldbox-rpg/pkg/server/util.go:513.20,516.3 2 1
goldbox-rpg/pkg/server/util.go:519.2,520.22 2 1
goldbox-rpg/pkg/server/util.go:520.22,523.17 3 1
goldbox-rpg/pkg/server/util.go:523.17,526.4 2 1
goldbox-rpg/pkg/server/util.go:529.2,530.16 2 1
goldbox-rpg/pkg/server/util.go:530.16,533.3 2 1
goldbox-rpg/pkg/server/util.go:535.2,536.22 2 1
goldbox-rpg/pkg/server/util.go:536.22,539.17 3 1
goldbox-rpg/pkg/server/util.go:539.17,542.4 2 1
goldbox-rpg/pkg/server/util.go:546.2,556.15 4 1
goldbox-rpg/pkg/server/util.go:570.24,578.11 3 1
goldbox-rpg/pkg/server/util.go:578.11,581.3 2 1
goldbox-rpg/pkg/server/util.go:582.2,583.10 2 1
goldbox-rpg/pkg/server/util.go:601.44,616.45 5 1
goldbox-rpg/pkg/server/util.go:616.45,617.23 1 1
goldbox-rpg/pkg/server/util.go:617.23,620.4 2 1
goldbox-rpg/pkg/server/util.go:622.2,623.14 2 1
goldbox-rpg/pkg/server/websocket.go:33.51,36.26 2 1
goldbox-rpg/pkg/server/websocket.go:36.26,37.26 1 1
goldbox-rpg/pkg/server/websocket.go:37.26,39.4 1 1
goldbox-rpg/pkg/server/websocket.go:39.9,39.38 1 1
goldbox-rpg/pkg/server/websocket.go:39.38,41.4 1 1
goldbox-rpg/pkg/server/websocket.go:41.9,43.4 1 1
goldbox-rpg/pkg/server/websocket.go:47.2,57.15 8 1
goldbox-rpg/pkg/server/websocket.go:73.50,75.19 2 1
goldbox-rpg/pkg/server/websocket.go:75.19,77.58 1 1
goldbox-rpg/pkg/server/websocket.go:77.58,79.4 1 1
goldbox-rpg/pkg/server/websocket.go:83.3,86.20 4 1
goldbox-rpg/pkg/server/websocket.go:86.20,88.32 2 0
goldbox-rpg/pkg/server/websocket.go:88.32,90.5 1 0
goldbox-rpg/pkg/server/websocket.go:92.3,93.20 2 1
goldbox-rpg/pkg/server/websocket.go:93.20,95.32 2 0
goldbox-rpg/pkg/server/websocket.go:95.32,98.5 1 0
goldbox-rpg/pkg/server/websocket.go:100.3,101.42 2 1
goldbox-rpg/pkg/server/websocket.go:101.42,104.4 2 1
goldbox-rpg/pkg/server/websocket.go:106.3,106.15 1 1
goldbox-rpg/pkg/server/websocket.go:108.2,108.36 1 1
goldbox-rpg/pkg/server/websocket.go:120.82,121.41 1 1
goldbox-rpg/pkg/server/websocket.go:121.41,122.43 1 1
goldbox-rpg/pkg/server/websocket.go:122.43,124.4 1 1
goldbox-rpg/pkg/server/websocket.go:126.2,126.14 1 1
goldbox-rpg/pkg/server/websocket.go:142.52,146.43 1 1
goldbox-rpg/pkg/server/websocket.go:146.43,150.49 2 1
goldbox-rpg/pkg/server/websocket.go:150.49,156.5 2 1
goldbox-rpg/pkg/server/websocket.go:159.4,162.16 3 1
goldbox-rpg/pkg/server/websocket.go:162.16,168.5 1 1
goldbox-rpg/pkg/server/websocket.go:168.10,174.5 1 1
goldbox-rpg/pkg/server/websocket.go:176.4,176.18 1 1
goldbox-rpg/pkg/server/websocket.go:179.2,179.18 1 1
goldbox-rpg/pkg/server/websocket.go:225.54,231.2 1 1
goldbox-rpg/pkg/server/websocket.go:242.62,251.2 1 1
goldbox-rpg/pkg/server/websocket.go:271.77,274.20 3 1
goldbox-rpg/pkg/server/websocket.go:274.20,277.3 2 0
goldbox-rpg/pkg/server/websocket.go:279.2,280.16 2 1
goldbox-rpg/pkg/server/websocket.go:280.16,282.3 1 1
goldbox-rpg/pkg/server/websocket.go:283.2,285.65 2 0
goldbox-rpg/pkg/server/websocket.go:285.65,287.3 1 0
goldbox-rpg/pkg/server/websocket.go:289.2,292.50 3 0
goldbox-rpg/pkg/server/websocket.go:296.104,298.16 2 1
goldbox-rpg/pkg/server/websocket.go:298.16,301.3 2 1
goldbox-rpg/pkg/server/websocket.go:302.2,302.18 1 0
goldbox-rpg/pkg/server/websocket.go:306.97,315.56 2 0
goldbox-rpg/pkg/server/websocket.go:315.56,318.3 2 0
goldbox-rpg/pkg/server/websocket.go:319.2,319.12 1 0
goldbox-rpg/pkg/server/websocket.go:323.113,324.6 1 0
goldbox-rpg/pkg/server/websocket.go:324.6,326.45 2 0
goldbox-rpg/pkg/server/websocket.go:326.45,327.9 1 0
goldbox-rpg/pkg/server/websocket.go:330.3,330.79 1 0
goldbox-rpg/pkg/server/websocket.go:330.79,331.9 1 0
goldbox-rpg/pkg/server/websocket.go:337.135,341.16 3 0
goldbox-rpg/pkg/server/websocket.go:341.16,345.3 3 0
goldbox-rpg/pkg/server/websocket.go:347.2,348.16 2 0
goldbox-rpg/pkg/server/websocket.go:348.16,352.3 3 0
goldbox-rpg/pkg/server/websocket.go:354.2,354.68 1 0
goldbox-rpg/pkg/server/websocket.go:354.68,357.3 2 0
goldbox-rpg/pkg/server/websocket.go:358.2,358.12 1 0
goldbox-rpg/pkg/server/websocket.go:362.113,363.19 1 0
goldbox-rpg/pkg/server/websocket.go:363.19,365.3 1 0
goldbox-rpg/pkg/server/websocket.go:366.2,367.15 2 0
goldbox-rpg/pkg/server/websocket.go:381.92,383.9 2 0
goldbox-rpg/pkg/server/websocket.go:383.9,385.3 1 0
goldbox-rpg/pkg/server/websocket.go:387.2,387.38 1 0
goldbox-rpg/pkg/server/websocket.go:405.82,425.56 6 0
goldbox-rpg/pkg/server/websocket.go:425.56,427.3 1 0
goldbox-rpg/pkg/server/websocket.go:427.8,429.3 1 0
goldbox-rpg/pkg/server/websocket.go:449.103,482.56 6 0
goldbox-rpg/pkg/server/websocket.go:482.56,484.3 1 0
goldbox-rpg/pkg/server/websocket.go:484.8,486.3 1 0
goldbox-rpg/pkg/server/websocket.go:507.80,508.21 1 1
goldbox-rpg/pkg/server/websocket.go:508.21,510.3 1 1
goldbox-rpg/pkg/server/websocket.go:512.2,514.13 3 1
goldbox-rpg/pkg/server/websocket.go:514.13,517.3 2 1
goldbox-rpg/pkg/server/websocket.go:520.2,524.21 4 1
goldbox-rpg/pkg/server/websocket.go:558.71,564.2 1 1
goldbox-rpg/pkg/server/websocket.go:575.41,579.15 3 1
goldbox-rpg/pkg/server/websocket.go:579.15,581.3 1 0
goldbox-rpg/pkg/server/websocket.go:584.2,593.39 8 1
goldbox-rpg/pkg/server/websocket.go:593.39,595.3 1 1
goldbox-rpg/pkg/server/websocket.go:597.2,598.76 2 1
goldbox-rpg/pkg/server/websocket.go:602.40,609.2 5 1
goldbox-rpg/pkg/server/websocket.go:615.67,621.33 5 1
goldbox-rpg/pkg/server/websocket.go:621.33,623.3 1 0
goldbox-rpg/pkg/server/websocket.go:626.2,636.28 2 1
goldbox-rpg/pkg/server/websocket.go:643.69,646.45 3 1
goldbox-rpg/pkg/server/websocket.go:646.45,647.67 1 1
goldbox-rpg/pkg/server/websocket.go:647.67,649.4 1 1
goldbox-rpg/pkg/server/websocket.go:651.2,653.24 2 1
goldbox-rpg/pkg/server/websocket.go:653.24,655.3 1 0
goldbox-rpg/pkg/server/websocket.go:657.2,658.35 2 1
goldbox-rpg/pkg/server/websocket.go:658.35,660.28 1 1
goldbox-rpg/pkg/server/websocket.go:660.28,662.11 1 1
goldbox-rpg/pkg/server/websocket.go:662.11,663.18 1 1
goldbox-rpg/pkg/server/websocket.go:663.18,664.34 1 1
goldbox-rpg/pkg/server/websocket.go:664.34,669.7 1 1
goldbox-rpg/pkg/server/websocket.go:672.5,672.61 1 1
goldbox-rpg/pkg/server/websocket.go:672.61,677.6 1 0
goldbox-rpg/pkg/server/websocket.go:677.11,679.6 1 0
goldbox-rpg/pkg/server/websocket.go:684.2,688.43 1 1
goldbox-rpg/pkg/config/config.go:130.30,188.42 4 1
goldbox-rpg/pkg/config/config.go:188.42,195.3 2 1
goldbox-rpg/pkg/config/config.go:197.2,205.20 2 1
goldbox-rpg/pkg/config/config.go:212.35,213.51 1 1
goldbox-rpg/pkg/config/config.go:213.51,215.3 1 1
goldbox-rpg/pkg/config/config.go:217.2,217.45 1 1
goldbox-rpg/pkg/config/config.go:217.45,219.3 1 1
goldbox-rpg/pkg/config/config.go:221.2,221.53 1 1
goldbox-rpg/pkg/config/config.go:221.53,223.3 1 1
goldbox-rpg/pkg/config/config.go:225.2,225.52 1 1
goldbox-rpg/pkg/config/config.go:225.52,227.3 1 0
goldbox-rpg/pkg/config/config.go:229.2,229.48 1 1
goldbox-rpg/pkg/config/config.go:229.48,231.3 1 0
goldbox-rpg/pkg/config/config.go:233.2,233.12 1 1
goldbox-rpg/pkg/config/config.go:239.49,241.46 1 1
goldbox-rpg/pkg/config/config.go:241.46,243.3 1 1
goldbox-rpg/pkg/config/config.go:246.2,248.39 3 1
goldbox-rpg/pkg/config/config.go:248.39,249.43 1 1
goldbox-rpg/pkg/config/config.go:249.43,251.9 2 1
goldbox-rpg/pkg/config/config.go:254.2,254.12 1 1
goldbox-rpg/pkg/config/config.go:254.12,256.3 1 1
goldbox-rpg/pkg/config/config.go:258.2,258.12 1 1
goldbox-rpg/pkg/config/config.go:264.43,265.36 1 1
goldbox-rpg/pkg/config/config.go:265.36,267.3 1 1
goldbox-rpg/pkg/config/config.go:269.2,269.36 1 1
goldbox-rpg/pkg/config/config.go:269.36,271.3 1 1
goldbox-rpg/pkg/config/config.go:273.2,273.12 1 1
goldbox-rpg/pkg/config/config.go:279.51,281.29 1 1
goldbox-rpg/pkg/config/config.go:281.29,283.3 1 1
goldbox-rpg/pkg/config/config.go:286.2,286.52 1 1
goldbox-rpg/pkg/config/config.go:286.52,288.3 1 1
goldbox-rpg/pkg/config/config.go:290.2,290.12 1 1
goldbox-rpg/pkg/config/config.go:296.50,297.24 1 1
goldbox-rpg/pkg/config/config.go:297.24,298.40 1 0
goldbox-rpg/pkg/config/config.go:298.40,300.4 1 0
goldbox-rpg/pkg/config/config.go:301.3,301.28 1 0
goldbox-rpg/pkg/config/config.go:301.28,303.4 1 0
goldbox-rpg/pkg/config/config.go:306.2,306.12 1 1
goldbox-rpg/pkg/config/config.go:312.46,313.20 1 1
goldbox-rpg/pkg/config/config.go:313.20,314.29 1 1
goldbox-rpg/pkg/config/config.go:314.29,316.4 1 0
goldbox-rpg/pkg/config/config.go:317.3,317.30 1 1
goldbox-rpg/pkg/config/config.go:317.30,319.4 1 0
goldbox-rpg/pkg/config/config.go:320.3,320.44 1 1
goldbox-rpg/pkg/config/config.go:320.44,322.4 1 0
goldbox-rpg/pkg/config/config.go:323.3,323.38 1 1
goldbox-rpg/pkg/config/config.go:323.38,325.4 1 0
goldbox-rpg/pkg/config/config.go:326.3,326.61 1 1
goldbox-rpg/pkg/config/config.go:326.61,328.4 1 0
goldbox-rpg/pkg/config/config.go:331.2,331.12 1 1
goldbox-rpg/pkg/config/config.go:337.52,342.21 3 1
goldbox-rpg/pkg/config/config.go:342.21,344.3 1 1
goldbox-rpg/pkg/config/config.go:347.2,347.43 1 1
goldbox-rpg/pkg/config/config.go:347.43,348.24 1 1
goldbox-rpg/pkg/config/config.go:348.24,350.4 1 1
goldbox-rpg/pkg/config/config.go:353.2,353.14 1 1
goldbox-rpg/pkg/config/config.go:360.53,369.2 1 1
goldbox-rpg/pkg/config/config.go:373.54,374.42 1 1
goldbox-rpg/pkg/config/config.go:374.42,376.3 1 1
goldbox-rpg/pkg/config/config.go:377.2,377.21 1 1
goldbox-rpg/pkg/config/config.go:380.52,381.42 1 1
goldbox-rpg/pkg/config/config.go:381.42,382.55 1 1
goldbox-rpg/pkg/config/config.go:382.55,384.4 1 1
goldbox-rpg/pkg/config/config.go:386.2,386.21 1 1
goldbox-rpg/pkg/config/config.go:389.58,390.42 1 1
goldbox-rpg/pkg/config/config.go:390.42,391.67 1 1
goldbox-rpg/pkg/config/config.go:391.67,393.4 1 1
goldbox-rpg/pkg/config/config.go:395.2,395.21 1 1
goldbox-rpg/pkg/config/config.go:398.55,399.42 1 1
goldbox-rpg/pkg/config/config.go:399.42,400.61 1 1
goldbox-rpg/pkg/config/config.go:400.61,402.4 1 1
goldbox-rpg/pkg/config/config.go:404.2,404.21 1 1
goldbox-rpg/pkg/config/config.go:407.77,408.42 1 1
goldbox-rpg/pkg/config/config.go:408.42,409.61 1 1
goldbox-rpg/pkg/config/config.go:409.61,411.4 1 1
goldbox-rpg/pkg/config/config.go:413.2,413.21 1 1
goldbox-rpg/pkg/config/config.go:416.70,417.42 1 1
goldbox-rpg/pkg/config/config.go:417.42,421.30 3 1
goldbox-rpg/pkg/config/config.go:421.30,422.57 1 1
goldbox-rpg/pkg/config/config.go:422.57,424.5 1 1
goldbox-rpg/pkg/config/config.go:426.3,426.16 1 1
goldbox-rpg/pkg/config/config.go:428.2,428.21 1 1
goldbox-rpg/pkg/config/config.go:431.64,432.42 1 1
goldbox-rpg/pkg/config/config.go:432.42,433.67 1 0
goldbox-rpg/pkg/config/config.go:433.67,435.4 1 0
goldbox-rpg/pkg/config/config.go:437.2,437.21 1 1
goldbox-rpg/pkg/config/loader.go:32.54,36.81 3 1
goldbox-rpg/pkg/config/loader.go:36.81,38.17 2 1
goldbox-rpg/pkg/config/loader.go:38.17,40.4 1 1
goldbox-rpg/pkg/config/loader.go:42.3,42.54 1 1
goldbox-rpg/pkg/config/loader.go:42.54,44.4 1 1
goldbox-rpg/pkg/config/loader.go:46.3,46.13 1 1
goldbox-rpg/pkg/config/loader.go:48.2,48.16 1 1
goldbox-rpg/pkg/config/loader.go:48.16,50.3 1 1
goldbox-rpg/pkg/config/loader.go:52.2,52.19 1 1
