mode: set
goldbox-rpg/pkg/server/alerting.go:37.38,38.12 1 1
goldbox-rpg/pkg/server/alerting.go:39.22,40.16 1 1
goldbox-rpg/pkg/server/alerting.go:41.25,42.19 1 1
goldbox-rpg/pkg/server/alerting.go:43.26,44.20 1 1
goldbox-rpg/pkg/server/alerting.go:45.10,46.19 1 1
goldbox-rpg/pkg/server/alerting.go:69.54,78.21 2 1
goldbox-rpg/pkg/server/alerting.go:79.22,80.29 1 0
goldbox-rpg/pkg/server/alerting.go:81.25,82.29 1 1
goldbox-rpg/pkg/server/alerting.go:83.26,84.30 1 0
goldbox-rpg/pkg/server/alerting.go:115.116,122.2 1 1
goldbox-rpg/pkg/server/alerting.go:130.58,136.6 4 1
goldbox-rpg/pkg/server/alerting.go:136.6,137.10 1 1
goldbox-rpg/pkg/server/alerting.go:138.19,139.25 1 0
goldbox-rpg/pkg/server/alerting.go:140.22,142.10 2 1
goldbox-rpg/pkg/server/alerting.go:143.21,145.10 2 0
goldbox-rpg/pkg/server/alerting.go:152.38,154.2 1 1
goldbox-rpg/pkg/server/alerting.go:159.50,165.46 4 1
goldbox-rpg/pkg/server/alerting.go:165.46,174.3 1 1
goldbox-rpg/pkg/server/alerting.go:177.2,178.46 2 1
goldbox-rpg/pkg/server/alerting.go:178.46,187.3 1 1
goldbox-rpg/pkg/server/alerting.go:190.2,190.24 1 1
goldbox-rpg/pkg/server/alerting.go:190.24,192.49 2 1
goldbox-rpg/pkg/server/alerting.go:192.49,201.4 1 1
goldbox-rpg/pkg/server/alerting.go:206.2,210.47 2 1
goldbox-rpg/pkg/server/alerting.go:210.47,219.3 1 1
goldbox-rpg/pkg/server/alerting.go:223.47,232.2 1 1
goldbox-rpg/pkg/server/circuitbreaker.go:37.67,39.2 1 1
goldbox-rpg/pkg/server/circuitbreaker.go:42.97,44.2 1 1
goldbox-rpg/pkg/server/circuitbreaker_manager.go:27.101,29.2 1 1
goldbox-rpg/pkg/server/circuitbreaker_manager.go:32.103,34.2 1 1
goldbox-rpg/pkg/server/combat.go:91.36,102.2 1 1
goldbox-rpg/pkg/server/combat.go:111.73,117.57 2 1
goldbox-rpg/pkg/server/combat.go:117.57,119.3 1 1
goldbox-rpg/pkg/server/combat.go:121.2,121.70 1 1
goldbox-rpg/pkg/server/combat.go:121.70,123.64 1 1
goldbox-rpg/pkg/server/combat.go:123.64,129.4 2 0
goldbox-rpg/pkg/server/combat.go:130.3,130.29 1 1
goldbox-rpg/pkg/server/combat.go:133.2,133.57 1 1
goldbox-rpg/pkg/server/combat.go:133.57,135.3 1 1
goldbox-rpg/pkg/server/combat.go:137.2,137.57 1 1
goldbox-rpg/pkg/server/combat.go:137.57,139.3 1 1
goldbox-rpg/pkg/server/combat.go:141.2,141.74 1 1
goldbox-rpg/pkg/server/combat.go:141.74,143.3 1 1
goldbox-rpg/pkg/server/combat.go:145.2,145.73 1 1
goldbox-rpg/pkg/server/combat.go:145.73,147.3 1 1
goldbox-rpg/pkg/server/combat.go:149.2,153.12 2 1
goldbox-rpg/pkg/server/combat.go:157.45,172.36 3 1
goldbox-rpg/pkg/server/combat.go:172.36,176.3 3 1
goldbox-rpg/pkg/server/combat.go:179.2,181.14 2 1
goldbox-rpg/pkg/server/combat.go:185.59,191.36 4 1
goldbox-rpg/pkg/server/combat.go:191.36,195.3 3 0
goldbox-rpg/pkg/server/combat.go:197.2,207.3 3 1
goldbox-rpg/pkg/server/combat.go:247.60,253.61 2 1
goldbox-rpg/pkg/server/combat.go:253.61,261.3 2 1
goldbox-rpg/pkg/server/combat.go:263.2,270.18 3 1
goldbox-rpg/pkg/server/combat.go:278.63,285.63 2 1
goldbox-rpg/pkg/server/combat.go:285.63,291.3 2 1
goldbox-rpg/pkg/server/combat.go:293.2,308.12 9 1
goldbox-rpg/pkg/server/combat.go:311.41,312.25 1 1
goldbox-rpg/pkg/server/combat.go:312.25,314.3 1 0
goldbox-rpg/pkg/server/combat.go:315.2,315.60 1 1
goldbox-rpg/pkg/server/combat.go:318.34,320.70 1 1
goldbox-rpg/pkg/server/combat.go:320.70,327.3 2 1
goldbox-rpg/pkg/server/combat.go:329.2,333.43 3 1
goldbox-rpg/pkg/server/combat.go:333.43,334.37 1 1
goldbox-rpg/pkg/server/combat.go:334.37,336.9 2 1
goldbox-rpg/pkg/server/combat.go:340.2,340.21 1 1
goldbox-rpg/pkg/server/combat.go:340.21,341.64 1 1
goldbox-rpg/pkg/server/combat.go:341.64,348.4 1 0
goldbox-rpg/pkg/server/combat.go:352.2,356.26 3 1
goldbox-rpg/pkg/server/combat.go:356.26,358.3 1 0
goldbox-rpg/pkg/server/combat.go:360.2,360.19 1 1
goldbox-rpg/pkg/server/combat.go:360.19,362.3 1 0
goldbox-rpg/pkg/server/combat.go:371.45,377.20 2 1
goldbox-rpg/pkg/server/combat.go:377.20,382.3 2 0
goldbox-rpg/pkg/server/combat.go:385.2,385.29 1 1
goldbox-rpg/pkg/server/combat.go:385.29,390.3 2 0
goldbox-rpg/pkg/server/combat.go:393.2,393.43 1 1
goldbox-rpg/pkg/server/combat.go:393.43,400.3 2 0
goldbox-rpg/pkg/server/combat.go:402.2,405.26 3 1
goldbox-rpg/pkg/server/combat.go:405.26,411.3 2 0
goldbox-rpg/pkg/server/combat.go:414.2,426.19 5 1
goldbox-rpg/pkg/server/combat.go:431.45,445.41 5 1
goldbox-rpg/pkg/server/combat.go:445.41,456.55 3 1
goldbox-rpg/pkg/server/combat.go:456.55,468.4 3 1
goldbox-rpg/pkg/server/combat.go:471.2,474.49 1 1
goldbox-rpg/pkg/server/combat.go:481.43,487.37 2 1
goldbox-rpg/pkg/server/combat.go:487.37,492.3 2 1
goldbox-rpg/pkg/server/combat.go:494.2,500.29 3 1
goldbox-rpg/pkg/server/combat.go:500.29,506.3 3 1
goldbox-rpg/pkg/server/combat.go:508.2,511.14 2 1
goldbox-rpg/pkg/server/combat.go:519.65,521.2 0 1
goldbox-rpg/pkg/server/combat.go:527.51,540.51 5 1
goldbox-rpg/pkg/server/combat.go:540.51,541.21 1 1
goldbox-rpg/pkg/server/combat.go:541.21,544.35 3 1
goldbox-rpg/pkg/server/combat.go:544.35,546.5 1 1
goldbox-rpg/pkg/server/combat.go:548.4,552.31 1 1
goldbox-rpg/pkg/server/combat.go:556.2,561.15 2 1
goldbox-rpg/pkg/server/combat.go:565.33,571.42 2 1
goldbox-rpg/pkg/server/combat.go:571.42,574.3 2 0
goldbox-rpg/pkg/server/combat.go:576.2,594.37 6 1
goldbox-rpg/pkg/server/combat.go:605.75,614.45 3 1
goldbox-rpg/pkg/server/combat.go:614.45,616.3 1 1
goldbox-rpg/pkg/server/combat.go:616.8,616.58 1 1
goldbox-rpg/pkg/server/combat.go:616.58,618.3 1 1
goldbox-rpg/pkg/server/combat.go:618.8,625.3 3 1
goldbox-rpg/pkg/server/combat.go:627.2,630.17 3 1
goldbox-rpg/pkg/server/combat.go:630.17,636.3 2 1
goldbox-rpg/pkg/server/combat.go:638.2,646.18 2 1
goldbox-rpg/pkg/server/combat.go:646.18,652.3 2 1
goldbox-rpg/pkg/server/combat.go:653.2,653.12 1 1
goldbox-rpg/pkg/server/combat.go:674.74,676.19 1 1
goldbox-rpg/pkg/server/combat.go:676.19,686.24 4 1
goldbox-rpg/pkg/server/combat.go:686.24,688.4 1 1
goldbox-rpg/pkg/server/combat.go:690.3,697.23 2 1
goldbox-rpg/pkg/server/combat.go:700.2,716.30 5 1
goldbox-rpg/pkg/server/combat.go:723.69,739.43 5 1
goldbox-rpg/pkg/server/combat.go:739.43,745.3 2 0
goldbox-rpg/pkg/server/combat.go:746.2,763.47 4 1
goldbox-rpg/pkg/server/combat.go:784.103,811.2 4 1
goldbox-rpg/pkg/server/combat.go:823.110,832.13 3 1
goldbox-rpg/pkg/server/combat.go:832.13,839.3 3 0
goldbox-rpg/pkg/server/combat.go:841.2,847.20 3 1
goldbox-rpg/pkg/server/combat.go:847.20,849.47 2 0
goldbox-rpg/pkg/server/combat.go:849.47,855.4 3 0
goldbox-rpg/pkg/server/combat.go:858.2,864.54 3 1
goldbox-rpg/pkg/server/combat.go:864.54,870.3 2 0
goldbox-rpg/pkg/server/combat.go:872.2,882.20 3 1
goldbox-rpg/pkg/server/combat.go:886.64,892.39 2 1
goldbox-rpg/pkg/server/combat.go:892.39,895.3 2 1
goldbox-rpg/pkg/server/combat.go:897.2,905.12 4 1
goldbox-rpg/pkg/server/combat.go:908.69,916.35 4 1
goldbox-rpg/pkg/server/combat.go:916.35,918.29 2 1
goldbox-rpg/pkg/server/combat.go:918.29,919.17 1 1
goldbox-rpg/pkg/server/combat.go:919.17,921.10 2 1
goldbox-rpg/pkg/server/combat.go:924.3,924.15 1 1
goldbox-rpg/pkg/server/combat.go:924.15,926.4 1 1
goldbox-rpg/pkg/server/combat.go:930.2,930.61 1 1
goldbox-rpg/pkg/server/combat.go:930.61,937.3 2 0
goldbox-rpg/pkg/server/combat.go:939.2,941.12 3 1
goldbox-rpg/pkg/server/combat.go:944.48,951.43 3 1
goldbox-rpg/pkg/server/combat.go:951.43,952.49 1 1
goldbox-rpg/pkg/server/combat.go:952.49,954.4 1 1
goldbox-rpg/pkg/server/combat.go:954.9,956.4 1 1
goldbox-rpg/pkg/server/combat.go:958.2,958.38 1 1
goldbox-rpg/pkg/server/combat.go:961.52,963.2 1 1
goldbox-rpg/pkg/server/combat.go:966.36,972.25 2 1
goldbox-rpg/pkg/server/combat.go:972.25,975.3 2 1
goldbox-rpg/pkg/server/combat.go:977.2,984.41 4 1
goldbox-rpg/pkg/server/combat.go:994.75,995.26 1 1
goldbox-rpg/pkg/server/combat.go:995.26,997.3 1 1
goldbox-rpg/pkg/server/combat.go:1000.2,1001.38 2 1
goldbox-rpg/pkg/server/combat.go:1001.38,1002.21 1 1
goldbox-rpg/pkg/server/combat.go:1002.21,1004.4 1 1
goldbox-rpg/pkg/server/combat.go:1005.3,1005.21 1 1
goldbox-rpg/pkg/server/combat.go:1005.21,1007.4 1 1
goldbox-rpg/pkg/server/combat.go:1008.3,1008.24 1 1
goldbox-rpg/pkg/server/combat.go:1011.2,1011.12 1 1
goldbox-rpg/pkg/server/correlation.go:23.62,24.71 1 1
goldbox-rpg/pkg/server/correlation.go:24.71,27.26 2 1
goldbox-rpg/pkg/server/correlation.go:27.26,30.4 1 1
goldbox-rpg/pkg/server/correlation.go:31.3,31.26 1 1
goldbox-rpg/pkg/server/correlation.go:31.26,34.4 1 1
goldbox-rpg/pkg/server/correlation.go:37.3,60.23 9 1
goldbox-rpg/pkg/server/correlation.go:65.51,66.67 1 1
goldbox-rpg/pkg/server/correlation.go:66.67,68.3 1 1
goldbox-rpg/pkg/server/correlation.go:69.2,69.11 1 1
goldbox-rpg/pkg/server/correlation.go:73.83,75.2 1 1
goldbox-rpg/pkg/server/errors.go:60.39,61.23 1 1
goldbox-rpg/pkg/server/errors.go:61.23,63.3 1 1
goldbox-rpg/pkg/server/errors.go:64.2,64.59 1 1
goldbox-rpg/pkg/server/errors.go:67.39,69.2 1 1
goldbox-rpg/pkg/server/errors.go:72.76,78.2 1 1
goldbox-rpg/pkg/server/errors.go:88.42,89.23 1 1
goldbox-rpg/pkg/server/errors.go:89.23,92.3 1 1
goldbox-rpg/pkg/server/errors.go:93.2,93.72 1 0
goldbox-rpg/pkg/server/errors.go:96.42,98.2 1 1
goldbox-rpg/pkg/server/errors.go:101.98,108.2 1 1
goldbox-rpg/pkg/server/errors.go:118.43,119.43 1 1
goldbox-rpg/pkg/server/errors.go:119.43,122.3 1 1
goldbox-rpg/pkg/server/errors.go:123.2,123.23 1 0
goldbox-rpg/pkg/server/errors.go:123.23,125.3 1 0
goldbox-rpg/pkg/server/errors.go:126.2,126.63 1 0
goldbox-rpg/pkg/server/errors.go:129.43,131.2 1 1
goldbox-rpg/pkg/server/errors.go:134.94,141.2 1 1
goldbox-rpg/pkg/server/errors.go:150.43,152.2 1 1
goldbox-rpg/pkg/server/errors.go:154.43,156.2 1 1
goldbox-rpg/pkg/server/errors.go:159.80,165.2 1 1
goldbox-rpg/pkg/server/errors.go:174.35,175.24 1 1
goldbox-rpg/pkg/server/errors.go:175.24,177.3 1 1
goldbox-rpg/pkg/server/errors.go:178.2,178.59 1 0
goldbox-rpg/pkg/server/errors.go:181.35,183.2 1 1
goldbox-rpg/pkg/server/errors.go:186.77,192.2 1 1
goldbox-rpg/pkg/server/errors.go:201.41,202.22 1 1
goldbox-rpg/pkg/server/errors.go:202.22,204.3 1 1
goldbox-rpg/pkg/server/errors.go:205.2,205.61 1 0
goldbox-rpg/pkg/server/errors.go:208.41,210.2 1 1
goldbox-rpg/pkg/server/errors.go:213.79,219.2 1 1
goldbox-rpg/pkg/server/errors.go:244.47,245.16 1 1
goldbox-rpg/pkg/server/errors.go:245.16,247.3 1 1
goldbox-rpg/pkg/server/errors.go:250.2,251.30 2 1
goldbox-rpg/pkg/server/errors.go:251.30,253.3 1 1
goldbox-rpg/pkg/server/errors.go:255.2,256.29 2 1
goldbox-rpg/pkg/server/errors.go:256.29,258.3 1 1
goldbox-rpg/pkg/server/errors.go:260.2,261.30 2 1
goldbox-rpg/pkg/server/errors.go:261.30,263.3 1 1
goldbox-rpg/pkg/server/errors.go:265.2,266.28 2 1
goldbox-rpg/pkg/server/errors.go:266.28,268.3 1 1
goldbox-rpg/pkg/server/errors.go:270.2,271.29 2 1
goldbox-rpg/pkg/server/errors.go:271.29,273.3 1 1
goldbox-rpg/pkg/server/errors.go:275.2,276.28 2 1
goldbox-rpg/pkg/server/errors.go:276.28,278.3 1 1
goldbox-rpg/pkg/server/errors.go:281.2,281.9 1 1
goldbox-rpg/pkg/server/errors.go:285.38,286.30 1 1
goldbox-rpg/pkg/server/errors.go:291.36,292.33 1 1
goldbox-rpg/pkg/server/errors.go:296.33,297.34 1 1
goldbox-rpg/pkg/server/errors.go:301.36,302.32 1 1
goldbox-rpg/pkg/server/errors.go:314.32,315.31 1 1
goldbox-rpg/pkg/server/errors.go:317.10,318.30 1 1
goldbox-rpg/pkg/server/handlers.go:44.77,50.16 3 1
goldbox-rpg/pkg/server/handlers.go:50.16,52.3 1 1
goldbox-rpg/pkg/server/handlers.go:54.2,55.16 2 1
goldbox-rpg/pkg/server/handlers.go:55.16,57.3 1 1
goldbox-rpg/pkg/server/handlers.go:58.2,60.68 2 1
goldbox-rpg/pkg/server/handlers.go:60.68,62.3 1 0
goldbox-rpg/pkg/server/handlers.go:64.2,65.16 2 1
goldbox-rpg/pkg/server/handlers.go:65.16,67.3 1 0
goldbox-rpg/pkg/server/handlers.go:69.2,69.70 1 1
goldbox-rpg/pkg/server/handlers.go:69.70,71.3 1 0
goldbox-rpg/pkg/server/handlers.go:73.2,73.72 1 1
goldbox-rpg/pkg/server/handlers.go:73.72,75.3 1 0
goldbox-rpg/pkg/server/handlers.go:77.2,84.8 2 1
goldbox-rpg/pkg/server/handlers.go:93.3,100.53 2 1
goldbox-rpg/pkg/server/handlers.go:100.53,106.59 2 1
goldbox-rpg/pkg/server/handlers.go:106.59,112.4 2 1
goldbox-rpg/pkg/server/handlers.go:115.3,116.10 2 0
goldbox-rpg/pkg/server/handlers.go:116.10,118.4 1 0
goldbox-rpg/pkg/server/handlers.go:119.3,120.22 2 0
goldbox-rpg/pkg/server/handlers.go:123.2,123.18 1 1
goldbox-rpg/pkg/server/handlers.go:127.62,128.49 1 0
goldbox-rpg/pkg/server/handlers.go:129.20,130.35 1 0
goldbox-rpg/pkg/server/handlers.go:131.19,132.34 1 0
goldbox-rpg/pkg/server/handlers.go:133.20,134.35 1 0
goldbox-rpg/pkg/server/handlers.go:135.19,136.34 1 0
goldbox-rpg/pkg/server/handlers.go:137.10,138.18 1 0
goldbox-rpg/pkg/server/handlers.go:143.81,145.16 2 1
goldbox-rpg/pkg/server/handlers.go:145.16,151.3 2 1
goldbox-rpg/pkg/server/handlers.go:152.2,152.21 1 1
goldbox-rpg/pkg/server/handlers.go:156.74,157.37 1 1
goldbox-rpg/pkg/server/handlers.go:157.37,159.3 1 1
goldbox-rpg/pkg/server/handlers.go:161.2,161.56 1 0
goldbox-rpg/pkg/server/handlers.go:161.56,167.3 2 0
goldbox-rpg/pkg/server/handlers.go:169.2,169.52 1 0
goldbox-rpg/pkg/server/handlers.go:169.52,179.3 2 0
goldbox-rpg/pkg/server/handlers.go:181.2,181.12 1 0
goldbox-rpg/pkg/server/handlers.go:185.123,196.72 4 1
goldbox-rpg/pkg/server/handlers.go:196.72,202.3 2 0
goldbox-rpg/pkg/server/handlers.go:204.2,204.20 1 1
goldbox-rpg/pkg/server/handlers.go:208.76,209.37 1 1
goldbox-rpg/pkg/server/handlers.go:209.37,211.3 1 1
goldbox-rpg/pkg/server/handlers.go:213.2,213.54 1 0
goldbox-rpg/pkg/server/handlers.go:213.54,220.3 2 0
goldbox-rpg/pkg/server/handlers.go:222.2,229.12 2 0
goldbox-rpg/pkg/server/handlers.go:233.92,236.51 2 1
goldbox-rpg/pkg/server/handlers.go:236.51,242.3 2 0
goldbox-rpg/pkg/server/handlers.go:244.2,258.12 3 1
goldbox-rpg/pkg/server/handlers.go:282.79,293.53 3 1
goldbox-rpg/pkg/server/handlers.go:293.53,299.3 2 0
goldbox-rpg/pkg/server/handlers.go:301.2,302.16 2 1
goldbox-rpg/pkg/server/handlers.go:302.16,308.3 2 1
goldbox-rpg/pkg/server/handlers.go:309.2,311.37 2 1
goldbox-rpg/pkg/server/handlers.go:311.37,316.3 2 1
goldbox-rpg/pkg/server/handlers.go:318.2,318.64 1 1
goldbox-rpg/pkg/server/handlers.go:318.64,324.3 2 1
goldbox-rpg/pkg/server/handlers.go:327.2,327.62 1 1
goldbox-rpg/pkg/server/handlers.go:327.62,337.3 2 1
goldbox-rpg/pkg/server/handlers.go:339.2,347.16 3 1
goldbox-rpg/pkg/server/handlers.go:347.16,354.3 2 0
goldbox-rpg/pkg/server/handlers.go:357.2,357.64 1 1
goldbox-rpg/pkg/server/handlers.go:357.64,364.3 2 0
goldbox-rpg/pkg/server/handlers.go:365.2,376.20 3 1
goldbox-rpg/pkg/server/handlers.go:401.82,407.16 3 1
goldbox-rpg/pkg/server/handlers.go:407.16,409.3 1 0
goldbox-rpg/pkg/server/handlers.go:411.2,412.16 2 1
goldbox-rpg/pkg/server/handlers.go:412.16,414.3 1 1
goldbox-rpg/pkg/server/handlers.go:415.2,417.76 2 1
goldbox-rpg/pkg/server/handlers.go:417.76,419.3 1 1
goldbox-rpg/pkg/server/handlers.go:421.2,422.16 2 1
goldbox-rpg/pkg/server/handlers.go:422.16,424.3 1 1
goldbox-rpg/pkg/server/handlers.go:426.2,427.16 2 0
goldbox-rpg/pkg/server/handlers.go:427.16,429.3 1 0
goldbox-rpg/pkg/server/handlers.go:431.2,431.71 1 0
goldbox-rpg/pkg/server/handlers.go:431.71,433.3 1 0
goldbox-rpg/pkg/server/handlers.go:435.2,439.20 2 0
goldbox-rpg/pkg/server/handlers.go:449.3,457.53 2 1
goldbox-rpg/pkg/server/handlers.go:457.53,463.3 2 0
goldbox-rpg/pkg/server/handlers.go:465.2,465.18 1 1
goldbox-rpg/pkg/server/handlers.go:469.88,471.16 2 1
goldbox-rpg/pkg/server/handlers.go:471.16,477.3 2 1
goldbox-rpg/pkg/server/handlers.go:478.2,478.21 1 1
goldbox-rpg/pkg/server/handlers.go:482.82,484.37 1 1
goldbox-rpg/pkg/server/handlers.go:484.37,486.3 1 0
goldbox-rpg/pkg/server/handlers.go:489.2,489.56 1 1
goldbox-rpg/pkg/server/handlers.go:489.56,495.3 2 1
goldbox-rpg/pkg/server/handlers.go:498.2,498.53 1 1
goldbox-rpg/pkg/server/handlers.go:498.53,507.3 2 0
goldbox-rpg/pkg/server/handlers.go:509.2,509.12 1 1
goldbox-rpg/pkg/server/handlers.go:513.108,515.16 2 1
goldbox-rpg/pkg/server/handlers.go:515.16,522.3 2 0
goldbox-rpg/pkg/server/handlers.go:525.2,525.33 1 1
goldbox-rpg/pkg/server/handlers.go:525.33,532.3 2 1
goldbox-rpg/pkg/server/handlers.go:534.2,534.19 1 0
goldbox-rpg/pkg/server/handlers.go:538.140,547.16 3 0
goldbox-rpg/pkg/server/handlers.go:547.16,554.3 2 0
goldbox-rpg/pkg/server/handlers.go:556.2,556.20 1 0
goldbox-rpg/pkg/server/handlers.go:560.77,562.37 1 0
goldbox-rpg/pkg/server/handlers.go:562.37,564.3 1 0
goldbox-rpg/pkg/server/handlers.go:566.2,566.55 1 0
goldbox-rpg/pkg/server/handlers.go:566.55,573.3 2 0
goldbox-rpg/pkg/server/handlers.go:575.2,582.12 2 0
goldbox-rpg/pkg/server/handlers.go:604.84,614.53 3 1
goldbox-rpg/pkg/server/handlers.go:614.53,620.3 2 1
goldbox-rpg/pkg/server/handlers.go:622.2,622.36 1 1
goldbox-rpg/pkg/server/handlers.go:622.36,627.3 2 0
goldbox-rpg/pkg/server/handlers.go:630.2,631.28 2 1
goldbox-rpg/pkg/server/handlers.go:631.28,633.84 2 1
goldbox-rpg/pkg/server/handlers.go:633.84,640.4 2 0
goldbox-rpg/pkg/server/handlers.go:641.3,641.17 1 1
goldbox-rpg/pkg/server/handlers.go:644.2,650.68 3 1
goldbox-rpg/pkg/server/handlers.go:650.68,656.3 2 1
goldbox-rpg/pkg/server/handlers.go:659.2,660.43 2 0
goldbox-rpg/pkg/server/handlers.go:660.43,661.38 1 0
goldbox-rpg/pkg/server/handlers.go:661.38,662.72 1 0
goldbox-rpg/pkg/server/handlers.go:662.72,669.10 3 0
goldbox-rpg/pkg/server/handlers.go:673.2,709.8 6 0
goldbox-rpg/pkg/server/handlers.go:731.80,740.53 3 1
goldbox-rpg/pkg/server/handlers.go:740.53,746.3 2 1
goldbox-rpg/pkg/server/handlers.go:748.2,749.13 2 1
goldbox-rpg/pkg/server/handlers.go:749.13,755.3 2 1
goldbox-rpg/pkg/server/handlers.go:756.2,758.37 2 1
goldbox-rpg/pkg/server/handlers.go:758.37,763.3 2 0
goldbox-rpg/pkg/server/handlers.go:765.2,765.64 1 1
goldbox-rpg/pkg/server/handlers.go:765.64,771.3 2 0
goldbox-rpg/pkg/server/handlers.go:773.2,786.20 5 1
goldbox-rpg/pkg/server/handlers.go:786.20,788.42 2 1
goldbox-rpg/pkg/server/handlers.go:788.42,789.75 1 1
goldbox-rpg/pkg/server/handlers.go:789.75,796.10 3 1
goldbox-rpg/pkg/server/handlers.go:799.3,799.17 1 1
goldbox-rpg/pkg/server/handlers.go:802.2,802.43 1 1
goldbox-rpg/pkg/server/handlers.go:802.43,807.3 2 0
goldbox-rpg/pkg/server/handlers.go:810.2,827.8 3 1
goldbox-rpg/pkg/server/handlers.go:902.85,912.53 4 1
goldbox-rpg/pkg/server/handlers.go:912.53,915.3 2 1
goldbox-rpg/pkg/server/handlers.go:918.2,919.16 2 1
goldbox-rpg/pkg/server/handlers.go:919.16,922.3 2 1
goldbox-rpg/pkg/server/handlers.go:923.2,927.18 3 1
goldbox-rpg/pkg/server/handlers.go:927.18,930.3 2 0
goldbox-rpg/pkg/server/handlers.go:933.2,936.19 3 1
goldbox-rpg/pkg/server/handlers.go:940.89,946.27 2 1
goldbox-rpg/pkg/server/handlers.go:946.27,968.3 3 1
goldbox-rpg/pkg/server/handlers.go:970.2,970.19 1 1
goldbox-rpg/pkg/server/handlers.go:1000.84,1013.53 3 1
goldbox-rpg/pkg/server/handlers.go:1013.53,1019.3 2 1
goldbox-rpg/pkg/server/handlers.go:1021.2,1022.13 2 1
goldbox-rpg/pkg/server/handlers.go:1022.13,1028.3 2 1
goldbox-rpg/pkg/server/handlers.go:1031.2,1041.13 5 0
goldbox-rpg/pkg/server/handlers.go:1041.13,1047.3 2 0
goldbox-rpg/pkg/server/handlers.go:1049.2,1050.9 2 0
goldbox-rpg/pkg/server/handlers.go:1050.9,1056.3 2 0
goldbox-rpg/pkg/server/handlers.go:1058.2,1058.55 1 0
goldbox-rpg/pkg/server/handlers.go:1058.55,1064.3 2 0
goldbox-rpg/pkg/server/handlers.go:1066.2,1078.8 3 0
goldbox-rpg/pkg/server/handlers.go:1083.81,1092.53 3 1
goldbox-rpg/pkg/server/handlers.go:1092.53,1098.3 2 0
goldbox-rpg/pkg/server/handlers.go:1100.2,1100.26 1 1
goldbox-rpg/pkg/server/handlers.go:1100.26,1105.3 2 1
goldbox-rpg/pkg/server/handlers.go:1108.2,1135.8 9 1
goldbox-rpg/pkg/server/handlers.go:1162.88,1168.16 3 1
goldbox-rpg/pkg/server/handlers.go:1168.16,1170.3 1 0
goldbox-rpg/pkg/server/handlers.go:1172.2,1173.16 2 1
goldbox-rpg/pkg/server/handlers.go:1173.16,1175.3 1 1
goldbox-rpg/pkg/server/handlers.go:1177.2,1178.21 2 1
goldbox-rpg/pkg/server/handlers.go:1178.21,1188.3 2 1
goldbox-rpg/pkg/server/handlers.go:1190.2,1209.8 3 1
goldbox-rpg/pkg/server/handlers.go:1223.108,1225.53 2 1
goldbox-rpg/pkg/server/handlers.go:1225.53,1231.3 2 0
goldbox-rpg/pkg/server/handlers.go:1232.2,1232.18 1 1
goldbox-rpg/pkg/server/handlers.go:1236.110,1247.13 3 1
goldbox-rpg/pkg/server/handlers.go:1247.13,1253.3 2 1
goldbox-rpg/pkg/server/handlers.go:1255.2,1255.27 1 1
goldbox-rpg/pkg/server/handlers.go:1255.27,1265.3 2 1
goldbox-rpg/pkg/server/handlers.go:1267.2,1274.8 1 1
goldbox-rpg/pkg/server/handlers.go:1278.108,1282.2 3 1
goldbox-rpg/pkg/server/handlers.go:1285.86,1290.6 4 1
goldbox-rpg/pkg/server/handlers.go:1290.6,1292.50 2 1
goldbox-rpg/pkg/server/handlers.go:1292.50,1293.9 1 1
goldbox-rpg/pkg/server/handlers.go:1295.3,1298.62 1 0
goldbox-rpg/pkg/server/handlers.go:1301.2,1313.20 3 1
goldbox-rpg/pkg/server/handlers.go:1313.20,1315.3 1 1
goldbox-rpg/pkg/server/handlers.go:1317.2,1317.16 1 1
goldbox-rpg/pkg/server/handlers.go:1322.80,1327.13 4 1
goldbox-rpg/pkg/server/handlers.go:1327.13,1329.3 1 1
goldbox-rpg/pkg/server/handlers.go:1331.2,1331.27 1 1
goldbox-rpg/pkg/server/handlers.go:1331.27,1333.3 1 0
goldbox-rpg/pkg/server/handlers.go:1335.2,1335.21 1 1
goldbox-rpg/pkg/server/handlers.go:1346.101,1348.53 2 1
goldbox-rpg/pkg/server/handlers.go:1348.53,1354.3 2 1
goldbox-rpg/pkg/server/handlers.go:1356.2,1356.25 1 1
goldbox-rpg/pkg/server/handlers.go:1356.25,1361.3 2 0
goldbox-rpg/pkg/server/handlers.go:1363.2,1363.22 1 1
goldbox-rpg/pkg/server/handlers.go:1363.22,1368.3 2 0
goldbox-rpg/pkg/server/handlers.go:1370.2,1370.18 1 1
goldbox-rpg/pkg/server/handlers.go:1374.77,1375.36 1 1
goldbox-rpg/pkg/server/handlers.go:1375.36,1376.57 1 1
goldbox-rpg/pkg/server/handlers.go:1376.57,1382.4 2 1
goldbox-rpg/pkg/server/handlers.go:1384.2,1384.12 1 1
goldbox-rpg/pkg/server/handlers.go:1388.100,1390.17 2 1
goldbox-rpg/pkg/server/handlers.go:1390.17,1396.3 2 1
goldbox-rpg/pkg/server/handlers.go:1398.2,1399.20 2 1
goldbox-rpg/pkg/server/handlers.go:1399.20,1401.3 1 1
goldbox-rpg/pkg/server/handlers.go:1403.2,1403.31 1 1
goldbox-rpg/pkg/server/handlers.go:1403.31,1410.3 1 1
goldbox-rpg/pkg/server/handlers.go:1412.2,1412.20 1 1
goldbox-rpg/pkg/server/handlers.go:1436.80,1442.16 3 1
goldbox-rpg/pkg/server/handlers.go:1442.16,1444.3 1 1
goldbox-rpg/pkg/server/handlers.go:1446.2,1447.16 2 1
goldbox-rpg/pkg/server/handlers.go:1447.16,1449.3 1 1
goldbox-rpg/pkg/server/handlers.go:1451.2,1451.71 1 1
goldbox-rpg/pkg/server/handlers.go:1451.71,1453.3 1 1
goldbox-rpg/pkg/server/handlers.go:1455.2,1463.16 3 1
goldbox-rpg/pkg/server/handlers.go:1463.16,1469.3 2 1
goldbox-rpg/pkg/server/handlers.go:1471.2,1475.71 2 1
goldbox-rpg/pkg/server/handlers.go:1479.94,1480.50 1 0
goldbox-rpg/pkg/server/handlers.go:1480.50,1481.24 1 0
goldbox-rpg/pkg/server/handlers.go:1481.24,1483.4 1 0
goldbox-rpg/pkg/server/handlers.go:1485.2,1485.19 1 0
goldbox-rpg/pkg/server/handlers.go:1489.83,1494.53 2 1
goldbox-rpg/pkg/server/handlers.go:1494.53,1500.3 2 0
goldbox-rpg/pkg/server/handlers.go:1502.2,1502.25 1 1
goldbox-rpg/pkg/server/handlers.go:1502.25,1507.3 2 0
goldbox-rpg/pkg/server/handlers.go:1509.2,1509.27 1 1
goldbox-rpg/pkg/server/handlers.go:1513.89,1515.27 1 1
goldbox-rpg/pkg/server/handlers.go:1515.27,1516.48 1 0
goldbox-rpg/pkg/server/handlers.go:1516.48,1522.4 1 0
goldbox-rpg/pkg/server/handlers.go:1526.2,1526.31 1 1
goldbox-rpg/pkg/server/handlers.go:1530.71,1531.27 1 1
goldbox-rpg/pkg/server/handlers.go:1531.27,1533.69 1 1
goldbox-rpg/pkg/server/handlers.go:1533.69,1535.4 1 1
goldbox-rpg/pkg/server/handlers.go:1540.67,1545.13 4 1
goldbox-rpg/pkg/server/handlers.go:1545.13,1551.3 2 1
goldbox-rpg/pkg/server/handlers.go:1554.2,1567.12 5 1
goldbox-rpg/pkg/server/handlers.go:1586.82,1592.16 3 1
goldbox-rpg/pkg/server/handlers.go:1592.16,1594.3 1 0
goldbox-rpg/pkg/server/handlers.go:1596.2,1596.59 1 1
goldbox-rpg/pkg/server/handlers.go:1596.59,1598.3 1 1
goldbox-rpg/pkg/server/handlers.go:1600.2,1602.8 1 1
goldbox-rpg/pkg/server/handlers_equipment.go:31.82,42.53 3 1
goldbox-rpg/pkg/server/handlers_equipment.go:42.53,48.3 2 1
goldbox-rpg/pkg/server/handlers_equipment.go:51.2,52.16 2 1
goldbox-rpg/pkg/server/handlers_equipment.go:52.16,54.3 1 1
goldbox-rpg/pkg/server/handlers_equipment.go:56.2,60.16 3 1
goldbox-rpg/pkg/server/handlers_equipment.go:60.16,66.3 2 0
goldbox-rpg/pkg/server/handlers_equipment.go:69.2,70.66 2 1
goldbox-rpg/pkg/server/handlers_equipment.go:70.66,72.3 1 0
goldbox-rpg/pkg/server/handlers_equipment.go:75.2,75.59 1 1
goldbox-rpg/pkg/server/handlers_equipment.go:75.59,83.3 2 1
goldbox-rpg/pkg/server/handlers_equipment.go:86.2,102.25 4 1
goldbox-rpg/pkg/server/handlers_equipment.go:102.25,104.3 1 0
goldbox-rpg/pkg/server/handlers_equipment.go:106.2,106.22 1 1
goldbox-rpg/pkg/server/handlers_equipment.go:125.84,135.53 3 1
goldbox-rpg/pkg/server/handlers_equipment.go:135.53,141.3 2 1
goldbox-rpg/pkg/server/handlers_equipment.go:144.2,145.16 2 1
goldbox-rpg/pkg/server/handlers_equipment.go:145.16,147.3 1 1
goldbox-rpg/pkg/server/handlers_equipment.go:149.2,153.16 3 1
goldbox-rpg/pkg/server/handlers_equipment.go:153.16,159.3 2 0
goldbox-rpg/pkg/server/handlers_equipment.go:162.2,163.16 2 1
goldbox-rpg/pkg/server/handlers_equipment.go:163.16,173.3 2 0
goldbox-rpg/pkg/server/handlers_equipment.go:175.2,186.8 2 1
goldbox-rpg/pkg/server/handlers_equipment.go:203.85,212.53 3 1
goldbox-rpg/pkg/server/handlers_equipment.go:212.53,218.3 2 1
goldbox-rpg/pkg/server/handlers_equipment.go:221.2,222.16 2 1
goldbox-rpg/pkg/server/handlers_equipment.go:222.16,224.3 1 1
goldbox-rpg/pkg/server/handlers_equipment.go:226.2,234.40 5 1
goldbox-rpg/pkg/server/handlers_equipment.go:234.40,238.3 3 1
goldbox-rpg/pkg/server/handlers_equipment.go:241.2,255.8 3 1
goldbox-rpg/pkg/server/handlers_equipment.go:259.70,274.47 2 1
goldbox-rpg/pkg/server/handlers_equipment.go:274.47,276.3 1 1
goldbox-rpg/pkg/server/handlers_equipment.go:278.2,278.74 1 1
goldbox-rpg/pkg/server/handlers_equipment.go:282.60,295.45 2 1
goldbox-rpg/pkg/server/handlers_equipment.go:295.45,297.3 1 1
goldbox-rpg/pkg/server/handlers_equipment.go:299.2,299.18 1 0
goldbox-rpg/pkg/server/handlers_faction.go:32.91,36.53 3 1
goldbox-rpg/pkg/server/handlers_faction.go:36.53,38.3 1 0
goldbox-rpg/pkg/server/handlers_faction.go:40.2,41.16 2 1
goldbox-rpg/pkg/server/handlers_faction.go:41.16,44.17 2 1
goldbox-rpg/pkg/server/handlers_faction.go:44.17,46.4 1 1
goldbox-rpg/pkg/server/handlers_faction.go:49.2,52.8 1 1
goldbox-rpg/pkg/server/handlers_faction.go:56.92,62.53 3 0
goldbox-rpg/pkg/server/handlers_faction.go:62.53,64.3 1 0
goldbox-rpg/pkg/server/handlers_faction.go:66.2,72.8 2 0
goldbox-rpg/pkg/server/handlers_faction.go:76.83,80.53 3 1
goldbox-rpg/pkg/server/handlers_faction.go:80.53,82.3 1 0
goldbox-rpg/pkg/server/handlers_faction.go:85.2,86.16 2 1
goldbox-rpg/pkg/server/handlers_faction.go:86.16,88.17 2 1
goldbox-rpg/pkg/server/handlers_faction.go:88.17,90.4 1 0
goldbox-rpg/pkg/server/handlers_faction.go:93.2,93.98 1 1
goldbox-rpg/pkg/server/handlers_faction.go:93.98,95.3 1 0
goldbox-rpg/pkg/server/handlers_faction.go:97.2,100.8 1 1
goldbox-rpg/pkg/server/handlers_faction.go:104.83,108.53 3 0
goldbox-rpg/pkg/server/handlers_faction.go:108.53,110.3 1 0
goldbox-rpg/pkg/server/handlers_faction.go:112.2,112.86 1 0
goldbox-rpg/pkg/server/handlers_faction.go:112.86,114.3 1 0
goldbox-rpg/pkg/server/handlers_faction.go:116.2,119.8 1 0
goldbox-rpg/pkg/server/handlers_faction.go:123.84,127.53 3 0
goldbox-rpg/pkg/server/handlers_faction.go:127.53,129.3 1 0
goldbox-rpg/pkg/server/handlers_faction.go:131.2,131.87 1 0
goldbox-rpg/pkg/server/handlers_faction.go:131.87,133.3 1 0
goldbox-rpg/pkg/server/handlers_faction.go:135.2,138.8 1 0
goldbox-rpg/pkg/server/handlers_faction.go:142.88,146.53 3 1
goldbox-rpg/pkg/server/handlers_faction.go:146.53,148.3 1 0
goldbox-rpg/pkg/server/handlers_faction.go:151.2,152.16 2 1
goldbox-rpg/pkg/server/handlers_faction.go:152.16,154.17 2 1
goldbox-rpg/pkg/server/handlers_faction.go:154.17,156.4 1 0
goldbox-rpg/pkg/server/handlers_faction.go:159.2,159.91 1 1
goldbox-rpg/pkg/server/handlers_faction.go:159.91,161.3 1 0
goldbox-rpg/pkg/server/handlers_faction.go:163.2,166.8 1 1
goldbox-rpg/pkg/server/handlers_faction.go:170.87,174.53 3 0
goldbox-rpg/pkg/server/handlers_faction.go:174.53,176.3 1 0
goldbox-rpg/pkg/server/handlers_faction.go:178.2,178.90 1 0
goldbox-rpg/pkg/server/handlers_faction.go:178.90,180.3 1 0
goldbox-rpg/pkg/server/handlers_faction.go:182.2,185.8 1 0
goldbox-rpg/pkg/server/handlers_faction.go:189.86,193.53 3 0
goldbox-rpg/pkg/server/handlers_faction.go:193.53,195.3 1 0
goldbox-rpg/pkg/server/handlers_faction.go:197.2,197.89 1 0
goldbox-rpg/pkg/server/handlers_faction.go:197.89,199.3 1 0
goldbox-rpg/pkg/server/handlers_faction.go:201.2,204.8 1 0
goldbox-rpg/pkg/server/handlers_faction.go:208.82,212.53 3 1
goldbox-rpg/pkg/server/handlers_faction.go:212.53,214.3 1 0
goldbox-rpg/pkg/server/handlers_faction.go:217.2,218.16 2 1
goldbox-rpg/pkg/server/handlers_faction.go:218.16,220.17 2 1
goldbox-rpg/pkg/server/handlers_faction.go:220.17,222.4 1 0
goldbox-rpg/pkg/server/handlers_faction.go:225.2,225.94 1 1
goldbox-rpg/pkg/server/handlers_faction.go:225.94,227.3 1 0
goldbox-rpg/pkg/server/handlers_faction.go:229.2,232.8 1 1
goldbox-rpg/pkg/server/handlers_faction.go:236.91,240.53 3 1
goldbox-rpg/pkg/server/handlers_faction.go:240.53,242.3 1 0
goldbox-rpg/pkg/server/handlers_faction.go:245.2,246.16 2 1
goldbox-rpg/pkg/server/handlers_faction.go:246.16,248.17 2 1
goldbox-rpg/pkg/server/handlers_faction.go:248.17,250.4 1 0
goldbox-rpg/pkg/server/handlers_faction.go:253.2,253.93 1 1
goldbox-rpg/pkg/server/handlers_faction.go:253.93,255.3 1 0
goldbox-rpg/pkg/server/handlers_faction.go:257.2,260.8 1 1
goldbox-rpg/pkg/server/handlers_guild.go:49.84,53.53 3 1
goldbox-rpg/pkg/server/handlers_guild.go:53.53,55.3 1 0
goldbox-rpg/pkg/server/handlers_guild.go:57.2,58.16 2 1
goldbox-rpg/pkg/server/handlers_guild.go:58.16,60.3 1 1
goldbox-rpg/pkg/server/handlers_guild.go:61.2,65.16 4 1
goldbox-rpg/pkg/server/handlers_guild.go:65.16,67.3 1 0
goldbox-rpg/pkg/server/handlers_guild.go:69.2,73.8 1 1
goldbox-rpg/pkg/server/handlers_guild.go:77.81,81.53 3 1
goldbox-rpg/pkg/server/handlers_guild.go:81.53,83.3 1 0
goldbox-rpg/pkg/server/handlers_guild.go:85.2,86.16 2 1
goldbox-rpg/pkg/server/handlers_guild.go:86.16,88.3 1 1
goldbox-rpg/pkg/server/handlers_guild.go:90.2,93.8 1 1
goldbox-rpg/pkg/server/handlers_guild.go:97.90,103.53 3 0
goldbox-rpg/pkg/server/handlers_guild.go:103.53,105.3 1 0
goldbox-rpg/pkg/server/handlers_guild.go:107.2,108.16 2 0
goldbox-rpg/pkg/server/handlers_guild.go:108.16,110.3 1 0
goldbox-rpg/pkg/server/handlers_guild.go:111.2,115.16 4 0
goldbox-rpg/pkg/server/handlers_guild.go:115.16,121.3 1 0
goldbox-rpg/pkg/server/handlers_guild.go:123.2,126.8 1 0
goldbox-rpg/pkg/server/handlers_guild.go:130.82,134.53 3 0
goldbox-rpg/pkg/server/handlers_guild.go:134.53,136.3 1 0
goldbox-rpg/pkg/server/handlers_guild.go:138.2,139.16 2 0
goldbox-rpg/pkg/server/handlers_guild.go:139.16,141.3 1 0
goldbox-rpg/pkg/server/handlers_guild.go:142.2,145.90 3 0
goldbox-rpg/pkg/server/handlers_guild.go:145.90,147.3 1 0
goldbox-rpg/pkg/server/handlers_guild.go:149.2,152.8 1 0
goldbox-rpg/pkg/server/handlers_guild.go:156.83,162.53 3 0
goldbox-rpg/pkg/server/handlers_guild.go:162.53,164.3 1 0
goldbox-rpg/pkg/server/handlers_guild.go:166.2,167.16 2 0
goldbox-rpg/pkg/server/handlers_guild.go:167.16,169.3 1 0
goldbox-rpg/pkg/server/handlers_guild.go:170.2,173.63 3 0
goldbox-rpg/pkg/server/handlers_guild.go:173.63,175.3 1 0
goldbox-rpg/pkg/server/handlers_guild.go:177.2,180.8 1 0
goldbox-rpg/pkg/server/handlers_guild.go:184.88,188.53 3 0
goldbox-rpg/pkg/server/handlers_guild.go:188.53,190.3 1 0
goldbox-rpg/pkg/server/handlers_guild.go:192.2,193.16 2 0
goldbox-rpg/pkg/server/handlers_guild.go:193.16,195.3 1 0
goldbox-rpg/pkg/server/handlers_guild.go:196.2,199.87 3 0
goldbox-rpg/pkg/server/handlers_guild.go:199.87,201.3 1 0
goldbox-rpg/pkg/server/handlers_guild.go:203.2,206.8 1 0
goldbox-rpg/pkg/server/handlers_guild.go:210.91,214.53 3 0
goldbox-rpg/pkg/server/handlers_guild.go:214.53,216.3 1 0
goldbox-rpg/pkg/server/handlers_guild.go:218.2,219.16 2 0
goldbox-rpg/pkg/server/handlers_guild.go:219.16,221.3 1 0
goldbox-rpg/pkg/server/handlers_guild.go:222.2,225.92 3 0
goldbox-rpg/pkg/server/handlers_guild.go:225.92,227.3 1 0
goldbox-rpg/pkg/server/handlers_guild.go:229.2,232.8 1 0
goldbox-rpg/pkg/server/handlers_guild.go:236.90,240.53 3 0
goldbox-rpg/pkg/server/handlers_guild.go:240.53,242.3 1 0
goldbox-rpg/pkg/server/handlers_guild.go:244.2,245.16 2 0
goldbox-rpg/pkg/server/handlers_guild.go:245.16,247.3 1 0
goldbox-rpg/pkg/server/handlers_guild.go:248.2,251.90 3 0
goldbox-rpg/pkg/server/handlers_guild.go:251.90,253.3 1 0
goldbox-rpg/pkg/server/handlers_guild.go:255.2,258.8 1 0
goldbox-rpg/pkg/server/handlers_guild.go:262.85,266.53 3 0
goldbox-rpg/pkg/server/handlers_guild.go:266.53,268.3 1 0
goldbox-rpg/pkg/server/handlers_guild.go:270.2,271.16 2 0
goldbox-rpg/pkg/server/handlers_guild.go:271.16,273.3 1 0
goldbox-rpg/pkg/server/handlers_guild.go:274.2,277.85 3 0
goldbox-rpg/pkg/server/handlers_guild.go:277.85,279.3 1 0
goldbox-rpg/pkg/server/handlers_guild.go:281.2,284.8 1 0
goldbox-rpg/pkg/server/handlers_guild.go:288.86,292.53 3 0
goldbox-rpg/pkg/server/handlers_guild.go:292.53,294.3 1 0
goldbox-rpg/pkg/server/handlers_guild.go:296.2,297.16 2 0
goldbox-rpg/pkg/server/handlers_guild.go:297.16,299.3 1 0
goldbox-rpg/pkg/server/handlers_guild.go:300.2,303.86 3 0
goldbox-rpg/pkg/server/handlers_guild.go:303.86,305.3 1 0
goldbox-rpg/pkg/server/handlers_guild.go:307.2,310.8 1 0
goldbox-rpg/pkg/server/handlers_guild.go:314.83,324.2 3 1
goldbox-rpg/pkg/server/handlers_guild.go:327.92,331.53 3 0
goldbox-rpg/pkg/server/handlers_guild.go:331.53,333.3 1 0
goldbox-rpg/pkg/server/handlers_guild.go:335.2,336.16 2 0
goldbox-rpg/pkg/server/handlers_guild.go:336.16,338.3 1 0
goldbox-rpg/pkg/server/handlers_guild.go:339.2,342.105 3 0
goldbox-rpg/pkg/server/handlers_guild.go:342.105,344.3 1 0
goldbox-rpg/pkg/server/handlers_guild.go:346.2,349.8 1 0
goldbox-rpg/pkg/server/handlers_pcg.go:24.88,30.16 3 1
goldbox-rpg/pkg/server/handlers_pcg.go:30.16,32.3 1 0
goldbox-rpg/pkg/server/handlers_pcg.go:34.2,35.16 2 1
goldbox-rpg/pkg/server/handlers_pcg.go:35.16,37.3 1 0
goldbox-rpg/pkg/server/handlers_pcg.go:38.2,40.67 2 1
goldbox-rpg/pkg/server/handlers_pcg.go:40.67,42.3 1 0
goldbox-rpg/pkg/server/handlers_pcg.go:44.2,47.16 3 1
goldbox-rpg/pkg/server/handlers_pcg.go:47.16,49.3 1 0
goldbox-rpg/pkg/server/handlers_pcg.go:51.2,53.60 2 1
goldbox-rpg/pkg/server/handlers_pcg.go:57.110,60.53 2 1
goldbox-rpg/pkg/server/handlers_pcg.go:60.53,66.3 2 0
goldbox-rpg/pkg/server/handlers_pcg.go:68.2,68.18 1 1
goldbox-rpg/pkg/server/handlers_pcg.go:72.96,74.16 2 1
goldbox-rpg/pkg/server/handlers_pcg.go:74.16,76.3 1 0
goldbox-rpg/pkg/server/handlers_pcg.go:77.2,77.21 1 1
goldbox-rpg/pkg/server/handlers_pcg.go:81.94,82.27 1 1
goldbox-rpg/pkg/server/handlers_pcg.go:82.27,84.3 1 0
goldbox-rpg/pkg/server/handlers_pcg.go:86.2,86.26 1 1
goldbox-rpg/pkg/server/handlers_pcg.go:86.26,88.3 1 0
goldbox-rpg/pkg/server/handlers_pcg.go:90.2,90.12 1 1
goldbox-rpg/pkg/server/handlers_pcg.go:94.83,95.25 1 1
goldbox-rpg/pkg/server/handlers_pcg.go:95.25,97.3 1 0
goldbox-rpg/pkg/server/handlers_pcg.go:101.98,106.42 4 1
goldbox-rpg/pkg/server/handlers_pcg.go:107.30,108.117 1 0
goldbox-rpg/pkg/server/handlers_pcg.go:109.28,110.129 1 0
goldbox-rpg/pkg/server/handlers_pcg.go:111.29,112.113 1 0
goldbox-rpg/pkg/server/handlers_pcg.go:113.29,114.108 1 1
goldbox-rpg/pkg/server/handlers_pcg.go:115.10,116.74 1 0
goldbox-rpg/pkg/server/handlers_pcg.go:119.2,119.16 1 1
goldbox-rpg/pkg/server/handlers_pcg.go:119.16,121.3 1 0
goldbox-rpg/pkg/server/handlers_pcg.go:123.2,123.21 1 1
goldbox-rpg/pkg/server/handlers_pcg.go:127.80,135.2 1 1
goldbox-rpg/pkg/server/handlers_pcg.go:138.127,146.2 1 1
goldbox-rpg/pkg/server/handlers_pcg.go:161.114,164.53 2 0
goldbox-rpg/pkg/server/handlers_pcg.go:164.53,170.3 2 0
goldbox-rpg/pkg/server/handlers_pcg.go:172.2,172.18 1 0
goldbox-rpg/pkg/server/handlers_pcg.go:176.95,178.16 2 0
goldbox-rpg/pkg/server/handlers_pcg.go:178.16,180.3 1 0
goldbox-rpg/pkg/server/handlers_pcg.go:181.2,183.26 2 0
goldbox-rpg/pkg/server/handlers_pcg.go:183.26,185.3 1 0
goldbox-rpg/pkg/server/handlers_pcg.go:187.2,187.12 1 0
goldbox-rpg/pkg/server/handlers_pcg.go:191.87,192.20 1 0
goldbox-rpg/pkg/server/handlers_pcg.go:192.20,194.3 1 0
goldbox-rpg/pkg/server/handlers_pcg.go:195.2,195.21 1 0
goldbox-rpg/pkg/server/handlers_pcg.go:195.21,197.3 1 0
goldbox-rpg/pkg/server/handlers_pcg.go:198.2,198.25 1 0
goldbox-rpg/pkg/server/handlers_pcg.go:198.25,200.3 1 0
goldbox-rpg/pkg/server/handlers_pcg.go:201.2,201.22 1 0
goldbox-rpg/pkg/server/handlers_pcg.go:201.22,203.3 1 0
goldbox-rpg/pkg/server/handlers_pcg.go:204.2,204.25 1 0
goldbox-rpg/pkg/server/handlers_pcg.go:204.25,206.3 1 0
goldbox-rpg/pkg/server/handlers_pcg.go:207.2,207.28 1 0
goldbox-rpg/pkg/server/handlers_pcg.go:207.28,209.3 1 0
goldbox-rpg/pkg/server/handlers_pcg.go:213.100,218.16 4 0
goldbox-rpg/pkg/server/handlers_pcg.go:218.16,220.3 1 0
goldbox-rpg/pkg/server/handlers_pcg.go:222.2,222.21 1 0
goldbox-rpg/pkg/server/handlers_pcg.go:226.84,235.2 1 0
goldbox-rpg/pkg/server/handlers_pcg.go:238.131,247.2 1 0
goldbox-rpg/pkg/server/handlers_pcg.go:250.90,256.16 3 0
goldbox-rpg/pkg/server/handlers_pcg.go:256.16,258.3 1 0
goldbox-rpg/pkg/server/handlers_pcg.go:260.2,260.66 1 0
goldbox-rpg/pkg/server/handlers_pcg.go:260.66,262.3 1 0
goldbox-rpg/pkg/server/handlers_pcg.go:264.2,267.16 3 0
goldbox-rpg/pkg/server/handlers_pcg.go:267.16,269.3 1 0
goldbox-rpg/pkg/server/handlers_pcg.go:271.2,273.62 2 0
goldbox-rpg/pkg/server/handlers_pcg.go:277.86,292.53 3 1
goldbox-rpg/pkg/server/handlers_pcg.go:292.53,298.3 2 0
goldbox-rpg/pkg/server/handlers_pcg.go:299.2,300.16 2 1
goldbox-rpg/pkg/server/handlers_pcg.go:300.16,302.3 1 0
goldbox-rpg/pkg/server/handlers_pcg.go:303.2,305.26 2 1
goldbox-rpg/pkg/server/handlers_pcg.go:305.26,307.3 1 0
goldbox-rpg/pkg/server/handlers_pcg.go:310.2,310.20 1 1
goldbox-rpg/pkg/server/handlers_pcg.go:310.20,312.3 1 0
goldbox-rpg/pkg/server/handlers_pcg.go:313.2,313.25 1 1
goldbox-rpg/pkg/server/handlers_pcg.go:313.25,315.3 1 0
goldbox-rpg/pkg/server/handlers_pcg.go:316.2,316.25 1 1
goldbox-rpg/pkg/server/handlers_pcg.go:316.25,318.3 1 0
goldbox-rpg/pkg/server/handlers_pcg.go:319.2,319.26 1 1
goldbox-rpg/pkg/server/handlers_pcg.go:319.26,321.3 1 0
goldbox-rpg/pkg/server/handlers_pcg.go:323.2,330.16 5 1
goldbox-rpg/pkg/server/handlers_pcg.go:330.16,332.3 1 0
goldbox-rpg/pkg/server/handlers_pcg.go:334.2,348.8 2 1
goldbox-rpg/pkg/server/handlers_pcg.go:363.106,365.53 2 0
goldbox-rpg/pkg/server/handlers_pcg.go:365.53,371.3 2 0
goldbox-rpg/pkg/server/handlers_pcg.go:372.2,372.18 1 0
goldbox-rpg/pkg/server/handlers_pcg.go:376.76,378.16 2 0
goldbox-rpg/pkg/server/handlers_pcg.go:378.16,380.3 1 0
goldbox-rpg/pkg/server/handlers_pcg.go:381.2,382.12 2 0
goldbox-rpg/pkg/server/handlers_pcg.go:386.79,387.20 1 0
goldbox-rpg/pkg/server/handlers_pcg.go:387.20,389.3 1 0
goldbox-rpg/pkg/server/handlers_pcg.go:390.2,390.21 1 0
goldbox-rpg/pkg/server/handlers_pcg.go:390.21,392.3 1 0
goldbox-rpg/pkg/server/handlers_pcg.go:393.2,393.24 1 0
goldbox-rpg/pkg/server/handlers_pcg.go:393.24,395.3 1 0
goldbox-rpg/pkg/server/handlers_pcg.go:396.2,396.21 1 0
goldbox-rpg/pkg/server/handlers_pcg.go:396.21,398.3 1 0
goldbox-rpg/pkg/server/handlers_pcg.go:399.2,399.25 1 0
goldbox-rpg/pkg/server/handlers_pcg.go:399.25,401.3 1 0
goldbox-rpg/pkg/server/handlers_pcg.go:402.2,402.29 1 0
goldbox-rpg/pkg/server/handlers_pcg.go:402.29,404.3 1 0
goldbox-rpg/pkg/server/handlers_pcg.go:408.94,413.16 4 0
goldbox-rpg/pkg/server/handlers_pcg.go:413.16,415.3 1 0
goldbox-rpg/pkg/server/handlers_pcg.go:417.2,417.19 1 0
goldbox-rpg/pkg/server/handlers_pcg.go:421.121,442.2 2 0
goldbox-rpg/pkg/server/handlers_pcg.go:445.86,451.16 3 0
goldbox-rpg/pkg/server/handlers_pcg.go:451.16,453.3 1 0
goldbox-rpg/pkg/server/handlers_pcg.go:455.2,455.72 1 0
goldbox-rpg/pkg/server/handlers_pcg.go:455.72,457.3 1 0
goldbox-rpg/pkg/server/handlers_pcg.go:459.2,462.16 3 0
goldbox-rpg/pkg/server/handlers_pcg.go:462.16,464.3 1 0
goldbox-rpg/pkg/server/handlers_pcg.go:466.2,466.56 1 0
goldbox-rpg/pkg/server/handlers_pcg.go:481.86,487.16 3 0
goldbox-rpg/pkg/server/handlers_pcg.go:487.16,489.3 1 0
goldbox-rpg/pkg/server/handlers_pcg.go:491.2,491.72 1 0
goldbox-rpg/pkg/server/handlers_pcg.go:491.72,493.3 1 0
goldbox-rpg/pkg/server/handlers_pcg.go:495.2,498.16 3 0
goldbox-rpg/pkg/server/handlers_pcg.go:498.16,500.3 1 0
goldbox-rpg/pkg/server/handlers_pcg.go:502.2,504.56 2 0
goldbox-rpg/pkg/server/handlers_pcg.go:508.104,511.53 2 0
goldbox-rpg/pkg/server/handlers_pcg.go:511.53,517.3 2 0
goldbox-rpg/pkg/server/handlers_pcg.go:519.2,519.18 1 0
goldbox-rpg/pkg/server/handlers_pcg.go:523.76,525.16 2 0
goldbox-rpg/pkg/server/handlers_pcg.go:525.16,527.3 1 0
goldbox-rpg/pkg/server/handlers_pcg.go:528.2,529.12 2 0
goldbox-rpg/pkg/server/handlers_pcg.go:533.77,534.25 1 0
goldbox-rpg/pkg/server/handlers_pcg.go:534.25,536.3 1 0
goldbox-rpg/pkg/server/handlers_pcg.go:537.2,537.25 1 0
goldbox-rpg/pkg/server/handlers_pcg.go:537.25,539.3 1 0
goldbox-rpg/pkg/server/handlers_pcg.go:540.2,540.28 1 0
goldbox-rpg/pkg/server/handlers_pcg.go:540.28,542.3 1 0
goldbox-rpg/pkg/server/handlers_pcg.go:543.2,543.28 1 0
goldbox-rpg/pkg/server/handlers_pcg.go:543.28,545.3 1 0
goldbox-rpg/pkg/server/handlers_pcg.go:546.2,546.26 1 0
goldbox-rpg/pkg/server/handlers_pcg.go:546.26,548.3 1 0
goldbox-rpg/pkg/server/handlers_pcg.go:549.2,549.29 1 0
goldbox-rpg/pkg/server/handlers_pcg.go:549.29,551.3 1 0
goldbox-rpg/pkg/server/handlers_pcg.go:555.92,560.16 4 0
goldbox-rpg/pkg/server/handlers_pcg.go:560.16,562.3 1 0
goldbox-rpg/pkg/server/handlers_pcg.go:564.2,564.19 1 0
goldbox-rpg/pkg/server/handlers_pcg.go:568.93,576.2 1 0
goldbox-rpg/pkg/server/handlers_pcg.go:579.119,590.2 1 0
goldbox-rpg/pkg/server/handlers_pcg.go:593.84,602.53 3 1
goldbox-rpg/pkg/server/handlers_pcg.go:602.53,608.3 2 0
goldbox-rpg/pkg/server/handlers_pcg.go:610.2,611.16 2 1
goldbox-rpg/pkg/server/handlers_pcg.go:611.16,613.3 1 0
goldbox-rpg/pkg/server/handlers_pcg.go:614.2,627.8 4 1
goldbox-rpg/pkg/server/handlers_pcg.go:631.88,643.53 3 1
goldbox-rpg/pkg/server/handlers_pcg.go:643.53,649.3 2 0
goldbox-rpg/pkg/server/handlers_pcg.go:651.2,652.16 2 1
goldbox-rpg/pkg/server/handlers_pcg.go:652.16,654.3 1 0
goldbox-rpg/pkg/server/handlers_pcg.go:655.2,657.27 2 1
goldbox-rpg/pkg/server/handlers_pcg.go:657.27,659.3 1 0
goldbox-rpg/pkg/server/handlers_pcg.go:661.2,661.24 1 1
goldbox-rpg/pkg/server/handlers_pcg.go:661.24,663.3 1 0
goldbox-rpg/pkg/server/handlers_pcg.go:666.2,667.16 2 1
goldbox-rpg/pkg/server/handlers_pcg.go:667.16,669.3 1 0
goldbox-rpg/pkg/server/handlers_pcg.go:671.2,685.8 2 1
goldbox-rpg/pkg/server/handlers_quest.go:27.83,38.53 4 1
goldbox-rpg/pkg/server/handlers_quest.go:38.53,43.3 2 1
goldbox-rpg/pkg/server/handlers_quest.go:46.2,47.16 2 1
goldbox-rpg/pkg/server/handlers_quest.go:47.16,53.3 2 1
goldbox-rpg/pkg/server/handlers_quest.go:56.2,56.61 1 0
goldbox-rpg/pkg/server/handlers_quest.go:56.61,62.3 2 0
goldbox-rpg/pkg/server/handlers_quest.go:64.2,73.8 2 0
goldbox-rpg/pkg/server/handlers_quest.go:91.86,98.16 4 1
goldbox-rpg/pkg/server/handlers_quest.go:98.16,100.3 1 0
goldbox-rpg/pkg/server/handlers_quest.go:102.2,103.16 2 1
goldbox-rpg/pkg/server/handlers_quest.go:103.16,106.3 2 0
goldbox-rpg/pkg/server/handlers_quest.go:108.2,109.16 2 1
goldbox-rpg/pkg/server/handlers_quest.go:109.16,112.3 2 0
goldbox-rpg/pkg/server/handlers_quest.go:114.2,114.82 1 1
goldbox-rpg/pkg/server/handlers_quest.go:114.82,116.3 1 0
goldbox-rpg/pkg/server/handlers_quest.go:118.2,130.8 3 1
goldbox-rpg/pkg/server/handlers_quest.go:140.102,142.53 2 1
goldbox-rpg/pkg/server/handlers_quest.go:142.53,147.3 2 0
goldbox-rpg/pkg/server/handlers_quest.go:148.2,148.18 1 1
goldbox-rpg/pkg/server/handlers_quest.go:152.110,153.33 1 1
goldbox-rpg/pkg/server/handlers_quest.go:153.33,155.22 2 1
goldbox-rpg/pkg/server/handlers_quest.go:156.14,157.58 1 1
goldbox-rpg/pkg/server/handlers_quest.go:158.15,159.46 1 1
goldbox-rpg/pkg/server/handlers_quest.go:160.15,161.52 1 1
goldbox-rpg/pkg/server/handlers_quest.go:162.11,167.44 1 0
goldbox-rpg/pkg/server/handlers_quest.go:169.3,169.17 1 1
goldbox-rpg/pkg/server/handlers_quest.go:169.17,171.4 1 0
goldbox-rpg/pkg/server/handlers_quest.go:173.2,173.12 1 1
goldbox-rpg/pkg/server/handlers_quest.go:177.111,185.66 2 1
goldbox-rpg/pkg/server/handlers_quest.go:185.66,188.3 2 0
goldbox-rpg/pkg/server/handlers_quest.go:189.2,190.12 2 1
goldbox-rpg/pkg/server/handlers_quest.go:194.99,204.2 3 1
goldbox-rpg/pkg/server/handlers_quest.go:207.105,208.25 1 1
goldbox-rpg/pkg/server/handlers_quest.go:208.25,210.3 1 0
goldbox-rpg/pkg/server/handlers_quest.go:212.2,224.66 3 1
goldbox-rpg/pkg/server/handlers_quest.go:224.66,227.3 2 0
goldbox-rpg/pkg/server/handlers_quest.go:228.2,229.12 2 1
goldbox-rpg/pkg/server/handlers_quest.go:249.88,262.53 4 1
goldbox-rpg/pkg/server/handlers_quest.go:262.53,267.3 2 1
goldbox-rpg/pkg/server/handlers_quest.go:270.2,271.16 2 1
goldbox-rpg/pkg/server/handlers_quest.go:271.16,277.3 2 1
goldbox-rpg/pkg/server/handlers_quest.go:280.2,280.107 1 0
goldbox-rpg/pkg/server/handlers_quest.go:280.107,287.3 2 0
goldbox-rpg/pkg/server/handlers_quest.go:289.2,302.8 2 0
goldbox-rpg/pkg/server/handlers_quest.go:319.82,330.53 4 1
goldbox-rpg/pkg/server/handlers_quest.go:330.53,335.3 2 1
goldbox-rpg/pkg/server/handlers_quest.go:338.2,339.16 2 1
goldbox-rpg/pkg/server/handlers_quest.go:339.16,345.3 2 1
goldbox-rpg/pkg/server/handlers_quest.go:348.2,348.62 1 0
goldbox-rpg/pkg/server/handlers_quest.go:348.62,354.3 2 0
goldbox-rpg/pkg/server/handlers_quest.go:356.2,365.8 2 0
goldbox-rpg/pkg/server/handlers_quest.go:382.81,393.53 4 1
goldbox-rpg/pkg/server/handlers_quest.go:393.53,398.3 2 1
goldbox-rpg/pkg/server/handlers_quest.go:401.2,402.16 2 1
goldbox-rpg/pkg/server/handlers_quest.go:402.16,408.3 2 1
goldbox-rpg/pkg/server/handlers_quest.go:411.2,412.16 2 0
goldbox-rpg/pkg/server/handlers_quest.go:412.16,418.3 2 0
goldbox-rpg/pkg/server/handlers_quest.go:420.2,428.8 2 0
goldbox-rpg/pkg/server/handlers_quest.go:443.88,453.53 4 1
goldbox-rpg/pkg/server/handlers_quest.go:453.53,458.3 2 1
goldbox-rpg/pkg/server/handlers_quest.go:461.2,462.16 2 1
goldbox-rpg/pkg/server/handlers_quest.go:462.16,468.3 2 1
goldbox-rpg/pkg/server/handlers_quest.go:471.2,482.8 3 0
goldbox-rpg/pkg/server/handlers_quest.go:497.91,507.53 4 1
goldbox-rpg/pkg/server/handlers_quest.go:507.53,512.3 2 1
goldbox-rpg/pkg/server/handlers_quest.go:515.2,516.16 2 1
goldbox-rpg/pkg/server/handlers_quest.go:516.16,522.3 2 1
goldbox-rpg/pkg/server/handlers_quest.go:525.2,536.8 3 0
goldbox-rpg/pkg/server/handlers_quest.go:551.84,561.53 4 1
goldbox-rpg/pkg/server/handlers_quest.go:561.53,566.3 2 1
goldbox-rpg/pkg/server/handlers_quest.go:569.2,570.16 2 1
goldbox-rpg/pkg/server/handlers_quest.go:570.16,576.3 2 1
goldbox-rpg/pkg/server/handlers_quest.go:579.2,590.8 3 0
goldbox-rpg/pkg/server/handlers_spatial.go:29.90,42.53 3 1
goldbox-rpg/pkg/server/handlers_spatial.go:42.53,48.3 2 0
goldbox-rpg/pkg/server/handlers_spatial.go:50.2,51.13 2 1
goldbox-rpg/pkg/server/handlers_spatial.go:51.13,57.3 2 1
goldbox-rpg/pkg/server/handlers_spatial.go:59.2,82.8 5 1
goldbox-rpg/pkg/server/handlers_spatial.go:102.91,114.53 3 1
goldbox-rpg/pkg/server/handlers_spatial.go:114.53,120.3 2 0
goldbox-rpg/pkg/server/handlers_spatial.go:122.2,123.13 2 1
goldbox-rpg/pkg/server/handlers_spatial.go:123.13,129.3 2 0
goldbox-rpg/pkg/server/handlers_spatial.go:131.2,147.8 5 1
goldbox-rpg/pkg/server/handlers_spatial.go:167.90,179.53 3 1
goldbox-rpg/pkg/server/handlers_spatial.go:179.53,185.3 2 0
goldbox-rpg/pkg/server/handlers_spatial.go:187.2,188.13 2 1
goldbox-rpg/pkg/server/handlers_spatial.go:188.13,194.3 2 0
goldbox-rpg/pkg/server/handlers_spatial.go:196.2,212.8 5 1
goldbox-rpg/pkg/server/handlers_spatial.go:234.81,247.53 3 0
goldbox-rpg/pkg/server/handlers_spatial.go:247.53,253.3 2 0
goldbox-rpg/pkg/server/handlers_spatial.go:255.2,256.13 2 0
goldbox-rpg/pkg/server/handlers_spatial.go:256.13,262.3 2 0
goldbox-rpg/pkg/server/handlers_spatial.go:264.2,281.27 7 0
goldbox-rpg/pkg/server/handlers_spatial.go:281.27,287.3 1 0
goldbox-rpg/pkg/server/handlers_spatial.go:289.2,299.8 2 0
goldbox-rpg/pkg/server/handlers_spell.go:25.81,34.53 3 1
goldbox-rpg/pkg/server/handlers_spell.go:34.53,40.3 2 1
goldbox-rpg/pkg/server/handlers_spell.go:42.2,42.23 1 1
goldbox-rpg/pkg/server/handlers_spell.go:42.23,44.3 1 1
goldbox-rpg/pkg/server/handlers_spell.go:46.2,47.16 2 1
goldbox-rpg/pkg/server/handlers_spell.go:47.16,54.3 2 1
goldbox-rpg/pkg/server/handlers_spell.go:56.2,64.8 2 1
goldbox-rpg/pkg/server/handlers_spell.go:77.89,86.53 3 1
goldbox-rpg/pkg/server/handlers_spell.go:86.53,92.3 2 1
goldbox-rpg/pkg/server/handlers_spell.go:94.2,94.19 1 1
goldbox-rpg/pkg/server/handlers_spell.go:94.19,100.3 2 1
goldbox-rpg/pkg/server/handlers_spell.go:102.2,115.8 3 1
goldbox-rpg/pkg/server/handlers_spell.go:129.90,138.53 3 1
goldbox-rpg/pkg/server/handlers_spell.go:138.53,144.3 2 1
goldbox-rpg/pkg/server/handlers_spell.go:146.2,146.22 1 1
goldbox-rpg/pkg/server/handlers_spell.go:146.22,148.3 1 1
goldbox-rpg/pkg/server/handlers_spell.go:150.2,164.8 4 1
goldbox-rpg/pkg/server/handlers_spell.go:177.85,196.2 5 1
goldbox-rpg/pkg/server/handlers_spell.go:209.85,218.53 3 1
goldbox-rpg/pkg/server/handlers_spell.go:218.53,224.3 2 1
goldbox-rpg/pkg/server/handlers_spell.go:226.2,226.21 1 1
goldbox-rpg/pkg/server/handlers_spell.go:226.21,228.3 1 1
goldbox-rpg/pkg/server/handlers_spell.go:230.2,243.8 3 1
goldbox-rpg/pkg/server/health.go:19.26,21.43 1 1
goldbox-rpg/pkg/server/health.go:21.43,23.41 1 1
goldbox-rpg/pkg/server/health.go:23.41,24.37 1 0
goldbox-rpg/pkg/server/health.go:24.37,26.5 1 0
goldbox-rpg/pkg/server/health.go:29.3,29.64 1 1
goldbox-rpg/pkg/server/health.go:29.64,31.4 1 0
goldbox-rpg/pkg/server/health.go:33.2,33.16 1 1
goldbox-rpg/pkg/server/health.go:72.57,95.2 12 1
goldbox-rpg/pkg/server/health.go:98.118,102.2 3 1
goldbox-rpg/pkg/server/health.go:105.88,107.2 1 0
goldbox-rpg/pkg/server/health.go:110.78,118.37 3 1
goldbox-rpg/pkg/server/health.go:118.37,133.17 7 1
goldbox-rpg/pkg/server/health.go:133.17,141.32 4 1
goldbox-rpg/pkg/server/health.go:141.32,143.5 1 0
goldbox-rpg/pkg/server/health.go:145.4,150.35 1 1
goldbox-rpg/pkg/server/health.go:151.9,156.32 2 1
goldbox-rpg/pkg/server/health.go:156.32,158.5 1 1
goldbox-rpg/pkg/server/health.go:160.4,163.35 1 1
goldbox-rpg/pkg/server/health.go:166.3,166.52 1 1
goldbox-rpg/pkg/server/health.go:170.2,171.26 2 1
goldbox-rpg/pkg/server/health.go:172.28,173.40 1 1
goldbox-rpg/pkg/server/health.go:174.32,175.41 1 0
goldbox-rpg/pkg/server/health.go:176.31,177.42 1 1
goldbox-rpg/pkg/server/health.go:178.10,179.42 1 0
goldbox-rpg/pkg/server/health.go:182.2,184.17 2 1
goldbox-rpg/pkg/server/health.go:188.80,192.56 2 1
goldbox-rpg/pkg/server/health.go:192.56,194.3 1 1
goldbox-rpg/pkg/server/health.go:196.2,200.25 3 1
goldbox-rpg/pkg/server/health.go:201.27,202.29 1 1
goldbox-rpg/pkg/server/health.go:203.28,204.29 1 0
goldbox-rpg/pkg/server/health.go:205.29,206.45 1 0
goldbox-rpg/pkg/server/health.go:207.10,208.46 1 0
goldbox-rpg/pkg/server/health.go:211.2,214.60 3 1
goldbox-rpg/pkg/server/health.go:214.60,217.3 2 0
goldbox-rpg/pkg/server/health.go:221.83,226.46 3 1
goldbox-rpg/pkg/server/health.go:226.46,230.3 3 0
goldbox-rpg/pkg/server/health.go:232.2,233.26 2 1
goldbox-rpg/pkg/server/health.go:237.82,241.2 2 1
goldbox-rpg/pkg/server/health.go:245.65,246.22 1 1
goldbox-rpg/pkg/server/health.go:246.22,248.3 1 0
goldbox-rpg/pkg/server/health.go:251.2,251.9 1 1
goldbox-rpg/pkg/server/health.go:252.24,253.74 1 0
goldbox-rpg/pkg/server/health.go:254.10,254.10 0 1
goldbox-rpg/pkg/server/health.go:258.2,258.12 1 1
goldbox-rpg/pkg/server/health.go:261.68,262.48 1 1
goldbox-rpg/pkg/server/health.go:262.48,264.3 1 1
goldbox-rpg/pkg/server/health.go:267.2,270.39 3 1
goldbox-rpg/pkg/server/health.go:270.39,272.3 1 0
goldbox-rpg/pkg/server/health.go:274.2,274.12 1 1
goldbox-rpg/pkg/server/health.go:277.71,278.55 1 1
goldbox-rpg/pkg/server/health.go:278.55,280.3 1 1
goldbox-rpg/pkg/server/health.go:283.2,284.21 2 1
goldbox-rpg/pkg/server/health.go:284.21,286.3 1 0
goldbox-rpg/pkg/server/health.go:288.2,288.12 1 1
goldbox-rpg/pkg/server/health.go:291.70,292.51 1 1
goldbox-rpg/pkg/server/health.go:292.51,294.3 1 1
goldbox-rpg/pkg/server/health.go:297.2,297.12 1 1
goldbox-rpg/pkg/server/health.go:300.69,301.53 1 1
goldbox-rpg/pkg/server/health.go:301.53,303.3 1 1
goldbox-rpg/pkg/server/health.go:306.2,307.21 2 1
goldbox-rpg/pkg/server/health.go:307.21,309.3 1 0
goldbox-rpg/pkg/server/health.go:312.2,313.20 2 1
goldbox-rpg/pkg/server/health.go:313.20,315.3 1 0
goldbox-rpg/pkg/server/health.go:318.2,319.18 2 1
goldbox-rpg/pkg/server/health.go:319.18,321.3 1 0
goldbox-rpg/pkg/server/health.go:323.2,323.12 1 1
goldbox-rpg/pkg/server/health.go:326.75,327.52 1 1
goldbox-rpg/pkg/server/health.go:327.52,329.3 1 1
goldbox-rpg/pkg/server/health.go:333.2,337.16 2 1
goldbox-rpg/pkg/server/health.go:337.16,339.3 1 0
goldbox-rpg/pkg/server/health.go:341.2,341.12 1 1
goldbox-rpg/pkg/server/health.go:344.74,347.22 2 1
goldbox-rpg/pkg/server/health.go:347.22,349.3 1 0
goldbox-rpg/pkg/server/health.go:352.2,353.18 2 1
goldbox-rpg/pkg/server/health.go:353.18,355.3 1 0
goldbox-rpg/pkg/server/health.go:357.2,357.12 1 1
goldbox-rpg/pkg/server/health.go:360.72,361.50 1 1
goldbox-rpg/pkg/server/health.go:361.50,363.3 1 1
goldbox-rpg/pkg/server/health.go:367.2,367.12 1 1
goldbox-rpg/pkg/server/health.go:370.72,371.49 1 1
goldbox-rpg/pkg/server/health.go:371.49,373.3 1 1
goldbox-rpg/pkg/server/health.go:376.2,376.38 1 1
goldbox-rpg/pkg/server/health.go:376.38,378.3 1 0
goldbox-rpg/pkg/server/health.go:380.2,380.12 1 1
goldbox-rpg/pkg/server/health.go:383.77,384.54 1 1
goldbox-rpg/pkg/server/health.go:384.54,386.3 1 1
goldbox-rpg/pkg/server/health.go:389.2,389.12 1 1
goldbox-rpg/pkg/server/metrics.go:52.28,65.2 9 1
goldbox-rpg/pkg/server/metrics.go:67.33,102.2 4 1
goldbox-rpg/pkg/server/metrics.go:104.39,127.2 3 1
goldbox-rpg/pkg/server/metrics.go:129.34,152.2 3 1
goldbox-rpg/pkg/server/metrics.go:154.36,213.2 8 1
goldbox-rpg/pkg/server/metrics.go:215.33,236.2 1 1
goldbox-rpg/pkg/server/metrics.go:239.45,244.2 1 1
goldbox-rpg/pkg/server/metrics.go:247.135,253.21 4 1
goldbox-rpg/pkg/server/metrics.go:253.21,255.3 1 1
goldbox-rpg/pkg/server/metrics.go:256.2,256.22 1 1
goldbox-rpg/pkg/server/metrics.go:256.22,258.3 1 1
goldbox-rpg/pkg/server/metrics.go:262.68,265.35 2 1
goldbox-rpg/pkg/server/metrics.go:265.35,267.3 1 1
goldbox-rpg/pkg/server/metrics.go:267.8,267.45 1 1
goldbox-rpg/pkg/server/metrics.go:267.45,269.3 1 1
goldbox-rpg/pkg/server/metrics.go:273.73,275.2 1 1
goldbox-rpg/pkg/server/metrics.go:278.65,280.2 1 1
goldbox-rpg/pkg/server/metrics.go:283.53,285.2 1 1
goldbox-rpg/pkg/server/metrics.go:288.51,290.2 1 1
goldbox-rpg/pkg/server/metrics.go:293.63,295.2 1 1
goldbox-rpg/pkg/server/metrics.go:298.39,305.2 5 1
goldbox-rpg/pkg/server/metrics.go:308.60,310.2 1 1
goldbox-rpg/pkg/server/metrics.go:313.43,315.2 1 1
goldbox-rpg/pkg/server/metrics.go:318.57,320.2 1 1
goldbox-rpg/pkg/server/metrics.go:323.39,328.2 3 1
goldbox-rpg/pkg/server/metrics.go:331.38,336.2 3 1
goldbox-rpg/pkg/server/metrics.go:339.69,340.71 1 1
goldbox-rpg/pkg/server/metrics.go:340.71,351.26 4 1
goldbox-rpg/pkg/server/metrics.go:351.26,353.4 1 1
goldbox-rpg/pkg/server/metrics.go:356.3,380.37 5 1
goldbox-rpg/pkg/server/metrics.go:391.56,394.2 2 1
goldbox-rpg/pkg/server/metrics.go:396.60,400.2 3 1
goldbox-rpg/pkg/server/metrics.go:403.74,404.58 1 0
goldbox-rpg/pkg/server/metrics.go:404.58,406.3 1 0
goldbox-rpg/pkg/server/metrics.go:407.2,407.109 1 0
goldbox-rpg/pkg/server/metrics.go:411.43,413.14 1 1
goldbox-rpg/pkg/server/metrics.go:414.11,415.16 1 1
goldbox-rpg/pkg/server/metrics.go:416.17,417.18 1 1
goldbox-rpg/pkg/server/metrics.go:418.16,419.17 1 0
goldbox-rpg/pkg/server/metrics.go:420.15,421.16 1 0
goldbox-rpg/pkg/server/metrics.go:422.18,423.19 1 0
goldbox-rpg/pkg/server/metrics.go:424.14,425.15 1 1
goldbox-rpg/pkg/server/metrics.go:426.13,427.21 1 0
goldbox-rpg/pkg/server/metrics.go:428.10,430.21 1 0
goldbox-rpg/pkg/server/metrics.go:430.21,432.4 1 0
goldbox-rpg/pkg/server/metrics.go:433.3,433.14 1 0
goldbox-rpg/pkg/server/middleware.go:17.58,18.71 1 1
goldbox-rpg/pkg/server/middleware.go:18.71,21.22 2 1
goldbox-rpg/pkg/server/middleware.go:21.22,24.4 1 1
goldbox-rpg/pkg/server/middleware.go:27.3,47.23 8 1
goldbox-rpg/pkg/server/middleware.go:52.56,53.71 1 1
goldbox-rpg/pkg/server/middleware.go:53.71,71.3 4 1
goldbox-rpg/pkg/server/middleware.go:75.57,76.71 1 1
goldbox-rpg/pkg/server/middleware.go:76.71,77.16 1 1
goldbox-rpg/pkg/server/middleware.go:77.16,78.36 1 1
goldbox-rpg/pkg/server/middleware.go:78.36,89.5 3 1
goldbox-rpg/pkg/server/middleware.go:91.3,91.23 1 1
goldbox-rpg/pkg/server/middleware.go:96.78,97.46 1 1
goldbox-rpg/pkg/server/middleware.go:97.46,98.72 1 1
goldbox-rpg/pkg/server/middleware.go:98.72,102.47 2 1
goldbox-rpg/pkg/server/middleware.go:102.47,104.5 1 1
goldbox-rpg/pkg/server/middleware.go:106.4,111.29 4 1
goldbox-rpg/pkg/server/middleware.go:111.29,114.5 2 1
goldbox-rpg/pkg/server/middleware.go:116.4,116.24 1 1
goldbox-rpg/pkg/server/middleware.go:124.62,126.60 1 1
goldbox-rpg/pkg/server/middleware.go:126.60,128.3 1 1
goldbox-rpg/pkg/server/middleware.go:130.2,130.59 1 1
goldbox-rpg/pkg/server/middleware.go:130.59,132.3 1 1
goldbox-rpg/pkg/server/middleware.go:134.2,134.49 1 1
goldbox-rpg/pkg/server/middleware.go:138.47,139.59 1 1
goldbox-rpg/pkg/server/middleware.go:139.59,141.3 1 1
goldbox-rpg/pkg/server/middleware.go:142.2,142.11 1 1
goldbox-rpg/pkg/server/middleware.go:146.47,147.57 1 1
goldbox-rpg/pkg/server/middleware.go:147.57,149.3 1 1
goldbox-rpg/pkg/server/middleware.go:150.2,150.11 1 1
goldbox-rpg/pkg/server/middleware.go:154.42,156.53 1 1
goldbox-rpg/pkg/server/middleware.go:156.53,158.51 1 1
goldbox-rpg/pkg/server/middleware.go:158.51,160.4 1 1
goldbox-rpg/pkg/server/middleware.go:162.2,162.47 1 1
goldbox-rpg/pkg/server/middleware.go:162.47,164.3 1 1
goldbox-rpg/pkg/server/middleware.go:167.2,167.65 1 1
goldbox-rpg/pkg/server/middleware.go:167.65,169.3 1 1
goldbox-rpg/pkg/server/middleware.go:172.2,172.21 1 1
goldbox-rpg/pkg/server/middleware.go:176.40,177.15 1 1
goldbox-rpg/pkg/server/middleware.go:177.15,179.3 1 1
goldbox-rpg/pkg/server/middleware.go:181.2,181.32 1 1
goldbox-rpg/pkg/server/middleware.go:181.32,182.20 1 1
goldbox-rpg/pkg/server/middleware.go:182.20,184.4 1 1
goldbox-rpg/pkg/server/middleware.go:186.2,186.24 1 1
goldbox-rpg/pkg/server/middleware.go:190.34,195.37 3 1
goldbox-rpg/pkg/server/middleware.go:195.37,197.3 1 1
goldbox-rpg/pkg/server/middleware.go:200.2,200.37 1 1
goldbox-rpg/pkg/server/middleware.go:200.37,202.3 1 1
goldbox-rpg/pkg/server/middleware.go:204.2,204.21 1 1
goldbox-rpg/pkg/server/middleware.go:208.67,209.30 1 1
goldbox-rpg/pkg/server/middleware.go:209.30,211.3 1 1
goldbox-rpg/pkg/server/middleware.go:213.2,213.41 1 1
goldbox-rpg/pkg/server/middleware.go:213.41,214.42 1 1
goldbox-rpg/pkg/server/middleware.go:214.42,216.4 1 1
goldbox-rpg/pkg/server/middleware.go:218.2,218.14 1 1
goldbox-rpg/pkg/server/middleware.go:227.61,230.2 2 1
goldbox-rpg/pkg/server/middleware.go:233.79,234.58 1 0
goldbox-rpg/pkg/server/middleware.go:234.58,236.3 1 0
goldbox-rpg/pkg/server/middleware.go:237.2,237.114 1 0
goldbox-rpg/pkg/server/movement.go:27.119,42.19 4 1
goldbox-rpg/pkg/server/movement.go:43.18,44.22 1 1
goldbox-rpg/pkg/server/movement.go:44.22,46.4 1 1
goldbox-rpg/pkg/server/movement.go:47.18,48.31 1 1
goldbox-rpg/pkg/server/movement.go:48.31,50.4 1 1
goldbox-rpg/pkg/server/movement.go:51.17,52.30 1 1
goldbox-rpg/pkg/server/movement.go:52.30,54.4 1 1
goldbox-rpg/pkg/server/movement.go:55.17,56.22 1 1
goldbox-rpg/pkg/server/movement.go:56.22,58.4 1 1
goldbox-rpg/pkg/server/movement.go:61.2,66.15 2 1
goldbox-rpg/pkg/server/movement.go:72.99,75.19 2 1
goldbox-rpg/pkg/server/movement.go:76.18,77.13 1 1
goldbox-rpg/pkg/server/movement.go:78.18,79.13 1 1
goldbox-rpg/pkg/server/movement.go:80.17,81.13 1 1
goldbox-rpg/pkg/server/movement.go:82.17,83.13 1 1
goldbox-rpg/pkg/server/movement.go:86.2,86.15 1 1
goldbox-rpg/pkg/server/openapi_validator.go:26.70,29.16 2 1
goldbox-rpg/pkg/server/openapi_validator.go:29.16,31.3 1 0
goldbox-rpg/pkg/server/openapi_validator.go:34.2,34.52 1 1
goldbox-rpg/pkg/server/openapi_validator.go:34.52,36.3 1 1
goldbox-rpg/pkg/server/openapi_validator.go:39.2,43.16 4 1
goldbox-rpg/pkg/server/openapi_validator.go:43.16,45.3 1 0
goldbox-rpg/pkg/server/openapi_validator.go:48.2,48.54 1 1
goldbox-rpg/pkg/server/openapi_validator.go:48.54,50.3 1 1
goldbox-rpg/pkg/server/openapi_validator.go:53.2,54.16 2 1
goldbox-rpg/pkg/server/openapi_validator.go:54.16,56.3 1 0
goldbox-rpg/pkg/server/openapi_validator.go:58.2,61.8 1 1
goldbox-rpg/pkg/server/openapi_validator.go:65.67,71.16 4 1
goldbox-rpg/pkg/server/openapi_validator.go:71.16,74.3 1 1
goldbox-rpg/pkg/server/openapi_validator.go:77.2,84.101 2 1
goldbox-rpg/pkg/server/openapi_validator.go:84.101,86.3 1 1
goldbox-rpg/pkg/server/openapi_validator.go:88.2,88.12 1 1
goldbox-rpg/pkg/server/openapi_validator.go:92.89,98.16 4 0
goldbox-rpg/pkg/server/openapi_validator.go:98.16,101.3 1 0
goldbox-rpg/pkg/server/openapi_validator.go:104.2,115.103 2 0
goldbox-rpg/pkg/server/openapi_validator.go:115.103,117.3 1 0
goldbox-rpg/pkg/server/openapi_validator.go:119.2,119.12 1 0
goldbox-rpg/pkg/server/openapi_validator.go:123.81,124.71 1 1
goldbox-rpg/pkg/server/openapi_validator.go:124.71,128.46 2 1
goldbox-rpg/pkg/server/openapi_validator.go:128.46,138.4 3 1
goldbox-rpg/pkg/server/openapi_validator.go:141.3,141.23 1 1
goldbox-rpg/pkg/server/process.go:30.67,31.56 1 1
goldbox-rpg/pkg/server/process.go:31.56,33.3 1 1
goldbox-rpg/pkg/server/process.go:35.2,35.21 1 1
goldbox-rpg/pkg/server/process.go:36.33,37.47 1 1
goldbox-rpg/pkg/server/process.go:38.31,39.48 1 1
goldbox-rpg/pkg/server/process.go:40.52,41.49 1 1
goldbox-rpg/pkg/server/process.go:42.10,48.64 2 1
goldbox-rpg/pkg/server/process.go:53.70,54.19 1 1
goldbox-rpg/pkg/server/process.go:54.19,59.3 2 1
goldbox-rpg/pkg/server/process.go:60.2,60.12 1 1
goldbox-rpg/pkg/server/process.go:64.76,66.16 2 1
goldbox-rpg/pkg/server/process.go:66.16,73.3 1 1
goldbox-rpg/pkg/server/process.go:74.2,74.12 1 1
goldbox-rpg/pkg/server/process.go:78.77,80.16 2 1
goldbox-rpg/pkg/server/process.go:80.16,87.3 1 1
goldbox-rpg/pkg/server/process.go:88.2,88.12 1 1
goldbox-rpg/pkg/server/process.go:92.78,94.16 2 1
goldbox-rpg/pkg/server/process.go:94.16,101.3 1 1
goldbox-rpg/pkg/server/process.go:102.2,102.12 1 1
goldbox-rpg/pkg/server/process.go:122.69,129.13 4 1
goldbox-rpg/pkg/server/process.go:129.13,132.3 2 1
goldbox-rpg/pkg/server/process.go:134.2,134.46 1 1
goldbox-rpg/pkg/server/process.go:134.46,137.18 3 1
goldbox-rpg/pkg/server/process.go:137.18,143.4 2 0
goldbox-rpg/pkg/server/process.go:143.9,149.4 1 1
goldbox-rpg/pkg/server/process.go:150.3,150.13 1 1
goldbox-rpg/pkg/server/process.go:153.2,154.51 2 0
goldbox-rpg/pkg/server/process.go:192.67,199.13 4 1
goldbox-rpg/pkg/server/process.go:199.13,202.3 2 1
goldbox-rpg/pkg/server/process.go:204.2,204.46 1 1
goldbox-rpg/pkg/server/process.go:204.46,215.3 5 1
goldbox-rpg/pkg/server/process.go:217.2,218.46 2 0
goldbox-rpg/pkg/server/process.go:254.67,261.13 4 1
goldbox-rpg/pkg/server/process.go:261.13,264.3 2 1
goldbox-rpg/pkg/server/process.go:266.2,266.46 1 1
goldbox-rpg/pkg/server/process.go:266.46,275.30 3 1
goldbox-rpg/pkg/server/process.go:276.19,277.30 1 1
goldbox-rpg/pkg/server/process.go:278.20,279.31 1 0
goldbox-rpg/pkg/server/process.go:280.23,281.34 1 0
goldbox-rpg/pkg/server/process.go:282.23,283.34 1 0
goldbox-rpg/pkg/server/process.go:284.17,285.28 1 0
goldbox-rpg/pkg/server/process.go:286.19,287.30 1 0
goldbox-rpg/pkg/server/process.go:288.11,290.67 2 0
goldbox-rpg/pkg/server/process.go:292.3,292.13 1 1
goldbox-rpg/pkg/server/process.go:295.2,296.57 2 0
goldbox-rpg/pkg/server/profiling.go:25.66,52.2 13 1
goldbox-rpg/pkg/server/profiling.go:55.62,56.24 1 0
goldbox-rpg/pkg/server/profiling.go:56.24,59.3 2 0
goldbox-rpg/pkg/server/profiling.go:61.2,68.35 3 0
goldbox-rpg/pkg/server/profiling.go:72.64,73.24 1 1
goldbox-rpg/pkg/server/profiling.go:73.24,75.3 1 0
goldbox-rpg/pkg/server/profiling.go:77.2,78.32 2 1
goldbox-rpg/pkg/server/profiling.go:89.90,95.2 1 1
goldbox-rpg/pkg/server/profiling.go:98.39,104.6 4 1
goldbox-rpg/pkg/server/profiling.go:104.6,105.10 1 1
goldbox-rpg/pkg/server/profiling.go:106.19,107.23 1 0
goldbox-rpg/pkg/server/profiling.go:108.22,110.10 2 1
goldbox-rpg/pkg/server/profiling.go:116.38,118.2 1 1
goldbox-rpg/pkg/server/profiling.go:121.48,133.2 4 1
goldbox-rpg/pkg/server/ratelimit.go:51.54,68.2 4 1
goldbox-rpg/pkg/server/ratelimit.go:78.46,83.13 4 1
goldbox-rpg/pkg/server/ratelimit.go:83.13,90.3 2 1
goldbox-rpg/pkg/server/ratelimit.go:90.8,93.3 1 1
goldbox-rpg/pkg/server/ratelimit.go:95.2,95.30 1 1
goldbox-rpg/pkg/server/ratelimit.go:100.38,104.6 3 1
goldbox-rpg/pkg/server/ratelimit.go:104.6,105.10 1 1
goldbox-rpg/pkg/server/ratelimit.go:106.24,107.10 1 1
goldbox-rpg/pkg/server/ratelimit.go:108.19,109.16 1 1
goldbox-rpg/pkg/server/ratelimit.go:115.34,122.37 5 1
goldbox-rpg/pkg/server/ratelimit.go:122.37,123.44 1 1
goldbox-rpg/pkg/server/ratelimit.go:123.44,126.4 2 1
goldbox-rpg/pkg/server/ratelimit.go:129.2,129.17 1 1
goldbox-rpg/pkg/server/ratelimit.go:129.17,134.3 1 1
goldbox-rpg/pkg/server/ratelimit.go:138.32,139.22 1 1
goldbox-rpg/pkg/server/ratelimit.go:139.22,141.3 1 1
goldbox-rpg/pkg/server/ratelimit.go:150.52,157.2 3 1
goldbox-rpg/pkg/server/ratelimit.go:167.87,168.46 1 1
goldbox-rpg/pkg/server/ratelimit.go:168.46,169.72 1 1
goldbox-rpg/pkg/server/ratelimit.go:169.72,171.26 1 1
goldbox-rpg/pkg/server/ratelimit.go:171.26,174.5 2 1
goldbox-rpg/pkg/server/ratelimit.go:177.4,180.36 2 1
goldbox-rpg/pkg/server/ratelimit.go:180.36,194.5 5 1
goldbox-rpg/pkg/server/ratelimit.go:197.4,197.24 1 1
goldbox-rpg/pkg/server/server.go:44.39,46.2 1 1
goldbox-rpg/pkg/server/server.go:49.80,55.2 1 1
goldbox-rpg/pkg/server/server.go:149.104,151.16 2 1
goldbox-rpg/pkg/server/server.go:151.16,154.3 2 0
goldbox-rpg/pkg/server/server.go:156.2,157.28 2 1
goldbox-rpg/pkg/server/server.go:161.79,163.16 2 1
goldbox-rpg/pkg/server/server.go:163.16,166.3 2 0
goldbox-rpg/pkg/server/server.go:168.2,169.54 2 1
goldbox-rpg/pkg/server/server.go:169.54,171.55 2 1
goldbox-rpg/pkg/server/server.go:171.55,178.4 2 0
goldbox-rpg/pkg/server/server.go:181.2,182.50 2 1
goldbox-rpg/pkg/server/server.go:182.50,185.3 2 0
goldbox-rpg/pkg/server/server.go:187.2,188.26 2 1
goldbox-rpg/pkg/server/server.go:192.69,197.96 4 1
goldbox-rpg/pkg/server/server.go:197.96,200.3 2 0
goldbox-rpg/pkg/server/server.go:202.2,203.94 2 1
goldbox-rpg/pkg/server/server.go:203.94,206.3 2 0
goldbox-rpg/pkg/server/server.go:208.2,209.100 2 1
goldbox-rpg/pkg/server/server.go:209.100,212.3 2 0
goldbox-rpg/pkg/server/server.go:214.2,215.94 2 1
goldbox-rpg/pkg/server/server.go:215.94,218.3 2 0
goldbox-rpg/pkg/server/server.go:220.2,220.63 1 1
goldbox-rpg/pkg/server/server.go:220.63,223.3 2 0
goldbox-rpg/pkg/server/server.go:225.2,226.24 2 1
goldbox-rpg/pkg/server/server.go:230.172,255.2 3 1
goldbox-rpg/pkg/server/server.go:258.76,269.25 6 1
goldbox-rpg/pkg/server/server.go:269.25,274.3 4 1
goldbox-rpg/pkg/server/server.go:278.95,282.26 3 1
goldbox-rpg/pkg/server/server.go:282.26,289.3 2 1
goldbox-rpg/pkg/server/server.go:289.8,291.3 1 1
goldbox-rpg/pkg/server/server.go:295.74,299.16 3 1
goldbox-rpg/pkg/server/server.go:299.16,305.3 2 1
goldbox-rpg/pkg/server/server.go:307.2,308.83 2 0
goldbox-rpg/pkg/server/server.go:312.95,317.16 3 1
goldbox-rpg/pkg/server/server.go:317.16,319.3 1 0
goldbox-rpg/pkg/server/server.go:321.2,324.68 2 1
goldbox-rpg/pkg/server/server.go:324.68,326.3 1 0
goldbox-rpg/pkg/server/server.go:326.8,328.3 1 1
goldbox-rpg/pkg/server/server.go:330.2,330.12 1 1
goldbox-rpg/pkg/server/server.go:334.102,338.16 3 1
goldbox-rpg/pkg/server/server.go:338.16,340.3 1 0
goldbox-rpg/pkg/server/server.go:342.2,345.16 3 1
goldbox-rpg/pkg/server/server.go:345.16,348.3 2 0
goldbox-rpg/pkg/server/server.go:350.2,351.47 2 1
goldbox-rpg/pkg/server/server.go:351.47,359.33 2 0
goldbox-rpg/pkg/server/server.go:359.33,364.31 4 0
goldbox-rpg/pkg/server/server.go:364.31,368.5 3 0
goldbox-rpg/pkg/server/server.go:368.10,373.5 1 0
goldbox-rpg/pkg/server/server.go:377.2,378.12 2 1
goldbox-rpg/pkg/server/server.go:382.81,386.12 3 1
goldbox-rpg/pkg/server/server.go:386.12,392.7 4 1
goldbox-rpg/pkg/server/server.go:392.7,393.11 1 1
goldbox-rpg/pkg/server/server.go:394.22,396.11 2 0
goldbox-rpg/pkg/server/server.go:397.20,398.69 1 0
goldbox-rpg/pkg/server/server.go:398.69,400.6 1 0
goldbox-rpg/pkg/server/server.go:400.11,402.6 1 0
goldbox-rpg/pkg/server/server.go:409.91,413.12 3 1
goldbox-rpg/pkg/server/server.go:413.12,419.7 4 1
goldbox-rpg/pkg/server/server.go:419.7,420.11 1 1
goldbox-rpg/pkg/server/server.go:421.22,423.11 2 0
goldbox-rpg/pkg/server/server.go:424.20,425.52 1 0
goldbox-rpg/pkg/server/server.go:425.52,427.6 1 0
goldbox-rpg/pkg/server/server.go:427.11,429.6 1 0
goldbox-rpg/pkg/server/server.go:436.45,440.27 3 0
goldbox-rpg/pkg/server/server.go:440.27,442.3 1 0
goldbox-rpg/pkg/server/server.go:444.2,445.45 2 0
goldbox-rpg/pkg/server/server.go:445.45,453.28 2 0
goldbox-rpg/pkg/server/server.go:453.28,456.4 2 0
goldbox-rpg/pkg/server/server.go:458.3,458.36 1 0
goldbox-rpg/pkg/server/server.go:461.2,461.49 1 0
goldbox-rpg/pkg/server/server.go:522.54,530.16 4 1
goldbox-rpg/pkg/server/server.go:530.16,532.3 1 0
goldbox-rpg/pkg/server/server.go:534.2,535.16 2 1
goldbox-rpg/pkg/server/server.go:535.16,537.3 1 0
goldbox-rpg/pkg/server/server.go:539.2,540.16 2 1
goldbox-rpg/pkg/server/server.go:540.16,542.3 1 0
goldbox-rpg/pkg/server/server.go:544.2,547.27 2 1
goldbox-rpg/pkg/server/server.go:547.27,548.68 1 1
goldbox-rpg/pkg/server/server.go:548.68,550.4 1 0
goldbox-rpg/pkg/server/server.go:554.2,554.34 1 1
goldbox-rpg/pkg/server/server.go:554.34,555.75 1 1
goldbox-rpg/pkg/server/server.go:555.75,557.4 1 0
goldbox-rpg/pkg/server/server.go:560.2,564.31 4 1
goldbox-rpg/pkg/server/server.go:564.31,566.3 1 1
goldbox-rpg/pkg/server/server.go:567.2,567.31 1 1
goldbox-rpg/pkg/server/server.go:567.31,569.3 1 1
goldbox-rpg/pkg/server/server.go:571.2,574.27 2 1
goldbox-rpg/pkg/server/server.go:574.27,576.3 1 1
goldbox-rpg/pkg/server/server.go:579.2,579.34 1 1
goldbox-rpg/pkg/server/server.go:579.34,581.3 1 1
goldbox-rpg/pkg/server/server.go:583.2,585.20 3 1
goldbox-rpg/pkg/server/server.go:593.39,597.24 2 0
goldbox-rpg/pkg/server/server.go:597.24,598.57 1 0
goldbox-rpg/pkg/server/server.go:598.57,600.4 1 0
goldbox-rpg/pkg/server/server.go:601.3,601.47 1 0
goldbox-rpg/pkg/server/server.go:605.2,605.27 1 0
goldbox-rpg/pkg/server/server.go:605.27,606.45 1 0
goldbox-rpg/pkg/server/server.go:606.45,608.4 1 0
goldbox-rpg/pkg/server/server.go:609.3,609.45 1 0
goldbox-rpg/pkg/server/server.go:613.2,613.29 1 0
goldbox-rpg/pkg/server/server.go:613.29,615.3 1 0
goldbox-rpg/pkg/server/server.go:618.2,618.35 1 0
goldbox-rpg/pkg/server/server.go:618.35,620.3 1 0
goldbox-rpg/pkg/server/server.go:622.2,622.12 1 0
goldbox-rpg/pkg/server/server.go:658.71,668.2 2 1
goldbox-rpg/pkg/server/server.go:671.81,672.31 1 1
goldbox-rpg/pkg/server/server.go:672.31,675.3 1 1
goldbox-rpg/pkg/server/server.go:676.2,676.54 1 0
goldbox-rpg/pkg/server/server.go:681.81,682.26 1 1
goldbox-rpg/pkg/server/server.go:682.26,684.3 1 1
goldbox-rpg/pkg/server/server.go:686.2,687.36 2 1
goldbox-rpg/pkg/server/server.go:687.36,700.3 5 1
goldbox-rpg/pkg/server/server.go:701.2,701.13 1 1
goldbox-rpg/pkg/server/server.go:706.95,707.20 1 1
goldbox-rpg/pkg/server/server.go:708.17,709.33 1 1
goldbox-rpg/pkg/server/server.go:709.33,714.4 3 1
goldbox-rpg/pkg/server/server.go:715.16,716.33 1 1
goldbox-rpg/pkg/server/server.go:716.33,719.4 2 1
goldbox-rpg/pkg/server/server.go:720.15,721.33 1 1
goldbox-rpg/pkg/server/server.go:721.33,724.4 2 1
goldbox-rpg/pkg/server/server.go:725.18,726.33 1 1
goldbox-rpg/pkg/server/server.go:726.33,729.4 2 1
goldbox-rpg/pkg/server/server.go:731.2,731.14 1 1
goldbox-rpg/pkg/server/server.go:736.91,737.59 1 1
goldbox-rpg/pkg/server/server.go:737.59,739.3 1 0
goldbox-rpg/pkg/server/server.go:741.2,741.34 1 1
goldbox-rpg/pkg/server/server.go:741.34,744.3 2 0
goldbox-rpg/pkg/server/server.go:746.2,746.63 1 1
goldbox-rpg/pkg/server/server.go:746.63,751.3 3 1
goldbox-rpg/pkg/server/server.go:753.2,753.14 1 1
goldbox-rpg/pkg/server/server.go:758.88,759.20 1 1
goldbox-rpg/pkg/server/server.go:760.33,761.33 1 0
goldbox-rpg/pkg/server/server.go:761.33,764.4 2 0
goldbox-rpg/pkg/server/server.go:765.27,766.33 1 0
goldbox-rpg/pkg/server/server.go:766.33,769.4 2 0
goldbox-rpg/pkg/server/server.go:771.2,771.14 1 1
goldbox-rpg/pkg/server/server.go:775.85,785.29 3 1
goldbox-rpg/pkg/server/server.go:785.29,787.3 1 1
goldbox-rpg/pkg/server/server.go:790.2,790.42 1 1
goldbox-rpg/pkg/server/server.go:790.42,792.3 1 1
goldbox-rpg/pkg/server/server.go:795.2,795.38 1 1
goldbox-rpg/pkg/server/server.go:795.38,797.3 1 1
goldbox-rpg/pkg/server/server.go:800.2,800.35 1 1
goldbox-rpg/pkg/server/server.go:800.35,802.3 1 0
goldbox-rpg/pkg/server/server.go:805.2,806.32 2 1
goldbox-rpg/pkg/server/server.go:810.75,820.16 4 1
goldbox-rpg/pkg/server/server.go:820.16,822.3 1 0
goldbox-rpg/pkg/server/server.go:824.2,824.43 1 1
goldbox-rpg/pkg/server/server.go:824.43,826.3 1 1
goldbox-rpg/pkg/server/server.go:828.2,829.16 2 1
goldbox-rpg/pkg/server/server.go:829.16,832.3 2 0
goldbox-rpg/pkg/server/server.go:834.2,834.69 1 1
goldbox-rpg/pkg/server/server.go:834.69,837.3 2 1
goldbox-rpg/pkg/server/server.go:839.2,840.35 2 1
goldbox-rpg/pkg/server/server.go:844.126,846.16 2 1
goldbox-rpg/pkg/server/server.go:846.16,850.3 3 0
goldbox-rpg/pkg/server/server.go:851.2,854.32 3 1
goldbox-rpg/pkg/server/server.go:858.110,859.44 1 1
goldbox-rpg/pkg/server/server.go:859.44,862.3 2 1
goldbox-rpg/pkg/server/server.go:864.2,864.33 1 1
goldbox-rpg/pkg/server/server.go:864.33,868.3 3 1
goldbox-rpg/pkg/server/server.go:870.2,870.14 1 1
goldbox-rpg/pkg/server/server.go:882.105,884.61 2 1
goldbox-rpg/pkg/server/server.go:884.61,891.3 2 0
goldbox-rpg/pkg/server/server.go:892.2,892.18 1 1
goldbox-rpg/pkg/server/server.go:896.93,897.26 1 1
goldbox-rpg/pkg/server/server.go:897.26,904.3 2 1
goldbox-rpg/pkg/server/server.go:906.2,906.22 1 1
goldbox-rpg/pkg/server/server.go:906.22,913.3 2 0
goldbox-rpg/pkg/server/server.go:915.2,915.12 1 1
goldbox-rpg/pkg/server/server.go:919.95,920.47 1 1
goldbox-rpg/pkg/server/server.go:920.47,922.3 1 1
goldbox-rpg/pkg/server/server.go:922.8,924.3 1 1
goldbox-rpg/pkg/server/server.go:928.104,935.16 3 1
goldbox-rpg/pkg/server/server.go:935.16,939.3 3 1
goldbox-rpg/pkg/server/server.go:941.2,941.34 1 0
goldbox-rpg/pkg/server/server.go:963.97,972.21 4 1
goldbox-rpg/pkg/server/server.go:972.21,973.66 1 1
goldbox-rpg/pkg/server/server.go:973.66,975.4 1 0
goldbox-rpg/pkg/server/server.go:979.2,980.101 2 1
goldbox-rpg/pkg/server/server.go:980.101,982.3 1 1
goldbox-rpg/pkg/server/server.go:985.2,986.13 2 1
goldbox-rpg/pkg/server/server.go:986.13,990.3 3 0
goldbox-rpg/pkg/server/server.go:992.2,994.16 3 1
goldbox-rpg/pkg/server/server.go:994.16,997.3 2 1
goldbox-rpg/pkg/server/server.go:999.2,1000.20 2 1
goldbox-rpg/pkg/server/server.go:1004.46,1069.2 60 1
goldbox-rpg/pkg/server/server.go:1086.67,1103.60 5 0
goldbox-rpg/pkg/server/server.go:1103.60,1106.3 2 0
goldbox-rpg/pkg/server/server.go:1108.2,1109.39 2 0
goldbox-rpg/pkg/server/server.go:1133.84,1163.60 5 1
goldbox-rpg/pkg/server/server.go:1163.60,1166.3 2 0
goldbox-rpg/pkg/server/server.go:1168.2,1171.36 2 1
goldbox-rpg/pkg/server/server.go:1183.28,1185.2 1 1
goldbox-rpg/pkg/server/server.go:1200.57,1204.24 2 1
goldbox-rpg/pkg/server/server.go:1204.24,1205.51 1 1
goldbox-rpg/pkg/server/server.go:1205.51,1207.4 1 0
goldbox-rpg/pkg/server/server.go:1211.2,1213.20 2 1
goldbox-rpg/pkg/server/server.go:1232.56,1250.75 6 0
goldbox-rpg/pkg/server/server.go:1250.75,1253.3 2 0
goldbox-rpg/pkg/server/server.go:1255.2,1256.12 2 0
goldbox-rpg/pkg/server/server.go:1261.66,1262.71 1 1
goldbox-rpg/pkg/server/server.go:1262.71,1263.16 1 1
goldbox-rpg/pkg/server/server.go:1263.16,1264.36 1 1
goldbox-rpg/pkg/server/server.go:1264.36,1267.28 2 0
goldbox-rpg/pkg/server/server.go:1267.28,1269.6 1 0
goldbox-rpg/pkg/server/server.go:1271.5,1286.7 3 0
goldbox-rpg/pkg/server/server.go:1289.3,1289.23 1 1
goldbox-rpg/pkg/server/server.go:1295.88,1296.46 1 1
goldbox-rpg/pkg/server/server.go:1296.46,1297.72 1 1
goldbox-rpg/pkg/server/server.go:1297.72,1302.4 3 1
goldbox-rpg/pkg/server/server.go:1308.35,1313.26 3 1
goldbox-rpg/pkg/server/server.go:1313.26,1316.3 2 1
goldbox-rpg/pkg/server/server.go:1319.2,1319.26 1 1
goldbox-rpg/pkg/server/server.go:1319.26,1322.3 2 1
goldbox-rpg/pkg/server/server.go:1325.2,1325.26 1 1
goldbox-rpg/pkg/server/server.go:1325.26,1328.3 2 1
goldbox-rpg/pkg/server/server.go:1331.2,1331.26 1 1
goldbox-rpg/pkg/server/server.go:1331.26,1334.3 2 1
goldbox-rpg/pkg/server/server.go:1336.2,1337.12 2 1
goldbox-rpg/pkg/server/session.go:11.13,14.2 1 1
goldbox-rpg/pkg/server/session.go:27.67,33.50 2 1
goldbox-rpg/pkg/server/session.go:33.50,39.3 2 1
goldbox-rpg/pkg/server/session.go:41.2,41.9 1 1
goldbox-rpg/pkg/server/session.go:42.38,49.14 2 1
goldbox-rpg/pkg/server/session.go:50.40,57.15 2 1
goldbox-rpg/pkg/server/session.go:86.104,96.16 5 1
goldbox-rpg/pkg/server/session.go:96.16,97.58 1 1
goldbox-rpg/pkg/server/session.go:97.58,105.4 4 1
goldbox-rpg/pkg/server/session.go:106.3,109.49 1 1
goldbox-rpg/pkg/server/session.go:112.2,123.22 5 1
goldbox-rpg/pkg/server/session.go:123.22,125.3 1 1
goldbox-rpg/pkg/server/session.go:128.2,145.21 4 1
goldbox-rpg/pkg/server/session.go:218.43,232.12 4 1
goldbox-rpg/pkg/server/session.go:232.12,233.16 1 1
goldbox-rpg/pkg/server/session.go:233.16,234.32 1 1
goldbox-rpg/pkg/server/session.go:234.32,240.5 1 0
goldbox-rpg/pkg/server/session.go:243.3,243.7 1 1
goldbox-rpg/pkg/server/session.go:243.7,244.11 1 1
goldbox-rpg/pkg/server/session.go:245.20,250.31 2 0
goldbox-rpg/pkg/server/session.go:251.18,257.11 3 1
goldbox-rpg/pkg/server/session.go:262.2,265.41 1 1
goldbox-rpg/pkg/server/session.go:268.46,281.38 7 1
goldbox-rpg/pkg/server/session.go:281.38,283.36 2 1
goldbox-rpg/pkg/server/session.go:283.36,285.25 1 1
goldbox-rpg/pkg/server/session.go:285.25,293.13 2 1
goldbox-rpg/pkg/server/session.go:296.4,304.29 2 1
goldbox-rpg/pkg/server/session.go:304.29,305.50 1 0
goldbox-rpg/pkg/server/session.go:305.50,312.6 1 0
goldbox-rpg/pkg/server/session.go:315.4,320.24 4 1
goldbox-rpg/pkg/server/session.go:320.24,322.5 1 0
goldbox-rpg/pkg/server/session.go:326.2,332.44 1 1
goldbox-rpg/pkg/server/session.go:336.73,347.12 5 1
goldbox-rpg/pkg/server/session.go:347.12,355.3 2 1
goldbox-rpg/pkg/server/session.go:355.8,362.3 1 1
goldbox-rpg/pkg/server/session.go:364.2,371.24 2 1
goldbox-rpg/pkg/server/session.go:375.74,393.2 5 0
goldbox-rpg/pkg/server/session.go:396.60,402.20 2 1
goldbox-rpg/pkg/server/session.go:402.20,409.3 2 1
goldbox-rpg/pkg/server/session.go:409.8,414.3 1 0
goldbox-rpg/pkg/server/session.go:416.2,419.36 1 1
goldbox-rpg/pkg/server/spell.go:32.135,35.66 2 1
goldbox-rpg/pkg/server/spell.go:35.66,38.3 2 1
goldbox-rpg/pkg/server/spell.go:40.2,43.16 3 1
goldbox-rpg/pkg/server/spell.go:43.16,45.3 1 0
goldbox-rpg/pkg/server/spell.go:47.2,47.20 1 1
goldbox-rpg/pkg/server/spell.go:51.96,58.2 1 1
goldbox-rpg/pkg/server/spell.go:61.92,63.2 1 1
goldbox-rpg/pkg/server/spell.go:66.56,71.2 1 1
goldbox-rpg/pkg/server/spell.go:74.65,79.2 1 1
goldbox-rpg/pkg/server/spell.go:82.140,83.22 1 1
goldbox-rpg/pkg/server/spell.go:84.28,85.58 1 1
goldbox-rpg/pkg/server/spell.go:86.30,87.60 1 1
goldbox-rpg/pkg/server/spell.go:88.27,89.52 1 1
goldbox-rpg/pkg/server/spell.go:90.10,95.56 2 1
goldbox-rpg/pkg/server/spell.go:100.56,105.2 1 0
goldbox-rpg/pkg/server/spells.go:11.96,18.19 2 1
goldbox-rpg/pkg/server/spells.go:19.28,21.40 1 1
goldbox-rpg/pkg/server/spells.go:21.40,27.4 2 0
goldbox-rpg/pkg/server/spells.go:28.3,28.14 1 1
goldbox-rpg/pkg/server/spells.go:30.29,32.40 1 1
goldbox-rpg/pkg/server/spells.go:32.40,38.4 2 0
goldbox-rpg/pkg/server/spells.go:39.3,39.14 1 1
goldbox-rpg/pkg/server/spells.go:41.30,43.41 1 1
goldbox-rpg/pkg/server/spells.go:43.41,44.37 1 1
goldbox-rpg/pkg/server/spells.go:44.37,49.5 2 1
goldbox-rpg/pkg/server/spells.go:51.3,55.15 2 1
goldbox-rpg/pkg/server/spells.go:57.10,62.15 2 0
goldbox-rpg/pkg/server/spells.go:66.85,74.32 2 1
goldbox-rpg/pkg/server/spells.go:74.32,81.3 2 1
goldbox-rpg/pkg/server/spells.go:84.2,84.45 1 1
goldbox-rpg/pkg/server/spells.go:84.45,85.46 1 1
goldbox-rpg/pkg/server/spells.go:85.46,91.4 2 1
goldbox-rpg/pkg/server/spells.go:94.2,97.12 2 1
goldbox-rpg/pkg/server/spells.go:101.121,108.16 4 1
goldbox-rpg/pkg/server/spells.go:108.16,110.3 1 0
goldbox-rpg/pkg/server/spells.go:112.2,113.16 2 1
goldbox-rpg/pkg/server/spells.go:113.16,115.3 1 0
goldbox-rpg/pkg/server/spells.go:118.2,118.33 1 1
goldbox-rpg/pkg/server/spells.go:118.33,120.17 2 1
goldbox-rpg/pkg/server/spells.go:120.17,122.4 1 0
goldbox-rpg/pkg/server/spells.go:125.2,136.20 3 1
goldbox-rpg/pkg/server/spells.go:140.101,147.2 1 1
goldbox-rpg/pkg/server/spells.go:150.119,152.16 2 1
goldbox-rpg/pkg/server/spells.go:152.16,155.3 2 0
goldbox-rpg/pkg/server/spells.go:156.2,159.22 4 1
goldbox-rpg/pkg/server/spells.go:159.22,161.3 1 1
goldbox-rpg/pkg/server/spells.go:162.2,162.73 1 1
goldbox-rpg/pkg/server/spells.go:162.73,165.3 2 0
goldbox-rpg/pkg/server/spells.go:166.2,166.38 1 1
goldbox-rpg/pkg/server/spells.go:170.120,172.16 2 1
goldbox-rpg/pkg/server/spells.go:172.16,175.3 2 0
goldbox-rpg/pkg/server/spells.go:176.2,178.63 3 1
goldbox-rpg/pkg/server/spells.go:178.63,181.3 2 0
goldbox-rpg/pkg/server/spells.go:182.2,182.39 1 1
goldbox-rpg/pkg/server/spells.go:186.121,189.72 3 1
goldbox-rpg/pkg/server/spells.go:189.72,192.3 2 0
goldbox-rpg/pkg/server/spells.go:193.2,193.32 1 1
goldbox-rpg/pkg/server/spells.go:202.26,217.23 2 1
goldbox-rpg/pkg/server/spells.go:217.23,219.3 1 1
goldbox-rpg/pkg/server/spells.go:220.2,220.24 1 1
goldbox-rpg/pkg/server/spells.go:220.24,222.3 1 1
goldbox-rpg/pkg/server/spells.go:223.2,223.15 1 1
goldbox-rpg/pkg/server/spells.go:227.98,235.2 1 1
goldbox-rpg/pkg/server/spells.go:237.123,257.2 4 1
goldbox-rpg/pkg/server/spells.go:259.122,279.2 4 1
goldbox-rpg/pkg/server/spells.go:281.119,301.2 4 1
goldbox-rpg/pkg/server/spells.go:304.70,310.21 3 1
goldbox-rpg/pkg/server/spells.go:310.21,312.3 1 1
goldbox-rpg/pkg/server/spells.go:315.2,317.45 2 1
goldbox-rpg/pkg/server/spells.go:321.61,322.18 1 1
goldbox-rpg/pkg/server/spells.go:323.18,325.37 1 1
goldbox-rpg/pkg/server/spells.go:326.24,328.37 1 1
goldbox-rpg/pkg/server/spells.go:329.23,331.41 1 1
goldbox-rpg/pkg/server/spells.go:332.10,334.47 1 1
goldbox-rpg/pkg/server/spells.go:339.62,340.18 1 1
goldbox-rpg/pkg/server/spells.go:341.14,343.37 1 1
goldbox-rpg/pkg/server/spells.go:344.21,346.37 1 1
goldbox-rpg/pkg/server/spells.go:347.22,349.37 1 1
goldbox-rpg/pkg/server/spells.go:350.10,352.47 1 1
goldbox-rpg/pkg/server/spells.go:357.41,367.34 2 1
goldbox-rpg/pkg/server/spells.go:367.34,375.3 2 1
goldbox-rpg/pkg/server/spells.go:377.2,378.31 2 1
goldbox-rpg/pkg/server/spells.go:378.31,388.3 3 1
goldbox-rpg/pkg/server/spells.go:390.2,399.14 2 1
goldbox-rpg/pkg/server/spells.go:403.92,414.37 3 1
goldbox-rpg/pkg/server/spells.go:414.37,415.41 1 0
goldbox-rpg/pkg/server/spells.go:415.41,428.17 5 0
goldbox-rpg/pkg/server/spells.go:428.17,437.5 2 0
goldbox-rpg/pkg/server/spells.go:439.4,457.14 4 0
goldbox-rpg/pkg/server/spells.go:460.2,479.12 4 1
goldbox-rpg/pkg/server/spells.go:483.75,493.37 3 1
goldbox-rpg/pkg/server/spells.go:493.37,494.41 1 0
goldbox-rpg/pkg/server/spells.go:494.41,508.21 6 0
goldbox-rpg/pkg/server/spells.go:508.21,519.5 2 0
goldbox-rpg/pkg/server/spells.go:521.4,539.14 4 0
goldbox-rpg/pkg/server/spells.go:542.2,560.12 4 1
goldbox-rpg/pkg/server/state.go:56.56,57.45 1 1
goldbox-rpg/pkg/server/state.go:57.45,59.3 1 1
goldbox-rpg/pkg/server/state.go:61.2,65.26 3 1
goldbox-rpg/pkg/server/state.go:65.26,67.3 1 1
goldbox-rpg/pkg/server/state.go:70.2,70.34 1 1
goldbox-rpg/pkg/server/state.go:70.34,72.3 1 1
goldbox-rpg/pkg/server/state.go:75.2,75.64 1 1
goldbox-rpg/pkg/server/state.go:79.56,81.52 1 1
goldbox-rpg/pkg/server/state.go:81.52,82.55 1 1
goldbox-rpg/pkg/server/state.go:82.55,83.63 1 1
goldbox-rpg/pkg/server/state.go:83.63,85.5 1 1
goldbox-rpg/pkg/server/state.go:90.2,112.39 14 1
goldbox-rpg/pkg/server/state.go:112.39,114.3 1 0
goldbox-rpg/pkg/server/state.go:115.2,124.14 6 1
goldbox-rpg/pkg/server/state.go:127.39,131.22 1 1
goldbox-rpg/pkg/server/state.go:131.22,133.3 1 1
goldbox-rpg/pkg/server/state.go:134.2,134.12 1 1
goldbox-rpg/pkg/server/state.go:138.72,150.15 9 0
goldbox-rpg/pkg/server/state.go:150.15,155.3 4 0
goldbox-rpg/pkg/server/state.go:158.2,158.27 1 0
goldbox-rpg/pkg/server/state.go:158.27,160.3 1 0
goldbox-rpg/pkg/server/state.go:163.2,164.12 2 0
goldbox-rpg/pkg/server/state.go:164.12,166.3 1 0
goldbox-rpg/pkg/server/state.go:168.2,168.9 1 0
goldbox-rpg/pkg/server/state.go:169.21,170.17 1 0
goldbox-rpg/pkg/server/state.go:170.17,173.4 2 0
goldbox-rpg/pkg/server/state.go:174.37,176.40 2 0
goldbox-rpg/pkg/server/state.go:179.2,183.12 3 0
goldbox-rpg/pkg/server/state.go:186.45,187.52 1 0
goldbox-rpg/pkg/server/state.go:187.52,196.3 6 0
goldbox-rpg/pkg/server/state.go:196.8,198.3 1 0
goldbox-rpg/pkg/server/state.go:201.73,202.54 1 0
goldbox-rpg/pkg/server/state.go:202.54,204.3 1 0
goldbox-rpg/pkg/server/state.go:206.2,206.53 1 0
goldbox-rpg/pkg/server/state.go:206.53,208.3 1 0
goldbox-rpg/pkg/server/state.go:210.2,210.53 1 0
goldbox-rpg/pkg/server/state.go:210.53,212.3 1 0
goldbox-rpg/pkg/server/state.go:214.2,214.56 1 0
goldbox-rpg/pkg/server/state.go:214.56,216.3 1 0
goldbox-rpg/pkg/server/state.go:218.2,218.12 1 0
goldbox-rpg/pkg/server/state.go:222.78,224.9 2 0
goldbox-rpg/pkg/server/state.go:224.9,226.3 1 0
goldbox-rpg/pkg/server/state.go:228.2,228.59 1 0
goldbox-rpg/pkg/server/state.go:228.59,230.3 1 0
goldbox-rpg/pkg/server/state.go:232.2,232.12 1 0
goldbox-rpg/pkg/server/state.go:236.77,238.9 2 0
goldbox-rpg/pkg/server/state.go:238.9,240.3 1 0
goldbox-rpg/pkg/server/state.go:242.2,243.9 2 0
goldbox-rpg/pkg/server/state.go:243.9,245.3 1 0
goldbox-rpg/pkg/server/state.go:247.2,247.58 1 0
goldbox-rpg/pkg/server/state.go:247.58,249.3 1 0
goldbox-rpg/pkg/server/state.go:251.2,251.12 1 0
goldbox-rpg/pkg/server/state.go:255.77,257.9 2 0
goldbox-rpg/pkg/server/state.go:257.9,259.3 1 0
goldbox-rpg/pkg/server/state.go:261.2,261.59 1 0
goldbox-rpg/pkg/server/state.go:261.59,263.3 1 0
goldbox-rpg/pkg/server/state.go:265.2,265.12 1 0
goldbox-rpg/pkg/server/state.go:269.80,271.9 2 0
goldbox-rpg/pkg/server/state.go:271.9,273.3 1 0
goldbox-rpg/pkg/server/state.go:275.2,275.41 1 0
goldbox-rpg/pkg/server/state.go:275.41,276.60 1 0
goldbox-rpg/pkg/server/state.go:276.60,278.4 1 0
goldbox-rpg/pkg/server/state.go:281.2,281.12 1 0
goldbox-rpg/pkg/server/state.go:285.79,287.13 2 0
goldbox-rpg/pkg/server/state.go:287.13,289.3 1 0
goldbox-rpg/pkg/server/state.go:291.2,292.9 2 0
goldbox-rpg/pkg/server/state.go:292.9,294.3 1 0
goldbox-rpg/pkg/server/state.go:296.2,296.50 1 0
goldbox-rpg/pkg/server/state.go:296.50,298.3 1 0
goldbox-rpg/pkg/server/state.go:300.2,300.12 1 0
goldbox-rpg/pkg/server/state.go:303.43,321.39 3 0
goldbox-rpg/pkg/server/state.go:321.39,323.3 1 0
goldbox-rpg/pkg/server/state.go:325.2,325.17 1 0
goldbox-rpg/pkg/server/state.go:349.58,352.42 2 1
goldbox-rpg/pkg/server/state.go:352.42,363.3 3 0
goldbox-rpg/pkg/server/state.go:364.2,373.3 1 1
goldbox-rpg/pkg/server/state.go:432.36,455.2 4 1
goldbox-rpg/pkg/server/state.go:468.9,478.57 4 1
goldbox-rpg/pkg/server/state.go:478.57,480.3 1 0
goldbox-rpg/pkg/server/state.go:482.2,487.12 2 1
goldbox-rpg/pkg/server/state.go:502.9,511.37 4 1
goldbox-rpg/pkg/server/state.go:511.37,514.3 2 1
goldbox-rpg/pkg/server/state.go:517.2,517.57 1 1
goldbox-rpg/pkg/server/state.go:517.57,519.3 1 0
goldbox-rpg/pkg/server/state.go:522.2,522.85 1 1
goldbox-rpg/pkg/server/state.go:522.85,523.36 1 0
goldbox-rpg/pkg/server/state.go:523.36,526.4 2 0
goldbox-rpg/pkg/server/state.go:527.3,527.31 1 0
goldbox-rpg/pkg/server/state.go:527.31,529.4 1 0
goldbox-rpg/pkg/server/state.go:530.3,530.32 1 0
goldbox-rpg/pkg/server/state.go:530.32,532.4 1 0
goldbox-rpg/pkg/server/state.go:533.3,537.62 1 0
goldbox-rpg/pkg/server/state.go:540.2,545.12 2 1
goldbox-rpg/pkg/server/swagger.go:15.76,17.16 2 0
goldbox-rpg/pkg/server/swagger.go:17.16,20.3 2 0
goldbox-rpg/pkg/server/swagger.go:22.2,29.46 3 0
goldbox-rpg/pkg/server/swagger.go:29.46,31.3 1 0
goldbox-rpg/pkg/server/swagger.go:35.78,40.53 2 0
goldbox-rpg/pkg/server/swagger.go:40.53,43.3 2 0
goldbox-rpg/pkg/server/swagger.go:46.2,48.32 3 0
goldbox-rpg/pkg/server/timeout.go:36.58,38.22 2 1
goldbox-rpg/pkg/server/timeout.go:38.22,47.3 1 1
goldbox-rpg/pkg/server/timeout.go:47.8,57.3 1 1
goldbox-rpg/pkg/server/timeout.go:59.2,65.3 1 1
goldbox-rpg/pkg/server/timeout.go:69.134,74.21 3 1
goldbox-rpg/pkg/server/timeout.go:74.21,78.3 2 1
goldbox-rpg/pkg/server/timeout.go:78.8,81.3 1 1
goldbox-rpg/pkg/server/timeout.go:85.118,87.2 1 1
goldbox-rpg/pkg/server/timeout.go:90.146,93.2 2 1
goldbox-rpg/pkg/server/timeout.go:96.45,108.2 2 1
goldbox-rpg/pkg/server/timeout.go:111.43,112.37 1 1
goldbox-rpg/pkg/server/timeout.go:112.37,114.3 1 1
goldbox-rpg/pkg/server/timeout.go:116.2,116.37 1 1
goldbox-rpg/pkg/server/timeout.go:116.37,118.3 1 1
goldbox-rpg/pkg/server/timeout.go:120.2,120.21 1 1
goldbox-rpg/pkg/server/timeout.go:120.21,121.37 1 1
goldbox-rpg/pkg/server/timeout.go:121.37,123.4 1 1
goldbox-rpg/pkg/server/timeout.go:125.3,125.38 1 1
goldbox-rpg/pkg/server/timeout.go:125.38,127.4 1 0
goldbox-rpg/pkg/server/timeout.go:129.3,129.60 1 1
goldbox-rpg/pkg/server/timeout.go:129.60,131.4 1 0
goldbox-rpg/pkg/server/timeout.go:134.2,134.12 1 1
goldbox-rpg/pkg/server/timeout.go:141.50,144.49 2 1
goldbox-rpg/pkg/server/timeout.go:144.49,146.3 1 1
goldbox-rpg/pkg/server/timeout.go:148.2,151.12 3 1
goldbox-rpg/pkg/server/timeout.go:155.40,157.2 1 1
goldbox-rpg/pkg/server/timeout.go:160.114,161.32 1 1
goldbox-rpg/pkg/server/timeout.go:161.32,166.3 3 1
goldbox-rpg/pkg/server/timeout.go:168.2,168.72 1 1
goldbox-rpg/pkg/server/timeout.go:172.98,173.32 1 1
goldbox-rpg/pkg/server/timeout.go:173.32,176.3 1 1
goldbox-rpg/pkg/server/timeout.go:178.2,178.70 1 1
goldbox-rpg/pkg/server/tracing.go:20.57,26.2 1 1
goldbox-rpg/pkg/server/tracing.go:31.51,32.60 1 1
goldbox-rpg/pkg/server/tracing.go:32.60,34.3 1 1
goldbox-rpg/pkg/server/tracing.go:36.2,36.49 1 1
goldbox-rpg/pkg/server/tracing.go:40.76,42.2 1 1
goldbox-rpg/pkg/server/tracing.go:45.98,50.66 3 1
goldbox-rpg/pkg/server/tracing.go:50.66,52.3 1 1
goldbox-rpg/pkg/server/tracing.go:53.2,53.58 1 1
goldbox-rpg/pkg/server/tracing.go:53.58,55.3 1 1
goldbox-rpg/pkg/server/tracing.go:57.2,57.47 1 1
goldbox-rpg/pkg/server/tracing.go:61.83,78.16 7 1
goldbox-rpg/pkg/server/tracing.go:78.16,81.3 2 1
goldbox-rpg/pkg/server/tracing.go:81.8,83.3 1 1
goldbox-rpg/pkg/server/tracing.go:85.2,85.12 1 1
goldbox-rpg/pkg/server/tracing.go:89.78,93.31 3 1
goldbox-rpg/pkg/server/tracing.go:93.31,95.3 1 1
goldbox-rpg/pkg/server/tracing.go:96.2,96.27 1 1
goldbox-rpg/pkg/server/tracing.go:96.27,98.3 1 1
goldbox-rpg/pkg/server/tracing.go:100.2,100.21 1 1
goldbox-rpg/pkg/server/tracing.go:100.21,102.3 1 1
goldbox-rpg/pkg/server/tracing.go:103.2,103.15 1 1
goldbox-rpg/pkg/server/tracing.go:107.68,111.16 3 1
goldbox-rpg/pkg/server/tracing.go:111.16,117.3 2 1
goldbox-rpg/pkg/server/types.go:90.72,91.14 1 1
goldbox-rpg/pkg/server/types.go:91.14,93.3 1 1
goldbox-rpg/pkg/server/types.go:95.2,95.36 1 1
goldbox-rpg/pkg/server/types.go:95.36,96.14 1 1
goldbox-rpg/pkg/server/types.go:97.17,98.60 1 1
goldbox-rpg/pkg/server/types.go:98.60,100.5 1 1
goldbox-rpg/pkg/server/types.go:101.20,102.41 1 1
goldbox-rpg/pkg/server/types.go:102.41,104.5 1 1
goldbox-rpg/pkg/server/types.go:105.21,106.46 1 1
goldbox-rpg/pkg/server/types.go:106.46,108.5 1 1
goldbox-rpg/pkg/server/types.go:109.20,110.43 1 1
goldbox-rpg/pkg/server/types.go:110.43,112.5 1 1
goldbox-rpg/pkg/server/types.go:116.2,116.12 1 1
goldbox-rpg/pkg/server/types.go:120.48,121.14 1 1
goldbox-rpg/pkg/server/types.go:121.14,123.3 1 1
goldbox-rpg/pkg/server/types.go:125.2,135.14 2 1
goldbox-rpg/pkg/server/types.go:139.50,151.2 1 1
goldbox-rpg/pkg/server/types.go:154.34,156.2 1 1
goldbox-rpg/pkg/server/types.go:159.35,161.2 1 1
goldbox-rpg/pkg/server/types.go:164.40,166.2 1 1
goldbox-rpg/pkg/server/types.go:171.47,172.24 1 1
goldbox-rpg/pkg/server/types.go:172.24,173.27 1 1
goldbox-rpg/pkg/server/types.go:173.27,175.4 1 1
goldbox-rpg/pkg/server/util.go:32.68,45.34 5 1
goldbox-rpg/pkg/server/util.go:45.34,47.60 2 0
goldbox-rpg/pkg/server/util.go:47.60,48.45 1 0
goldbox-rpg/pkg/server/util.go:48.45,60.5 4 0
goldbox-rpg/pkg/server/util.go:60.10,67.5 3 0
goldbox-rpg/pkg/server/util.go:68.9,70.4 1 0
goldbox-rpg/pkg/server/util.go:73.2,73.40 1 1
goldbox-rpg/pkg/server/util.go:73.40,75.3 1 0
goldbox-rpg/pkg/server/util.go:77.2,78.29 2 1
goldbox-rpg/pkg/server/util.go:78.29,80.3 1 0
goldbox-rpg/pkg/server/util.go:82.2,83.15 2 1
goldbox-rpg/pkg/server/util.go:100.78,112.49 6 0
goldbox-rpg/pkg/server/util.go:112.49,114.45 2 0
goldbox-rpg/pkg/server/util.go:114.45,120.4 2 0
goldbox-rpg/pkg/server/util.go:123.2,124.23 2 0
goldbox-rpg/pkg/server/util.go:142.74,149.63 3 0
goldbox-rpg/pkg/server/util.go:149.63,153.3 3 0
goldbox-rpg/pkg/server/util.go:154.2,155.12 2 0
goldbox-rpg/pkg/server/util.go:175.78,182.37 3 0
goldbox-rpg/pkg/server/util.go:182.37,185.3 2 0
goldbox-rpg/pkg/server/util.go:187.2,200.14 3 0
goldbox-rpg/pkg/server/util.go:217.65,225.52 4 0
goldbox-rpg/pkg/server/util.go:225.52,227.60 2 0
goldbox-rpg/pkg/server/util.go:227.60,228.49 1 0
goldbox-rpg/pkg/server/util.go:228.49,230.31 2 0
goldbox-rpg/pkg/server/util.go:230.31,233.43 3 0
goldbox-rpg/pkg/server/util.go:233.43,235.7 1 0
goldbox-rpg/pkg/server/util.go:236.11,238.6 1 0
goldbox-rpg/pkg/server/util.go:239.10,241.5 1 0
goldbox-rpg/pkg/server/util.go:242.9,244.4 1 0
goldbox-rpg/pkg/server/util.go:247.2,248.16 2 0
goldbox-rpg/pkg/server/util.go:266.68,286.2 8 0
goldbox-rpg/pkg/server/util.go:303.70,310.53 3 1
goldbox-rpg/pkg/server/util.go:310.53,314.34 3 1
goldbox-rpg/pkg/server/util.go:314.34,316.67 2 0
goldbox-rpg/pkg/server/util.go:316.67,319.5 2 0
goldbox-rpg/pkg/server/util.go:319.10,321.5 1 0
goldbox-rpg/pkg/server/util.go:323.8,325.3 1 0
goldbox-rpg/pkg/server/util.go:337.39,352.2 8 0
goldbox-rpg/pkg/server/util.go:382.59,393.2 5 1
goldbox-rpg/pkg/server/util.go:409.65,416.24 3 1
goldbox-rpg/pkg/server/util.go:416.24,417.30 1 1
goldbox-rpg/pkg/server/util.go:417.30,420.4 2 1
goldbox-rpg/pkg/server/util.go:423.2,424.12 2 1
goldbox-rpg/pkg/server/util.go:441.73,448.27 3 1
goldbox-rpg/pkg/server/util.go:448.27,449.32 1 1
goldbox-rpg/pkg/server/util.go:449.32,452.4 2 1
goldbox-rpg/pkg/server/util.go:455.2,456.12 2 1
goldbox-rpg/pkg/server/util.go:496.43,507.50 4 1
goldbox-rpg/pkg/server/util.go:507.50,510.3 2 1
goldbox-rpg/pkg/server/util.go:512.2,513.20 2 1
goldbox-rpg/pkg/server/util.go:513.20,516.3 2 1
goldbox-rpg/pkg/server/util.go:519.2,520.22 2 1
goldbox-rpg/pkg/server/util.go:520.22,523.17 3 1
goldbox-rpg/pkg/server/util.go:523.17,526.4 2 1
goldbox-rpg/pkg/server/util.go:529.2,530.16 2 1
goldbox-rpg/pkg/server/util.go:530.16,533.3 2 1
goldbox-rpg/pkg/server/util.go:535.2,536.22 2 1
goldbox-rpg/pkg/server/util.go:536.22,539.17 3 1
goldbox-rpg/pkg/server/util.go:539.17,542.4 2 1
goldbox-rpg/pkg/server/util.go:546.2,556.15 4 1
goldbox-rpg/pkg/server/util.go:570.24,578.11 3 1
goldbox-rpg/pkg/server/util.go:578.11,581.3 2 1
goldbox-rpg/pkg/server/util.go:582.2,583.10 2 1
goldbox-rpg/pkg/server/util.go:601.44,616.45 5 1
goldbox-rpg/pkg/server/util.go:616.45,617.23 1 1
goldbox-rpg/pkg/server/util.go:617.23,620.4 2 1
goldbox-rpg/pkg/server/util.go:622.2,623.14 2 1
goldbox-rpg/pkg/server/websocket.go:33.51,36.26 2 1
goldbox-rpg/pkg/server/websocket.go:36.26,37.26 1 1
goldbox-rpg/pkg/server/websocket.go:37.26,39.4 1 1
goldbox-rpg/pkg/server/websocket.go:39.9,39.38 1 1
goldbox-rpg/pkg/server/websocket.go:39.38,41.4 1 1
goldbox-rpg/pkg/server/websocket.go:41.9,43.4 1 1
goldbox-rpg/pkg/server/websocket.go:47.2,57.15 8 1
goldbox-rpg/pkg/server/websocket.go:73.50,75.19 2 1
goldbox-rpg/pkg/server/websocket.go:75.19,77.58 1 1
goldbox-rpg/pkg/server/websocket.go:77.58,79.4 1 1
goldbox-rpg/pkg/server/websocket.go:83.3,86.20 4 1
goldbox-rpg/pkg/server/websocket.go:86.20,88.32 2 0
goldbox-rpg/pkg/server/websocket.go:88.32,90.5 1 0
goldbox-rpg/pkg/server/websocket.go:92.3,93.20 2 1
goldbox-rpg/pkg/server/websocket.go:93.20,95.32 2 0
goldbox-rpg/pkg/server/websocket.go:95.32,98.5 1 0
goldbox-rpg/pkg/server/websocket.go:100.3,101.42 2 1
goldbox-rpg/pkg/server/websocket.go:101.42,104.4 2 1
goldbox-rpg/pkg/server/websocket.go:106.3,106.15 1 1
goldbox-rpg/pkg/server/websocket.go:108.2,108.36 1 1
goldbox-rpg/pkg/server/websocket.go:120.82,121.41 1 1
goldbox-rpg/pkg/server/websocket.go:121.41,122.43 1 1
goldbox-rpg/pkg/server/websocket.go:122.43,124.4 1 1
goldbox-rpg/pkg/server/websocket.go:126.2,126.14 1 1
goldbox-rpg/pkg/server/websocket.go:142.52,146.43 1 1
goldbox-rpg/pkg/server/websocket.go:146.43,150.49 2 1
goldbox-rpg/pkg/server/websocket.go:150.49,156.5 2 1
goldbox-rpg/pkg/server/websocket.go:159.4,162.16 3 1
goldbox-rpg/pkg/server/websocket.go:162.16,168.5 1 1
goldbox-rpg/pkg/server/websocket.go:168.10,174.5 1 1
goldbox-rpg/pkg/server/websocket.go:176.4,176.18 1 1
goldbox-rpg/pkg/server/websocket.go:179.2,179.18 1 1
goldbox-rpg/pkg/server/websocket.go:225.54,231.2 1 1
goldbox-rpg/pkg/server/websocket.go:242.62,251.2 1 1
goldbox-rpg/pkg/server/websocket.go:271.77,276.23 3 1
goldbox-rpg/pkg/server/websocket.go:276.23,280.3 3 0
goldbox-rpg/pkg/server/websocket.go:282.2,283.27 2 1
goldbox-rpg/pkg/server/websocket.go:283.27,287.3 3 0
goldbox-rpg/pkg/server/websocket.go:289.2,290.16 2 1
goldbox-rpg/pkg/server/websocket.go:290.16,292.3 1 1
goldbox-rpg/pkg/server/websocket.go:293.2,293.15 1 0
goldbox-rpg/pkg/server/websocket.go:293.15,297.3 3 0
goldbox-rpg/pkg/server/websocket.go:299.2,299.65 1 0
goldbox-rpg/pkg/server/websocket.go:299.65,301.3 1 0
goldbox-rpg/pkg/server/websocket.go:303.2,307.50 4 0
goldbox-rpg/pkg/server/websocket.go:311.104,313.16 2 1
goldbox-rpg/pkg/server/websocket.go:313.16,316.3 2 1
goldbox-rpg/pkg/server/websocket.go:317.2,317.18 1 0
goldbox-rpg/pkg/server/websocket.go:321.97,330.56 2 0
goldbox-rpg/pkg/server/websocket.go:330.56,333.3 2 0
goldbox-rpg/pkg/server/websocket.go:334.2,334.12 1 0
goldbox-rpg/pkg/server/websocket.go:338.113,339.6 1 0
goldbox-rpg/pkg/server/websocket.go:339.6,341.45 2 0
goldbox-rpg/pkg/server/websocket.go:341.45,342.9 1 0
goldbox-rpg/pkg/server/websocket.go:345.3,345.79 1 0
goldbox-rpg/pkg/server/websocket.go:345.79,346.9 1 0
goldbox-rpg/pkg/server/websocket.go:352.135,356.16 3 0
goldbox-rpg/pkg/server/websocket.go:356.16,360.3 3 0
goldbox-rpg/pkg/server/websocket.go:362.2,363.16 2 0
goldbox-rpg/pkg/server/websocket.go:363.16,367.3 3 0
goldbox-rpg/pkg/server/websocket.go:369.2,369.68 1 0
goldbox-rpg/pkg/server/websocket.go:369.68,372.3 2 0
goldbox-rpg/pkg/server/websocket.go:373.2,373.12 1 0
goldbox-rpg/pkg/server/websocket.go:377.113,378.19 1 0
goldbox-rpg/pkg/server/websocket.go:378.19,380.3 1 0
goldbox-rpg/pkg/server/websocket.go:381.2,382.15 2 0
goldbox-rpg/pkg/server/websocket.go:396.92,398.9 2 0
goldbox-rpg/pkg/server/websocket.go:398.9,400.3 1 0
goldbox-rpg/pkg/server/websocket.go:402.2,402.38 1 0
goldbox-rpg/pkg/server/websocket.go:420.82,440.56 6 0
goldbox-rpg/pkg/server/websocket.go:440.56,442.3 1 0
goldbox-rpg/pkg/server/websocket.go:442.8,444.3 1 0
goldbox-rpg/pkg/server/websocket.go:464.103,497.56 6 0
goldbox-rpg/pkg/server/websocket.go:497.56,499.3 1 0
goldbox-rpg/pkg/server/websocket.go:499.8,501.3 1 0
goldbox-rpg/pkg/server/websocket.go:522.80,523.21 1 1
goldbox-rpg/pkg/server/websocket.go:523.21,525.3 1 1
goldbox-rpg/pkg/server/websocket.go:527.2,529.13 3 1
goldbox-rpg/pkg/server/websocket.go:529.13,532.3 2 1
goldbox-rpg/pkg/server/websocket.go:535.2,539.21 4 1
goldbox-rpg/pkg/server/websocket.go:591.71,597.2 1 1
goldbox-rpg/pkg/server/websocket.go:608.41,612.15 3 1
goldbox-rpg/pkg/server/websocket.go:612.15,614.3 1 0
goldbox-rpg/pkg/server/websocket.go:617.2,628.39 10 1
goldbox-rpg/pkg/server/websocket.go:628.39,630.3 1 1
goldbox-rpg/pkg/server/websocket.go:632.2,633.76 2 1
goldbox-rpg/pkg/server/websocket.go:637.40,644.2 5 1
goldbox-rpg/pkg/server/websocket.go:650.67,656.33 5 1
goldbox-rpg/pkg/server/websocket.go:656.33,658.3 1 0
goldbox-rpg/pkg/server/websocket.go:661.2,662.9 2 1
goldbox-rpg/pkg/server/websocket.go:662.9,664.3 1 0
goldbox-rpg/pkg/server/websocket.go:667.2,677.28 2 1
goldbox-rpg/pkg/server/websocket.go:684.69,687.45 3 1
goldbox-rpg/pkg/server/websocket.go:687.45,688.67 1 1
goldbox-rpg/pkg/server/websocket.go:688.67,690.4 1 1
goldbox-rpg/pkg/server/websocket.go:692.2,694.24 2 1
goldbox-rpg/pkg/server/websocket.go:694.24,696.3 1 0
goldbox-rpg/pkg/server/websocket.go:698.2,699.35 2 1
goldbox-rpg/pkg/server/websocket.go:699.35,701.28 1 1
goldbox-rpg/pkg/server/websocket.go:701.28,703.11 1 1
goldbox-rpg/pkg/server/websocket.go:703.11,704.18 1 1
goldbox-rpg/pkg/server/websocket.go:704.18,705.34 1 1
goldbox-rpg/pkg/server/websocket.go:705.34,710.7 1 1
goldbox-rpg/pkg/server/websocket.go:714.5,717.61 3 1
goldbox-rpg/pkg/server/websocket.go:717.61,722.6 1 0
goldbox-rpg/pkg/server/websocket.go:722.11,724.6 1 0
goldbox-rpg/pkg/server/websocket.go:729.2,733.43 1 1
